"text","text_en","cmp_code","eu_code"
"A GREEN INDUSTRIAL REVOLUTION",NA,"H",NA
"11 ECONOMY AND ENERGY",NA,NA,NA
"19TRANSPORT",NA,NA,NA
"22 ENVIRONMENT",NA,NA,NA
"25 ANIMAL WELFARE",NA,NA,NA
"ECONOMY AND ENERGY",NA,"H",NA
"This election is about the crisis of living standards",NA,"503",NA
"and the climate and environmental emergency.",NA,"501",NA
"Whether we are ready or not, we stand on the brink of unstoppable change.",NA,"501",NA
"We must confront this change while dealing with the growing inequality and insecurity in Britain.",NA,"503",NA
"Labour led the UK Parliament in declaring a climate and environmental emergency.",NA,"501",NA
"The next Labour government will lead the world in fighting it, with a plan to drive up living standards by transforming our economy into one low in carbon,",NA,"501",NA
"rich in good jobs,",NA,"701",NA
"radically fairer",NA,"503",NA
"and more democratic.",NA,"202.1",NA
"The climate crisis ties us all into a common fate.",NA,"501",NA
"This election is our best hope to protect future generations from an uninhabitable planet.",NA,"501",NA
"The Intergovernmental Panel on Climate Change has said we need to cut global emissions in half by 2030 to have a chance of keeping global heating within safe limits – that means acting now, and acting decisively.",NA,"501",NA
"The Tories wasted a decade serving the interests of big polluters.",NA,"501",NA
"Labour will use the crucial next decade to act.",NA,"305.1",NA
"The Tories slashed support for renewable energy while pushing through dangerous fracking.",NA,"416.2",NA
"Now Britain is decades off course on vital emissions targets.",NA,"501",NA
"That’s why Labour will kick-start a Green Industrial Revolution",NA,"416.2",NA
"that will create one million jobs in the UK",NA,"701",NA
"to transform our industry, energy, transport, agriculture and our buildings",NA,"411",NA
",    while restoring nature.",NA,"501",NA
"Our Green New Deal aims to achieve the substantial majority of our emissions reductions by 2030 in a way that is evidence-based,",NA,"416.2",NA
"just and that delivers an economy that serves the interests of the many, not the few.",NA,"503",NA
"Just as the original Industrial Revolution brought industry, jobs and pride to our towns, Labour’s world-leading Green Industrial Revolution will rebuild them,",NA,"416.2",NA
"with more rewarding, well-paid jobs,",NA,"701",NA
"lower energy bills",NA,"503",NA
"and whole new industries to revive parts of our country that have been neglected for too long.",NA,"410",NA
"For some, industrial transition has become a byword for devastation, because successive Conservative governments were content to sit back and leave the fate of whole industries and communities at the mercy of market forces.",NA,"403",NA
"A Labour government will never let that happen.",NA,"403",NA
"We will work in partnership with the workforce and their trade unions in every sector of our economy, so that they lead the transition in their industries,",NA,"701",NA
"creating new, good-quality jobs",NA,"701",NA
"and making sure that their extensive skills are passed on to the next generation of workers.",NA,"701",NA
"We will show the world how prioritising sustainability will not only deliver immediate improvements to everyone’s lives but also offer humanity a pathway to a more equitable and enlightened economy:",NA,"416.2",NA
"one that protects our environment,",NA,"501",NA
"reins in corporate power,",NA,"403",NA
"revitalises democracy,",NA,"202.1",NA
"unites our communities,",NA,"606.1",NA
"builds international solidarity",NA,"107",NA
"and promises a better quality of life for all.",NA,"503",NA
"The scale of the challenge requires nothing less.",NA,"416.2",NA
"Tackling the destruction of our planet is a question of justice – for the communities at home and abroad who are most affected by it and for our children who will bear the consequences if we don’t.",NA,"503",NA
"Social justice will define Labour’s approach.",NA,"503",NA
"We will make sure that the costs of the green transition fall fairly and are mostly borne by the wealthy and those most responsible for the problem.",NA,"503",NA
"2019 saw the blossoming of a global movement calling on politicians to wake up and act on the climate and environmental emergency.",NA,"501",NA
"Labour welcomed that movement and, as a government in waiting, we have turned its demands into detailed, credible plans for real change.",NA,"501",NA
"Investment",NA,"H",NA
"Delivering the far-reaching change needed to tackle the climate and environmental emergency will require a full mobilisation of national resources, both public and private.",NA,"405",NA
"Labour will create a Sustainable Investment Board to bring together the Chancellor, Business Secretary and Bank of England Governor to oversee, co-ordinate and bring forward this investment – involving trade unions and business.",NA,"405",NA
"We will ask the Office for Budget Responsibility to incorporate climate and environmental impacts into its forecasts so that the cost of not acting will be factored into every fiscal decision.",NA,"416.2",NA
"The cost of not acting is far greater than the cost of acting.",NA,"416.2",NA
"We will launch a National Transformation Fund of £400 billion",NA,"416.2",NA
"and rewrite the Treasury’s investment rules to guarantee that every penny spent is compatible with our climate and environmental targets –",NA,"416.2",NA
"and that the costs of not acting are fully accounted for too.",NA,"416.2",NA
"Of this, £250 billion will directly fund the transition through a Green Transformation Fund dedicated to renewable and low-carbon energy and transport,",NA,"416.2",NA
"biodiversity and environmental restoration.",NA,"501",NA
"We will create a National Investment Bank, backed up by a network of Regional Development Banks, to provide £250 billion of lending for enterprise,",NA,"402",NA
"infrastructure and innovation over 10 years.",NA,"411",NA
"They will be mandated to lend in line with our mission to decarbonise our economy",NA,"416.2",NA
"while increasing productivity",NA,"410",NA
"and creating good jobs across the country.",NA,"701",NA
"As well as large-scale national and regional projects, smaller loans will be available through our new Post Bank based in Post Office branches, enabling thousands of bottom-up transformational changes by start-ups, small businesses, local co-operatives and community projects in towns and villages up and down the country.",NA,"402",NA
"We will make sure that the UK’s financial sector is helping to tackle the emergency rather than fuelling it.",NA,"416.2",NA
"We will do this by improving the fitness of our financial authorities to mobilise green investment",NA,"416.2",NA
"and by giving them powers to manage the risk to financial stability posed by short-sighted investment in polluting assets.",NA,"403",NA
"Just 100 companies globally are responsible for the majority of carbon emissions.",NA,"403",NA
"We won’t be afraid to tackle this wanton corporate destruction by taking on the powerful interests that are causing climate change.",NA,"403",NA
"We will change the criteria a company must meet to be listed on the London Stock Exchange so that any company that fails to contribute to tackling the climate and environmental emergency is delisted.",NA,"403",NA
"Levelling Up Across the Country",NA,"H",NA
"Many parts of Britain would need this investment even without a climate and environmental emergency.",NA,"503",NA
"Years of under-investment and neglect by Westminster have left too many communities feeling powerless",NA,"503",NA
"and too many areas left behind with low- quality jobs,",NA,"701",NA
"weak productivity and slow growth.",NA,"410",NA
"The climate and environmental emergency is a chance to unite the country to face this common challenge by mobilising all our national resources, both financial and human.",NA,"501",NA
"But we will only succeed by ensuring that everyone shares in the benefits.",NA,"503",NA
"Labour will make sure that investment is spread evenly across the whole country and will give powers and funding to every region and nation of the UK.",NA,"301",NA
"We will bring about a radical decentralisation of power in Britain so that local people and communities are given far greater control over their own lives and prospects.",NA,"301",NA
"A Local Transformation Fund in each English region will be used exclusively to fund infrastructure projects decided at a local level,",NA,"411",NA
"as will devolved governments in Wales, Scotland and Northern Ireland.",NA,"411",NA
"Our Regional Development Banks will be governed by boards made up of key local stakeholders such as local chambers of commerce, trade unions and councillors –",NA,"411",NA
"with Scotland, Wales and Northern Ireland empowered to make similar arrangements.",NA,"301",NA
"They will set priorities for lending, giving every region and nation a new and powerful lever to rebuild their economy on their own terms.",NA,"410",NA
"We will shift the political centre of gravity by placing the National Transformation Fund Unit, a key part of the Treasury, in the North of England",NA,"301",NA
"and build up the regional offices of government in each of the nine English regions to co-ordinate government policies at the regional level,",NA,"301",NA
"as well as ensuring a regional voice in Whitehall.",NA,"301",NA
"Energy",NA,"H",NA
"Energy use in buildings accounts for 56% of the UK’s total emissions, making it the single most polluting sector.",NA,"416.2",NA
"We will develop the recommendations of our ‘30 by 2030’ report to put the UK on track for a net-zero-carbon energy system within the 2030s –",NA,"416.2",NA
"and go faster if credible pathways can be found.",NA,"416.2",NA
"We will deliver nearly 90% of electricity and 50% of heat from renewable and low-carbon sources by 2030.",NA,"416.2",NA
"We will build: 7,000 new offshore wind turbines",NA,"416.2",NA
"2,000 new onshore wind turbines",NA,"416.2",NA
"Enough solar panels to cover 22,000 football pitches.",NA,"416.2",NA
"New nuclear power needed for energy security.",NA,"416.2",NA
"We will trial and expand tidal energy and invest to reduce the costs of renewable and low-carbon hydrogen production.",NA,"416.2",NA
"We will upgrade almost all of the UK’s 27 million homes to the highest energy-efficiency standards, .",NA,"416.2",NA
"reducing the average household energy bill by £417 per household per year by 2030 and eliminating fuel poverty",NA,"503",NA
"We will introduce a zero-carbon homes standard for all new homes.",NA,"416.2",NA
"As part of heat decarbonisation, we will roll out technologies like heat pumps, solar hot water and hydrogen,",NA,"416.2",NA
"and invest in district heat networks using waste heat.",NA,"416.2",NA
"To balance the grid, we will expand power storage and invest in grid enhancements and interconnectors.",NA,"411",NA
"We will expand distributed and community energy,",NA,"416.2",NA
"and immediately and permanently ban fracking.",NA,"416.2",NA
"We will support energy workers through transition and guarantee them retraining",NA,"411",NA
"and a new, unionised job on equivalent terms and conditions.",NA,"701",NA
"We will introduce a windfall tax on oil companies, so that the companies that knowingly damaged our climate will help cover the costs.",NA,"416.2",NA
"We will provide a strategy to safeguard the people, jobs and skills that depend on the offshore oil and gas industry.",NA,"701",NA
"Ownership",NA,"H",NA
"We will not achieve the promise of a fair and sustainable economy if we repeat the mistakes of the carbon era, when the capture of a natural resource for private profit created a vastly unequal and polluting economy dominated by powerful vested interests.",NA,"416.2",NA
"It’s not just carbon.",NA,"416.2",NA
"From the depletion of fish stocks to the burning of the Amazon, profit has proved a poor regulator for use of our natural resources.",NA,"416.2",NA
"Whether it is the trillions of litres of water lost through leakages,",NA,"411",NA
"barriers to renewable energy connecting to the grid",NA,"416.2",NA
"or the billions of pounds of bill- payers’ money being siphoned off in dividends to wealthy shareholders,",NA,"503",NA
"Tory privatisation of our utilities has been a disaster for both our planet and our wallets.",NA,"413",NA
"We will put people and planet before profit by bringing our energy and water systems into democratic public ownership.",NA,"413",NA
"In public hands, energy and water will be treated as rights rather than commodities,",NA,"201.2",NA
"with any surplus reinvested or used to reduce bills.",NA,"503",NA
"Communities themselves will decide, because utilities won’t be run from Whitehall but by service-users and workers.",NA,"413",NA
"Public ownership will secure democratic control over nationally strategic infrastructure",NA,"413",NA
"and provide collective stewardship for key natural resources.",NA,"501",NA
"In the case of energy, it will also help deliver Labour’s ambitious emissions targets.",NA,"501",NA
"Whereas private network companies have failed to upgrade the grid at the speed and scale needed,",NA,"411",NA
"publicly owned networks will accelerate and co-ordinate investment to connect renewable and low-carbon energy",NA,"416.2",NA
"while working with energy unions to support energy workers through the transition.",NA,"701",NA
"Under Labour’s plans: A new UK National Energy Agency will own and maintain the national grid infrastructure and oversee the delivery of our decarbonisation targets.",NA,"413",NA
"14 new Regional Energy Agencies will replace the existing district network operators",NA,"301",NA
"and hold statutory responsibility for decarbonising electricity and heat",NA,"416.2",NA
"and reducing fuel poverty.",NA,"503",NA
"The supply arms of the Big Six energy companies will be brought into public ownership where they will continue to supply households with energy",NA,"413",NA
"while helping them to reduce their energy demands.",NA,"416.2",NA
"The Conservatives allowed the proceeds of North Sea oil to be squandered on tax cuts for the richest",NA,"503",NA
"and captured in profits for the few, instead of investing them in our future.",NA,"503",NA
"We now stand at an even greater crossroads in the development of our national economy.",NA,"413",NA
"Under Labour, our green future will be owned by all of us.",NA,"413",NA
"Whenever public money is invested in an energy generation project, the public sector will take a stake and return profits to the public.",NA,"503",NA
"Industry and Innovation",NA,"H",NA
"Averting climate catastrophe offers huge economic opportunities.",NA,"416.2",NA
"But Britain will only benefit from a Green Industrial Revolution with the right policies.",NA,"416.2",NA
"Over the past three decades, Britain has reduced its emissions at the expense of domestic industry by offshoring production.",NA,"416.2",NA
"This is an accounting trick, not a solution.",NA,"416.2",NA
"It does not protect the climate",NA,"501",NA
", is unfair to other countries",NA,"503",NA
"and it damages jobs and communities at home",NA,"416.2",NA
"Labour will take full responsibility for our carbon footprint instead of passing the buck.",NA,"501",NA
"We will instruct the Committee on Climate Change to assess the emissions the UK imports as well as those it produces, and recommend policies to tackle them,",NA,"501",NA
"including making UK industry the greenest in the world.",NA,"501",NA
"The Conservatives have presided over a lost decade of productivity and allowed Britain to fall behind in the green technologies of the future.",NA,"416.2",NA
"Labour will make sure this never happens again.",NA,"416.2",NA
"Targeted science, research and innovation will be crucial to tackling the climate crisis,",NA,"411",NA
"dealing with the plastic waste filling our oceans",NA,"501",NA
"and addressing other societal challenges, such as an ageing population",NA,"706",NA
"and antibiotic resistance.",NA,"504",NA
"As part of our plan to usher in a Green Industrial Revolution, Labour will create an innovation nation, setting a target for 3% of GDP to be spent on research and development (R&D) by 2030.",NA,"411",NA
"We will achieve this target by increasing direct support for R&D",NA,"411",NA
"and reforming the innovation ecosystem to better ‘crowd in’ private investment.",NA,"402",NA
"We will establish a Foundation Industries Sector Council to provide a clean and long-term future for our existing heavy industries like steel and glass",NA,"411",NA
"and fund R&D into newer technologies like hydrogen and carbon capture and storage.",NA,"411",NA
"A thriving steel industry will be vital to the Green Industrial Revolution.",NA,"411",NA
"Labour will support our steel through public procurement,",NA,"413",NA
"taking action on industrial energy prices, exempting new capital from business rates",NA,"402",NA
", investing in R&D,",NA,"411",NA
"building three new steel recycling plants",NA,"411",NA
"and upgrading existing production sites.",NA,"411",NA
"We will ensure that new technologies aren’t just invented here, but are engineered, manufactured and exported from here.",NA,"411",NA
"We will put British innovation at the heart of our procurement to support local sourcing and reshoring, so that every investment we make strengthens our manufacturing and engineering sectors and supply chains",NA,"411",NA
"and creates hundreds of thousands of good, unionised jobs here at home.",NA,"701",NA
"We will use the power of public procurement to strengthen local jobs and supply chains",NA,"701",NA
"and will require all companies bidding for public contracts to recognise trade unions,",NA,"701",NA
"pay suppliers on time",NA,"403",NA
"and demonstrate equalities best practice.",NA,"503",NA
"As we transition, we will ensure the UK’s automotive sector isn’t left behind by the electric revolution by investing in three new gigafactories",NA,"411",NA
"and four metal reprocessing plants.",NA,"411",NA
"By supporting UK-made electrical steel we will ensure robust support for an end to end UK supply chain.",NA,"410",NA
"We’ll also take on the global plastics crisis by investing in a new plastics remanufacturing industry",NA,"416.2",NA
"creating thousands of jobs",NA,"701",NA
", ending exports of plastic waste",NA,"416.2",NA
"and reducing our contribution to ocean pollution.",NA,"416.2",NA
"Labour’s progressive trade strategy will be aligned with our industrial strategy to help develop the industrial base needed to deliver high-quality exports",NA,"410",NA
"and the decent jobs that go with them.",NA,"701",NA
"Labour will champion exports from the environmental goods and services sector,",NA,"410",NA
"building on the 300,000 jobs that the sector already sustains.",NA,"701",NA
"We will uphold the highest environmental and social regulations in all our trade relations,",NA,"416.2",NA
"and will never downgrade standards as ‘barriers’ to trade.",NA,"416.2",NA
"Skills",NA,"H",NA
"Our Green Industrial Revolution will create at least one million well-paid,",NA,"701",NA
"unionised jobs in the UK.",NA,"701",NA
"We will train people in the skills they need to access these jobs of the future.",NA,"411",NA
"Britain’s skills crisis has grown under the Tories.",NA,"411",NA
"The Apprenticeship Levy has been beset by problems, leaving employers paying into a training budget they are unable to spend.",NA,"403",NA
"And it is not delivering for small businesses.",NA,"403",NA
"We cannot afford to carry on like this.",NA,"403",NA
"Labour will make it easier for employers to spend the levy by allowing it to be used for a wider range of accredited training, in line with guidelines set by the Institute for Apprenticeships and Technical Education and government’s wider priorities for the economy.",NA,"411",NA
"We will launch a Climate Apprenticeship programme to enable employers to develop the skills needed to lead the world in clean technology.",NA,"411",NA
"Under this programme, employers will be expected to allocate 25% of the funds in their Apprenticeship Levy accounts to training Climate Apprentices.",NA,"411",NA
"These funds can be spent directly or allocated to a ring-fenced Climate Apprenticeship Fund, which will be topped up with any surplus raised through Inclusive Ownership Funds and made accessible to non- levy-paying businesses.",NA,"411",NA
"Targeted bursaries will be available to women,",NA,"503",NA
"BAME people,",NA,"503",NA
"care leavers,",NA,"503",NA
"ex-armed forces personnel,",NA,"503",NA
"and people with disabilities",NA,"503",NA
"to encourage them to take up climate apprenticeships – the STEM of the future.",NA,"411",NA
"We will further help small businesses by increasing the amount that can be transferred to non-levy-paying employers to 50%",NA,"402",NA
"and introducing an online matching service to help levy-paying businesses find smaller businesses to transfer their funds to.",NA,"402",NA
"TRANSPORT",NA,"H",NA
"Labour will build a sustainable, affordable, accessible and integrated transport system,  founded on the principle that transport is an essential public service.",NA,"411",NA
"Cutting emissions will drive our transport policies.",NA,"416.2",NA
"We will review public expenditure on transport to ensure that it promotes environmental sustainability and contributes to decarbonisation.",NA,"416.2",NA
"Bus services have been devastated by the Conservatives, despite carrying more people than any other mode of public transport.",NA,"411",NA
"Women are especially dependent on buses, which also provide a lifeline for both older and younger people and for many economically disadvantaged groups.",NA,"411",NA
"Labour will ensure that councils can improve bus services by regulating and taking public ownership of bus networks,",NA,"413",NA
"and we will give them resources and full legal powers to achieve this cost-effectively,",NA,"301",NA
"thereby ending the race to the bottom in working conditions for bus workers.",NA,"701",NA
"Where councils take control of their buses, Labour will introduce free bus travel for under-25s.",NA,"503",NA
"We will increase and expand local services, reinstating the 3,000 routes that have been cut, particularly hitting rural communities.",NA,"411",NA
"Labour will deliver improvements for rail passengers by bringing our railways back into public ownership, using options including franchise expiry.",NA,"413",NA
"This will enable us to make fares simpler and more affordable,",NA,"503",NA
"rebuild the fragmented railways as a nationally integrated public service,",NA,"413",NA
"cut the wastage of private profit,",NA,"413",NA
"improve accessibility for disabled people,",NA,"503",NA
"ensure safe staffing levels and end driver-only operation.",NA,"701",NA
"Our publicly owned rail company will steer network planning and investments.",NA,"411",NA
"It will co-ordinate mainline upgrades, resignalling, rolling stock replacement and major projects.",NA,"411",NA
"We will implement a full, rolling programme of electrification.",NA,"411",NA
"Our model will ensure continuity of skills,",NA,"411",NA
"jobs",NA,"701",NA
"and supply chain capacity to reduce costs,",NA,"403",NA
"improve productivity",NA,"410",NA
"and support the economic benefits of Labour’s Green Industrial Revolution.",NA,"416.2",NA
"We will introduce a long-term investment plan including delivering Crossrail for the North as part of improved connectivity across the northern regions.",NA,"411",NA
"We will consult with local communities to reopen branch lines.",NA,"411",NA
"We will also unlock capacity and extend high-speed rail networks nationwide by completing the full HS2 route to Scotland,",NA,"411",NA
"taking full account of the environmental impacts of different route options.",NA,"416.2",NA
"We will deliver rail electrification and expansion across the whole country,",NA,"411",NA
" including in Wales.",NA,"411",NA
"We will ensure that these major infrastructure projects are a model of good employment practice",NA,"701",NA
"and pay due regard to the environmental impact.",NA,"501",NA
"We will promote the use of rail freight in order to reduce carbon emissions, air pollutants and congestion on the roads",NA,"501",NA
"and expand the provision of publicly owned rail freight services.",NA,"413",NA
"We will increase the funding available for cycling and walking.",NA,"416.2",NA
"We will bring together transport and land-use planning to create towns and cities in which walking and cycling are the best choice: safe, accessible, healthy, efficient, economical and pollution- free.",NA,"416.2",NA
"We will help children’s health and well-being by ensuring street designs provide freedom for physically active outdoor play",NA,"504",NA
"and by introducing measures to ensure the zones around our schools are safer, with cleaner air.",NA,"416.2",NA
"Our transport programme is focused on creating better, publicly accessible local transport systems.",NA,"411",NA
"By improving public transport, Labour will help people to become less reliant on their cars, for our better health",NA,"416.2",NA
", for a cleaner environment",NA,"501",NA
"and to improve quality of life in our towns and cities.",NA,"503",NA
"The Conservatives have committed to ending new sales of combustion engine vehicles by 2040.",NA,"501",NA
"Labour will aim for 2030.",NA,"501",NA
"We will position the UK at the forefront of the development and manufacture of ultra-low emission vehicles",NA,"416.2",NA
"and will support their sale.",NA,"416.2",NA
"We will invest in electric vehicle charging infrastructure",NA,"416.2",NA
"and in electric community car clubs.",NA,"416.2",NA
"We will accelerate the transition of our public sector car fleets and our public buses to zero-emissions vehicles.",NA,"416.2",NA
"We will reform taxi and private hire services, including a review of licensing authority jurisdictions, setting national minimum standards of safety and accessibility",NA,"403",NA
"and updating regulations to keep pace with technological change",NA,"411",NA
"and to close loopholes to ensure a level playing field.",NA,"403",NA
"We will adopt an ambitious Vision Zero approach to UK road safety, striving for zero deaths and serious injuries.",NA,"403",NA
"Labour will invest to make our neglected local roads, pavements and cycleways safer for the everyday journeys of both drivers and vulnerable road users.",NA,"411",NA
"We will review all tolled crossings.",NA,"411",NA
"Labour recognises the Davies Commission’s assessment of pressures on airport capacity in the South East.",NA,"411",NA
"Any expansion of airports must pass our tests on air quality,",NA,"416.2",NA
"noise pollution,",NA,"416.2",NA
"climate change obligations",NA,"501",NA
"and countrywide benefits.",NA,"503",NA
"We will examine fiscal and regulatory options to ensure a response to the climate crisis in a way that is fair to consumers",NA,"403",NA
"and protects the economy.",NA,"410",NA
"We will take action to end nationality- based discrimination in seafarer pay.",NA,"503",NA
"ENVIRONMENT",NA,NA,NA
"A Labour government’s Green Industrial Revolution is complemented by our Plan for Nature.",NA,"501",NA
"Our commitments to ecosystem repair and environmental protections",NA,"501",NA
"work hand in hand with sustainable jobs",NA,"701",NA
"and industries,",NA,"416.2",NA
"and social justice.",NA,"503",NA
"We are facing a climate and environment emergency, and unlike the Tories we will not trade our environment in pursuit of reckless trade agreements.",NA,"416.2",NA
"Labour will review and improve protected area designations, from National Parks",NA,"501",NA
"to local nature reserves",NA,"501",NA
"and urban green spaces.",NA,"501",NA
"We will introduce a Climate and Environment Emergency Bill setting out in law robust, binding new standards for decarbonisation,",NA,"501",NA
"nature recovery,",NA,"501",NA
"environmental quality",NA,"501",NA
"and habitats and species protection.",NA,"501",NA
"We will maintain and continuously improve the existing EU standards of environmental regulation.",NA,"501",NA
"A Healthy Environment",NA,"H",NA
"Our polluted air contributes to over 40,000 premature deaths a year",NA,"501",NA
"and poisons our environment,",NA,"501",NA
"with further impacts on children’s health.",NA,"501",NA
"But the Conservatives’ air-quality measures are so inadequate they have been found to be illegal.",NA,"305.1",NA
"Labour will introduce a new Clean Air Act,",NA,"501",NA
"with a vehicle scrappage scheme",NA,"501",NA
"and clean air zones, complying with World Health Organisation limits for fine particles and nitrous oxides.",NA,"501",NA
"We will provide an extra £5.6 billion in funding to improve the standard of flood defences",NA,"501",NA
"and respond to the increased risk of flooding, prioritising areas at risk in North West England, Yorkshire and the East Midlands that have been neglected by Conservative investments.",NA,"501",NA
"Nature Restoration",NA,"H",NA
"Our Plan for Nature will set legally binding targets to drive the restoration of species and habitats.",NA,"501",NA
"We will embark on an ambitious programme of tree planting, with both forestry and native woodland species.",NA,"501",NA
"We will fully fund the Environment Agency and other frontline environment agencies,",NA,"501",NA
"and improve upstream river management.",NA,"501",NA
"We will create new National Parks alongside a revised system of other protected area designations, which will guard existing wildlife sites and join up important habitats,",NA,"501",NA
"while also ensuring more people can enjoy living closer to nature.",NA,"503",NA
"We will establish a new environmental tribunal to ensure that administrative decisions are consistent with environmental and nature-recovery obligations.",NA,"501",NA
"Land",NA,"H",NA
"Land is a public good, but it is not a common asset.",NA,"413",NA
"In 1979, 20% of land was owned by the public sector.",NA,"413",NA
"Today, that has halved.",NA,"413",NA
"Green Belts protect one tenth of our land",NA,"501",NA
"and offer conservation of some of our natural environment.",NA,"501",NA
"Introduced by Labour in 1947 to provide access to the countryside, they are threatened by developments.",NA,"501",NA
"A Labour government will maintain agricultural and rural structural funds but repurpose them to support environmental land management and",NA,"501",NA
"sustainable methods of food production.",NA,"703.1",NA
"We will invest in more county farms to replace those lost,",NA,"703.1",NA
"and will work with agricultural organisations to increase access into farming for new entrants.",NA,"703.1",NA
"Food",NA,"H",NA
"A quarter of all food purchased is wasted every year, equivalent to over 20 million tonnes of greenhouse gas emissions, costing over £20 billion.",NA,"501",NA
"Yet Britain has an epidemic in food- related ill health, obesity, malnutrition and diabetes,",NA,"504",NA
"as well as increased food insecurity – with a boom in food bank use and record levels of hunger.",NA,"503",NA
"Labour will introduce A Right to Food.",NA,"201.2",NA
"We will end ‘food bank Britain’.",NA,"412",NA
"We will ensure everyone has access to healthy, nutritious, sustainably produced food.",NA,"412",NA
"We will halve food bank usage within a year",NA,"412",NA
"and remove the need for them altogether in three years.",NA,"412",NA
"We will establish a National Food Commission and review the Allotments Act.",NA,"412",NA
"We will make food security a reason to intervene in the economy and work with local councils to minimise food waste .",NA,"412",NA
"We will put farmers, fishers, food producers and workers at the heart of our plans for delivering healthy food locally.",NA,"703.1",NA
"We will support local food networks,",NA,"703.1",NA
"expand access to farm holdings",NA,"703.1",NA
"and ensure rights of union representation for all food and agricultural workers.",NA,"701",NA
"We will re-establish an Agricultural Wages Board in England so every part of the UK is covered.",NA,"703.1",NA
"We will set maximum sustainable yields for all shared fish stocks,",NA,"416.2",NA
"redistribute fish quotas along social and environmental criteria",NA,"416.2",NA
"and, if people vote to leave the EU, require the majority of fish caught under a UK quota to be landed in UK ports.",NA,"406",NA
"We aim to achieve net-zero-carbon food production in Britain by 2040.",NA,"416.2",NA
"Waste and Recycling",NA,"H",NA
"Waste, including plastic waste, pollutes our land and seas, killing wildlife and contaminating our food.",NA,"501",NA
"We will make producers responsible for the waste they create and for the full cost of recycling or disposal, encouraging more sustainable design and manufacturing.",NA,"416.2",NA
"In government in Wales, Labour has transformed the position of recycling, placing them in the top five globally for recycling rates.",NA,"416.2",NA
"A UK Labour government will learn from Wales’ example, and will also back bottle-return schemes.",NA,"416.2",NA
"We will invest in three new recyclable steel plants in areas with a proud history of steel manufacturing.",NA,"411",NA
"ANIMAL WELFARE",NA,"H",NA
"The Conservatives will sacrifice animal welfare standards in trade deals with other countries.",NA,"501",NA
"They threaten to bring back fox hunting and are pursuing the ineffective badger cull – the largest destruction of a protected species in living memory.",NA,"501",NA
"Labour has published an ambitious animal welfare manifesto which reiterates our commitments to prohibit foxhunting",NA,"501",NA
"and end the cull of badgers.",NA,"501",NA
"In England, we will introduce an animal welfare commissioner,",NA,"501",NA
"prohibit the sale of snares and glue traps,",NA,"501",NA
"end the badger cull",NA,"501",NA
"and ban the keeping of primates as pets.",NA,"501",NA
"We will work internationally to end commercial whaling,",NA,"501",NA
"ban the importation of hunting trophies of threatened species,",NA,"501",NA
"and boost police resources to tackle rural and wildlife crime.",NA,"605.1",NA
"REBUILD OUR PUBLIC SERVICES",NA,"H",NA
"29FUNDING",NA,NA,NA
"31NHS AND SOCIAL CARE",NA,NA,NA
"37NATIONAL EDUCATION SERVICE",NA,NA,NA
"42 POLICE AND SECURITY",NA,NA,NA
"46JUSTICE",NA,NA,NA
"49COMMUNITIES AND LOCAL GOVERNMENT",NA,NA,NA
"52FIRE AND RESCUE",NA,NA,NA
"53DIGITAL, CULTURE, MEDIA AND SPORT",NA,NA,NA
"FUNDING",NA,"H",NA
"Universal public services, collectively provided through general taxation and free at the point of use for all, are how we guarantee the right to a good life.",NA,"606.1",NA
"Public services do more than make sure everyone has the basics.",NA,"606.1",NA
"They create shared experiences and strengthen social bonds.",NA,"606.1",NA
"They make our lives richer and more fulfilling.",NA,"606.1",NA
"A decade of Tory cuts has pushed our public services to breaking point.",NA,"305.1",NA
"Labour offers real change – we will make Britain’s public services the best and most extensive in the world.",NA,"606.1",NA
"We will pay for this by creating a fairer taxation system, asking for a little more from those with the broadest shoulders,",NA,"503",NA
"and making sure that everyone pays what they owe.",NA,"503",NA
"We will reverse some of the Tories’ cuts to corporation tax while keeping rates lower than in 2010.",NA,"503",NA
"We’ll ask those who earn more than £80,000 a year to pay a little more income tax,",NA,"503",NA
"while freezing National Insurance and income tax rates for everyone else.",NA,"503",NA
"We will end the unfairness that sees income from wealth taxed at lower rates than income from work.",NA,"503",NA
"VAT is a regressive tax that hits the poorest hardest and we guarantee no increases in VAT.",NA,"503",NA
"We will launch the biggest ever crackdown on tax avoidance and evasion",NA,"503",NA
"and reform the inefficient system of tax reliefs",NA,"503",NA
"Public services must also be accountable.",NA,"403",NA
"Labour will end the current presumption in favour of outsourcing public services and introduce a presumption in favour of insourcing.",NA,"413",NA
"And we will stop the public getting ripped off by taking back all PFI contracts over time.",NA,"413",NA
"When services are procured from the private sector, companies will be assessed against best practice public service criteria, including provisions for collective bargaining,",NA,"701",NA
"fair wage clauses,",NA,"701",NA
"adherence to environmentalstandards,",NA,"501",NA
"effective equalities policies,",NA,"503",NA
"full tax compliance",NA,"503",NA
"and application of pay ratios.",NA,"701",NA
"In the public sector, we will enforce maximum pay ratios of 20:1.",NA,"701",NA
"We will repair the damage the Tories have done to our social fabric, with a £150 billion Social Transformation Fund to replace, upgrade and expand our schools,",NA,"506",NA
"hospitals,",NA,"504",NA
"care homes",NA,"504",NA
"and council houses.",NA,"504",NA
"Public buildings will be modernised to ensure a reduction in their carbon footprint.",NA,"411",NA
"Our most valuable assets are the dedicated people who work in our public services, but under this government their pay has been cut in real terms.",NA,"701",NA
"Labour will restore public sector pay to at least pre-financial crisis levels (in real terms), by delivering year-on-year above-inflation pay rises, starting with a 5% increase, to reward and retain the people who do so much for us all.",NA,"701",NA
"NHS AND SOCIAL CARE",NA,"H",NA
"The National Health Service is one of Labour’s proudest achievements.",NA,"504",NA
"The right to free-at- the-point-of-use healthcare, universal and comprehensive in scope, is socialism in action.",NA,"504",NA
"A decade of Tory health cuts and privatisations has pushed our greatest institution to the brink.",NA,"504",NA
"Our hospitals are crumbling, equipment is outdated, IT systems are inadequate and community facilities are neglected.",NA,"504",NA
"There are 100,000 staff vacancies in NHS England, including a shortage of 43,000 nurses.",NA,"504",NA
"There are 15,000 fewer hospital beds.",NA,"504",NA
"Every winter, bed occupancy rates exceed dangerous levels.",NA,"504",NA
"Patients now wait far too long to see their GP, for an ambulance or for treatment.",NA,"504",NA
"Our immediate task is to repair our health services.",NA,"413",NA
"Our urgent priority is to end NHS privatisation.",NA,"413",NA
"Our mission is to create the conditions to prevent illness and enable people to live longer, healthier lives.",NA,"504",NA
"Quality Care for All",NA,"H",NA
"A Labour government will invest in the NHS to give patients the modern, well- resourced services they need.",NA,"504",NA
"We will increase expenditure across the health sector by an average 4.3% a year.",NA,"504",NA
"This investment enables us to end patient charges,",NA,"504",NA
"guarantee the standards of healthcare patients are entitled to receive from NHS England,",NA,"504",NA
"invest in education for the health workforce",NA,"411",NA
"and restore public health grants.",NA,"504",NA
"Our investments mean we deliver the standards of care enshrined in the NHS.",NA,"504",NA
"We will stabilise our overstretched A&E departments.",NA,"504",NA
"We will improve stroke, heart disease and cancer survival rates by providing earlier diagnosis and",NA,"504",NA
"improved screening rates.",NA,"504",NA
"We will call a moratorium on bed cuts.",NA,"504",NA
"Every penny spent on privatisation and outsourcing is a penny less spent on patient care.",NA,"413",NA
"Labour will end and reverse privatisation in the NHS in the next Parliament.",NA,"413",NA
"We will repeal the Health and Social Care Act",NA,"413",NA
"and reinstate the responsibilities of the Secretary of State to provide a comprehensive and universal healthcare system.",NA,"413",NA
"We will end the requirement on health authorities to put services out to competitive tender.",NA,"413",NA
"We will ensure services are delivered in-house and also bring subsidiary companies back in-house.",NA,"413",NA
"We will halt the fire sale of NHS land and assets.",NA,"413",NA
"We will publish an infrastructure plan to return NHS England to the international average level of capital investment",NA,"411",NA
"and to ensure future decisions are transparent and balanced fairly between every region.",NA,"503",NA
"We will complete the confirmed hospital rebuilds",NA,"411",NA
"and invest more in primary care settings,",NA,"504",NA
"modern AI, cyber technology and state-of-the-art medical equipment, including more MRI and CT scanners.",NA,"411",NA
"We will ensure data protection for NHS and patient information, a highly valuable publicly funded resource that can be used for better diagnosis of conditions and for ground-breaking research.",NA,"411",NA
"We will ensure NHS data is not exploited by international technology and pharmaceutical corporations.",NA,"403",NA
"We will uphold the principle of comprehensive healthcare by providing free annual NHS dental check-ups.",NA,"504",NA
"We will guarantee universal healthcare by ensuring women’s and children’s health services are comprehensive,",NA,"504",NA
"by protecting the rights of EU workers, other migrants and refugees",NA,"201.2",NA
"and by ensuring all our services are made accessible to BAME, LGBT+ and disabled patients.",NA,"503",NA
"We will end mixed-sex wards.",NA,"504",NA
"We will ensure our NHS becomes a net- zero-carbon service with an NHS Forest of one million trees,",NA,"416.2",NA
"more efficient heating and insulation systems,",NA,"416.2",NA
"greater reliance on renewable energy, including more solar panelling",NA,"416.2",NA
"and a transition to electric paramedic vehicles, NHS fleet cars and hybrid ambulances.",NA,"416.2",NA
"We will introduce mandatory standards for NHS in-patient food",NA,"504",NA
"and will provide free hospital parking for patients, staff and visitors.",NA,"504",NA
"Joined-up Care",NA,"H",NA
"As medical technologies advance, we will live with a wider array of chronic conditions.",NA,"504",NA
"Health and care must become more joined-up, more accessible, more personal and more preventative",NA,"504",NA
"We will stop Tory plans to further entrench the private sector delivery of health care under the cover of integration plans set out in the NHS Long Term Plan.",NA,"504",NA
"Instead we will join up, integrate and co-ordinate care through public bodies.",NA,"504",NA
"A Labour government will develop a planned model of joined-up community care, enabling people to live longer lives in better health in their own homes.",NA,"504",NA
"We will ensure the voices of local people",NA,"503",NA
"and NHS staff are heard in future developments of the health system.",NA,"701",NA
"We will allocate a greater proportion of overall funding to close-to-home health services",NA,"504",NA
"and build interdisciplinary, patient-focused services across primary care, mental health and social care.",NA,"504",NA
"We will ensure patients in deprived and remote communities will have better access to primary care services.",NA,"504",NA
"We will also ensure those living with long-term conditions can access the care they need.",NA,"504",NA
"To support our transition to community health care services, we will expand GP training places to provide resources for 27 million more appointments each year",NA,"504",NA
"and ensure community pharmacy is supported.",NA,"504",NA
"Mental Health",NA,"H",NA
"A Labour government will provide an additional £1.6 billion a year to ensure new standards for mental health are enshrined in the NHS constitution ensuring access to treatments is on a par with that for physical health conditions",NA,"504",NA
"Our mental health hospitals are not fit for purpose.",NA,"504",NA
"Over 1,000 people with mental health problems face hospital stays in old, dormitory-style  hospital wards,",NA,"504",NA
"while less than one in four A&E departments have the facilities to deal with people experiencing a mental health crisis.",NA,"504",NA
"We will invest £2 billion to modernise hospital facilities",NA,"411",NA
"and end the use of inappropriate, out-of-area placements.",NA,"504",NA
"The legislation for detaining people with learning disabilities and mental illnesses is outdated.",NA,"605.2",NA
"We will implement in full the recommendations set out in the independent review of the Mental Health Act, so that people are given choice, autonomy and the treatment they need.",NA,"504",NA
"We will invest more in eating disorders services",NA,"504",NA
"and ensure NICE guidelines on eating disorders are implemented.",NA,"504",NA
"We will improve access to psychological therapies to ensure they deliver the quality care patients deserve.",NA,"504",NA
"We will ensure provision of 24/7 crisis services.",NA,"504",NA
"Only one in four children and young people are able to receive help from a mental health professional.",NA,"504",NA
"Our £845 million plan for Healthy Young Minds will more than double the annual spending on children and adolescent mental health services.",NA,"504",NA
"We will establish a network of open- access mental health hubs to enable more children to access mental health",NA,"504",NA
"and recruit almost 3,500 qualified counsellors to guarantee every child access to school counsellors.",NA,"504",NA
"Inequalities",NA,"H",NA
"Life expectancy is stalling and infant mortality rates are increasing, especially among those living in our most deprived communities.",NA,"503",NA
"A Labour government will target a reduction in health inequalities with a comprehensive children’s health strategy.",NA,"503",NA
"We will introduce a Future Generations Well-being Act, enshrining health aims in all policies",NA,"503",NA
"and a new duty for NHS agencies to collaborate with directors of public health.",NA,"504",NA
"We will invest more than £1 billion in public health",NA,"504",NA
"and recruit 4,500 more health visitors and school nurses.",NA,"504",NA
"We will increase mandated health visits, ensure new mothers can have access to breastfeeding support",NA,"504",NA
"and introduce mental health assessments in a maternal health check six weeks after birth.",NA,"504",NA
"We will invest in children’s oral health,",NA,"504",NA
"tackle childhood obesity",NA,"504",NA
"and extend the sugar tax to milk drinks.",NA,"403",NA
"We will ban fast-food restaurants near schools",NA,"403",NA
"and enforce stricter rules around the advertising of junk food",NA,"403",NA
"and levels of salt in food.",NA,"403",NA
"We will take actions to significantly reduce infant deaths",NA,"504",NA
"and ensure families who lose a baby receive appropriate bereavement support",NA,"504",NA
"as well as protections at work.",NA,"701",NA
"The re-emergence of measles is an indictment.",NA,"504",NA
"We will urgently put in place a vaccination action plan to regain our measles-free status in WHO listings.",NA,"504",NA
"We will fully fund sexual health services",NA,"504",NA
"and roll out PrEP medication.",NA,"504",NA
"We will address drug-related deaths,",NA,"504",NA
"alcohol-related health problems",NA,"504",NA
"and the adverse impacts of gambling as matters of public health, treated accordingly in expanded addiction- support services.",NA,"504",NA
"Alcoholic drinks will be labelled with clear health warnings.",NA,"403",NA
"We will review the evidence on minimum pricing.",NA,"403",NA
"We will implement a Tobacco Control Plan",NA,"403",NA
"and fund smoking cessation services.",NA,"504",NA
"Workforce",NA,"H",NA
"A Labour government will end the crisis in our health and care services, plan for the future",NA,"504",NA
"and guarantee real-terms pay rises every year.",NA,"701",NA
"Agenda for Change terms and conditions will be put into law alongside safe staffing limits for all staff.",NA,"701",NA
"We will invest, train and develop NHS staff throughout their careers.",NA,"411",NA
"We will introduce a training bursary for nurses, midwives and allied health professionals.",NA,"701",NA
"We will remove the obstacles to ethical international recruitment.",NA,"602.2",NA
"A Labour government will review the tax and pension changes implemented by the Tory government to ensure that the workforce is fairly rewarded .",NA,"701",NA
"and that services are not adversely affected.",NA,"504",NA
"We will provide mental health support for staff",NA,"504",NA
"and create a working environment within the NHS that is safe, flexible and free from harassment, bullying or violence.",NA,"701",NA
"Medicine",NA,"H",NA
"Under a Labour government the NHS will be at the forefront of the development of genomics and cell therapies",NA,"411",NA
"so that patients can benefit from new treatments for cancer and dementia,",NA,"504",NA
"whilst ensuring the UK continues to lead in medical developments.",NA,"411",NA
"The Orkambi cystic fibrosis drug is just the latest example of patients held to ransom by corporations charging extortionate prices for life-saving drugs.",NA,"403",NA
"We will establish a generic drug company.",NA,"403",NA
"If fair prices are rejected for patented drugs we will use the Patents Act provisions, compulsory licences and research exemptions to secure access to generic versions,",NA,"403",NA
"and we will aim to increase the number of pharmaceutical jobs in the UK.",NA,"701",NA
"We will play an active role in the medical innovation model,",NA,"411",NA
"ensuring rewards and incentives match the areas of greatest health need.",NA,"402",NA
"We will ensure that all parts of the NHS, the treatment of patients, the employment of staff and medicine pricing are all fully excluded and protected from any international trade deals.",NA,"406",NA
"We will progress clinically appropriate prescription of medical cannabis.",NA,"605.2",NA
"We will abolish prescription charges in England.",NA,"504",NA
"Social Care",NA,"H",NA
"Social care funding cuts have left 1.5 million older people without the care they need.",NA,"504",NA
"Almost £8 billion has been lost from social care budgets since 2010.",NA,"504",NA
"This is having a profound impact on unpaid carers in this country, with 2.6 million arers quitting their jobs to provide care to family members.",NA,"504",NA
"The current care system is at risk of collapse.",NA,"504",NA
"A Labour government will build a comprehensive National Care Service for England.",NA,"504",NA
"We will provide community-based, person-centred support, underpinned by the principles of ethical care and independent living.",NA,"504",NA
"We will provide free personal care, beginning with investments to ensure that older people have their personal care needs met,",NA,"504",NA
"with the ambition to extend this provision to all working-age adults.",NA,"504",NA
"We will develop eligibility criteria that ensures our service works for everyone, including people with complex conditions like dementia.",NA,"504",NA
"We will ensure no one ever again needs to face catastrophic care costs of more than £100,000 for the care they need in old age, which we will underscore with a lifetime cap on personal contributions to care costs.",NA,"504",NA
"We will also invest in other social care packages to reverse the damage done by Conservative cuts",NA,"504",NA
"and provide additional care packages to support both older people and working-age adults living independently in their own homes.",NA,"504",NA
"Our investments in social care services will enable us to more than double the number of people receiving publicly funded care packages,",NA,"504",NA
"improve the standard of care provided to them",NA,"504",NA
"and remove the distinction between health and care needs.",NA,"504",NA
"The provision of additional care packages also means we can support autistic people and people with learning disabilities to move out from inappropriate inpatient hospital settings and provide support in their own homes",NA,"504",NA
"Our National Care Service will work in partnership with the NHS, ensuring care is delivered for people, not for profit.",NA,"503",NA
"Contracts for providing care will not be awarded to organisations that do not pay their fair share of taxes",NA,"503",NA
"and do not meet our high standards of quality care.",NA,"503",NA
"Our focus will be on the ethical delivery of care that ensures growing public sector provision",NA,"413",NA
"and providers who meet standards of transparency, compliance and profit capping.",NA,"403",NA
"Nearly one and a half million people work in the care sector, but there are over 100,000 vacancies.",NA,"504",NA
"Labour will invest to end the social care crisis,",NA,"504",NA
"end 15-minute care visits",NA,"504",NA
"and provide care workers with paid travel time,",NA,"701",NA
"access to training",NA,"411",NA
"and an option to choose regular hours.",NA,"701",NA
"We will increase the Carer’s Allowance for unpaid full-time carers.",NA,"504",NA
"NATIONAL EDUCATION SERVICE",NA,"H",NA
"Education makes our economy stronger, our society richer and our people more fulfilled.",NA,"506",NA
"Whether it is businesses finding people with the right skills, a tech start-up making our economy more dynamic or more people in better paid work and able to contribute to public services, we all benefit from an educated society.",NA,"506",NA
"But education isn’t just vital to our economy –",NA,"506",NA
"it lets people develop their talents,",NA,"503",NA
"overcomes injustices and inequalities",NA,"503",NA
"and helps us understand each other and form social bonds.",NA,"606.1",NA
"The Conservatives have starved our education system of funding, transferring costs onto students, staff and communities.",NA,"305.1",NA
"They have lost sight of its value.",NA,"506",NA
"From cutting budgets of schools,",NA,"506",NA
"disproportionately in deprived areas,",NA,"503",NA
"to closing Sure Start centres",NA,"504",NA
"and underfunding support for those with special educational needs and disabilities,",NA,"503",NA
"Conservative policy has meant those in most need have lost out.",NA,"503",NA
"That’s why our National Education Service will be at the heart of Labour’s plan for real change.",NA,"506",NA
"It will provide free education for everyone throughout their lives",NA,"506",NA
"and will nurture every child and adult to find a path that’s right for them,",NA,"503",NA
"by promoting all types of learning, skill and knowledge – technical, vocational, academic and creative.",NA,"411",NA
"Early Years",NA,"H",NA
"Early years education is vital to children’s development.",NA,"504",NA
"Children from disadvantaged backgrounds start falling behind their peers before they even start school.",NA,"503",NA
"Early years education also helps parents – usually mothers – by providing a bridge between maternity/parental leave and school.",NA,"504",NA
"But the current system falls far short of what is needed.",NA,"504",NA
"One thousand Sure Start centres have closed since 2010,",NA,"504",NA
"while the Tories’ so-called free childcare offer is desperately underfunded",NA,"504",NA
"and excludes many of the most disadvantaged children.",NA,"503",NA
"We will reverse cuts to Sure Start and create a new service, Sure Start Plus, with enough centres to provide a genuinely universal service, available in all communities, focused on the under-2s.",NA,"504",NA
"Labour will radically reform early years provision, with a two-term vision  to make high-quality early years education available for every child.",NA,"504",NA
"We will also extend paid maternity leave to 12 months.",NA,"701",NA
"Within five years, all 2, 3 and 4-year- olds will be entitled to 30 hours of free preschool education per week",NA,"504",NA
"and access to additional hours at affordable, subsidised rates staggered with incomes.",NA,"503",NA
"Labour will also work to extend childcare provision for 1-year-olds",NA,"504",NA
"and to ensure that childcare provision accommodates the working patterns of all parents.",NA,"701",NA
"We will improve child development by transitioning to a qualified, graduate- led workforce.",NA,"504",NA
"We value the experience of current early years workers, and will offer free training to the workforce to attain these qualifications on the job.",NA,"411",NA
"Achieving this vision will require significant investment.",NA,"504",NA
"We will increase funding and end the fragmentation of the current system by funding providers directly, making things simpler and more sustainable for both parents and providers.",NA,"504",NA
"We will recruit nearly 150,000 additional early years staff, including Special Educational Needs Co-ordinators,",NA,"701",NA
"and introduce a national pay scale,",NA,"412",NA
"driving up pay for the overwhelmingly female workforce.",NA,"503",NA
"Maintained nursery schools provide a proven, high-quality service but they are under threat from Tory cuts.",NA,"504",NA
"We will provide sustainable, long-term funding to secure their future.",NA,"504",NA
"Schools",NA,"H",NA
"Labour will make sure schools are properly resourced with increased long- term funding,",NA,"506",NA
"while introducing a fairer funding formula that leaves no child worse off.",NA,"503",NA
"We will invest to upgrade schools that have fallen into disrepair.",NA,"411",NA
"Labour’s funding settlement will ensure pupils are taught by a qualified teacher,",NA,"506",NA
"that every school is open for a full five days a week,",NA,"506",NA
"and maximum class sizes of 30 for all primary school children.",NA,"506",NA
"We will also fund more non-contact time for teachers to prepare and plan.",NA,"506",NA
"Schools have faced years of budget cuts, leaving headteachers forced to beg parents for money for basic equipment.",NA,"506",NA
"Despite promising to reverse their own cuts, the Tories latest funding announcement leaves 83% of schools still facing cuts next year.",NA,"506",NA
"Schools are being subjected to intensified testing, inspection, league tables and competition.",NA,"506",NA
"These aren’t improving pupil achievement or narrowing the attainment gap,",NA,"506",NA
"but are contributing to a growing teacher recruitment and retention crisis.",NA,"701",NA
"The narrowing curriculum is denying many children access to modern languages, arts and music,",NA,"506",NA
"or technical and engineering skills that will be essential in a world shaped by climate change.",NA,"411",NA
"The academies system is over-centralised, inefficient and undemocratic.",NA,"506",NA
"Parents, communities and even teachers are shut out of decisions about schools",NA,"506",NA
"and vulnerable children are being let down.",NA,"503",NA
"And there is no evidence that academies deliver better results.",NA,"506",NA
"The Conservatives have failed a generation of children with special educational needs and disabilities, who have endured years of cuts and chaos.",NA,"503",NA
"Labour will provide the necessary funding for children with special educational needs and disabilities.",NA,"503",NA
"Labour will end the ‘high stakes’ testing culture of schools by scrapping Key Stage 1 and 2 SATs and baseline assessments,",NA,"506",NA
"and refocussing assessment on supporting pupil progress.",NA,"506",NA
"We will introduce an Arts Pupil Premium to fund arts education for every primary school child.",NA,"506",NA
"We will review the curriculum to ensure that it enriches students and covers subjects such as black history and continues to teach issues like the holocaust",NA,"506",NA
"Pupils will learn both the science of climate and environmental emergency, and the skills necessary to deal with them",NA,"501",NA
"We will end the fragmentation and marketisation of our school system by bringing free schools and academies back under control of the people who know them best – parents, teachers and local communities.",NA,"506",NA
"Under our system:Budget and day-to-day decisions will be transferred back to schools, overseen by an accountable governing body with elected representatives.",NA,"301",NA
"Responsibility for delivery of education and support for young people will sit with local authorities, they will manage admissions. and have responsibility for school places, including the power to open schools",NA,"301",NA
"Oversight and coordination, including of continuous, peer-to-peer school improvement modelled on the London Challenge, will be carried out by regional offices of the NES.",NA,"301",NA
"All schools will be subject to a common rulebook, set out in legislation.",NA,"506",NA
"We will replace Ofsted and transfer responsibility for inspections to a new body, designed to drive school improvement.",NA,"506",NA
"A new teacher supply service will tackle the waste of funds going to private supply teacher agencies thanks to the government’s failure to recruit and retain experienced teachers.",NA,"506",NA
"We will take action to end ‘off-rolling’, removing the perverse incentives for schools to let pupils fall out of the system, by making schools accountable for the outcomes of pupils who leave their rolls.",NA,"506",NA
"We will properly regulate all education providers",NA,"506",NA
"and reform alternative provision (AP) to ensure an excellent education is the right of every child,",NA,"201.2",NA
"and improve the outcomes and life chances of some of the most vulnerable children in society.",NA,"503",NA
"We will ‘poverty-proof’ schools, introducing free school meals for all primary school children, encouraging breakfast clubs, and tackling the cost of school uniforms.",NA,"503",NA
"We will bring back the School Support Staff Negotiating Body",NA,"701",NA
"and national pay settlements for teachers.",NA,"701",NA
"We will close the tax loopholes enjoyed by elite private schools and use that money to improve the lives of all children,",NA,"503",NA
"and we will ask the Social Justice Commission to advise on integrating private schools and creating a comprehensive education system.",NA,"413",NA
"Further Education and Lifelong Learning",NA,"H",NA
"With automation and the Green Industrial Revolution bringing major changes to industry, it is more important than ever that people have the opportunity to retrain and upskill throughout their lives.",NA,"411",NA
"Under the Tories, adult education has undergone 10 years of managed decline.",NA,"411",NA
"England already faces a shortage of people with higher-level technical qualifications,",NA,"411",NA
"and demand for these skills will only grow as we create new green jobs.",NA,"701",NA
"Instead of investing in people to prepare them for the jobs of the future,",NA,"411",NA
"the Conservatives have slashed funding and cut opportunities.",NA,"305.1",NA
"Labour will ensure fairness and sustainability in further education,",NA,"503",NA
"aligning the base rate of per-pupil funding in post-16 education with Key Stage 4,",NA,"506",NA
"providing dedicated capital funding to expand provision",NA,"506",NA
"and bringing back the Education Maintenance Allowance as the Welsh Labour Government has done.",NA,"506",NA
"Labour will make lifelong learning a reality, giving everyone a free lifelong entitlement to: Training up to Level 3.",NA,"411",NA
"Six years training at Levels 4-6,",NA,"411",NA
"with maintenance grants for disadvantaged learners.",NA,"503",NA
"We will introduce additional entitlements for workers in industries that are significantly affected by industrial transition.",NA,"411",NA
"We will make sure training delivers the right skills by giving employers a role in co-design and co-production of qualifications.",NA,"411",NA
"We will restore funding for English for Speakers of Other Languages (ESOL) courses",NA,"506",NA
"and restore and expand the Union Learning Fund, giving workers the right to accrue paid time off for education and training.",NA,"701",NA
"Labour will reform existing careers advice, working towards an integrated information, advice and guidance system that covers the entire NES.",NA,"506",NA
"We will reverse the fragmentation and privatisation of further and adult education, incorporating it into a single national system of regulation that functions for education as our NHS does for healthcare provision.",NA,"413",NA
"Higher Education",NA,"H",NA
"Under the Tories, universities are treated as private businesses, left at the mercy of market forces, while top salaries soar and students pay more for less.",NA,"403",NA
"Tuition fees have trebled and maintenance grants have been scrapped, leaving the poorest graduates with an average debt of £57,000.",NA,"506",NA
"Labour will end the failed free-market experiment in higher education,",NA,"403",NA
"abolish tuition fees",NA,"506",NA
"and bring back maintenance grants.",NA,"506",NA
"We will fundamentally rethink the assessment of research and teaching quality,",NA,"411",NA
"and develop a new funding formula for higher education that: Ensures all public HE institutions have adequate funding for teaching and research.",NA,"506",NA
"Widens access to higher education",NA,"506",NA
"and reverses the decline of part-time learning.",NA,"506",NA
"Ends the casualisation of staff.",NA,"701",NA
"We will transform the Office for Students from a market regulator to a body of the National Education Service, acting in the public interest.",NA,"403",NA
"We will introduce post-qualification admissions in higher education,",NA,"503",NA
"and work with universities to ensure contextual admissions are used across the system.",NA,"503",NA
"POLICE AND SECURITY",NA,"H",NA
"The primary duty of government is to keep people safe.",NA,"605.1",NA
"Our communities were endangered when the Conservatives took 21,000 police officers off our streets.",NA,"305.1",NA
"Recorded crime has risen, including violent crimes like knife crime, which has risen to record high levels, up 80% in the last five years.",NA,"605.1",NA
"Last year more than 11 million crimes were recorded, and the proportion of offences charged has fallen across all categories: violence, drugs, robbery, burglary, weapons possession and vehicle theft.",NA,"605.1",NA
"Prosecutions have fallen to a record low level.",NA,"605.1",NA
"Some offences have been decriminalised in practice.",NA,"605.1",NA
"Only 1.4% of reported rapes are prosecuted.",NA,"605.1",NA
"Crime rates reflect the society we live in.",NA,"503",NA
"Conservative cuts to services have eroded the fabric of local communities.",NA,"504",NA
"The rate of school exclusions has increased, as has social inequality – crime rates are driven by both.",NA,"503",NA
"Where the Conservatives have failed, a Labour government will take action to address the causes of crime and end the epidemic.",NA,"503",NA
"We will invest in our communities and public services to build the stronger,  fairer society that keeps us all safer.",NA,"503",NA
"Rebuilding our criminal justice services, we will focus on crime prevention and early interventions, giving people the best chance of rehabilitation.",NA,"605.2",NA
"We will rebuild our youth services and guarantee young people’s access to youth workers.",NA,"504",NA
"We will invest in a youth justice system in which schools, local authorities, health authorities and youth services work together to divert young people away from the pathways towards crime.",NA,"504",NA
"Police",NA,"H",NA
"A Labour government will invest in policing to prevent crime and make our communities safer,",NA,"605.1",NA
"and we will enforce the laws protecting police and other emergency workers from violent assault.",NA,"605.1",NA
"We will rebuild the whole police workforce, recruiting more police officers, police community support officers and police staff.",NA,"605.1",NA
"We will re-establish neighbourhood policing",NA,"605.1",NA
"and recruit 2,000 more frontline officers than have been planned for by the Conservatives.",NA,"605.1",NA
"We will work with police forces to invest in a modern workforce to tackle the rise in violent crime",NA,"605.1",NA
"and cybercrime under the Tories.",NA,"605.1",NA
"To deliver these priorities, Labour will work with police and crime commissioners to reform police funding",NA,"605.1",NA
"and share new resources fairly, and to ensure that local needs are met.",NA,"503",NA
"The Tory approach to policing has been different: reckless, remote, authoritarian, ineffective policing on the cheap.",NA,"305.1",NA
"It has led to what HM Inspectorate of Constabulary described as dangerous, disturbing practices, with investigations shelved, vulnerable victims let down and dangerous suspects remaining at large.",NA,"605.1",NA
"We will retain local democratic accountability for police forces",NA,"202.1",NA
"and reform the police funding formula to ensure sufficient, sustainable resources are fairly allocated.",NA,"605.1",NA
"We will agree resources with the police authorities to combat crime",NA,"605.1",NA
"and restore community policing by consent.",NA,"202.1",NA
"Effective police work requires the police to serve their communities and work collaboratively with youth workers, mental health services, schools, drug rehabilitation programmes and other public agencies.",NA,"605.1",NA
"A police force working within our communities, with the capacity to gather local intelligence, is also the frontline of our domestic security – the first eyes and ears of effective counter-terrorism.",NA,"605.1",NA
"We will work to eliminate institutional biases against BAME communities.",NA,"503",NA
"Proportionate stop-and-search based on intelligence is a needed tool of effective policing, but the use of expanded powers means black and Asian men are still more likely to be stopped and searched, poisoning relations between the police and the local communities they serve.",NA,"503",NA
"We will ensure better police training on domestic abuse and offences arising from coercive control,",NA,"605.1",NA
"as well as historical abuses and other crimes neglected by the reduced forces operating under Tory austerity.",NA,"605.1",NA
"A Labour government will establish a Royal Commission to develop a public health approach to substance misuse, focusing on harm reduction rather than criminalisation.",NA,"605.2",NA
"We will introduce minimum legal standards of service for all victims of crime.",NA,"503",NA
"Security",NA,"H",NA
"We will address the failure of the Conservatives to take effective measures against a growing problem of extreme or violent radicalisation.",NA,"605.1",NA
"We will ensure closer counter terrorism co-ordination between the police and the security services, combining neighbourhood expertise with international intelligence.",NA,"605.1",NA
"We will ensure the powers exercised by the security services are proportionate and used in accordance with human rights.",NA,"201.2",NA
"We will review the circumstances requiring judicial warrant.",NA,"202.1",NA
"We will ensure agencies are accountable",NA,"202.1",NA
"and strengthen the powers of the Joint Intelligence and Security Committee.",NA,"605.1",NA
"We will constrain the right of the Prime Minister to suppress publication of committee reports.",NA,"202.1",NA
"A Labour government will review our security strategies.",NA,"605.1",NA
"We will review the Prevent programme to assess both effectiveness and potential to alienate communities",NA,"503",NA
"and consider alternatives including safeguarding programmes to protect those vulnerable to the recruitment propaganda and ideologies of the far-right and others who promote terror as a political strategy.",NA,"605.1",NA
"We will review the Protect programme to ensure that public authorities take appropriate security measures,",NA,"605.1",NA
"without alienating the communities they serve.",NA,"503",NA
"We will evaluate the mobile phone trials with the aim of introducing an emergency alert system.",NA,"605.1",NA
"We will use our diplomatic services, our aid budgets and our international standing to promote peaceful solutions to conflicts",NA,"106",NA
"and tackle the risks arising from poverty, natural catastrophes and population displacements.",NA,"107",NA
"Our national security is linked to global threats.",NA,"605.1",NA
"We will respect international law",NA,"107",NA
"and avoid needless military interventions.",NA,"105",NA
"Our security co-operation arrangements with EU neighbours are essential for our safety.",NA,"108",NA
"If the British people confirm their decision to leave, we will prioritise agreement of a new UK-EU Security Treaty.",NA,"108",NA
"Cybersecurity",NA,"H",NA
"Cybercrime and cyberwarfare are growing, all around the world.",NA,"605.1",NA
"Every aspect of our lives, from the NHS to our nuclear facilities, from transport systems to communications networks is vulnerable.",NA,"605.1",NA
"A Labour government, ever more dependent on digital technology, will overhaul our cybersecurity by creating a co-ordinating minister and regular reviews of cyber-readiness.",NA,"605.1",NA
"We will review the role and remit of the National Cyber Security Centre to determine whether it should be given powers as an auditing body, with the ability to issue warnings to private and public sector organisations and designate risk.",NA,"605.1",NA
"We will also review the structures and roles of the National Crime Agency, to strengthen the response to all types of economic crime, including cybercrime and fraud,",NA,"605.1",NA
"and ensure a modern, technologically advanced police service that has the capacity and skills to combat online crime,",NA,"411",NA
"supported by a new national strategy on cybercrime and fraud.",NA,"605.1",NA
"Border Security",NA,"H",NA
"Our border security prevents serious crimes including child abduction, people trafficking, smuggling of drugs and guns, terrorism and modern day slavery.",NA,"605.1",NA
"The Tories have further weakened our borders,",NA,"305.1",NA
"cutting another 200 jobs over the last four years.",NA,"701",NA
"They have failed to deliver exit checks.",NA,"605.1",NA
"In place of an effective border control they have required landlords, teachers and medical staff to work as unpaid immigration officers, creating a hostile environment.",NA,"605.1",NA
"A Labour government will review our border controls to make them more effective.",NA,"605.1",NA
"JUSTICE",NA,"H",NA
"Smarter justice requires cross-government action to reduce the impact of adverse childhood experiences",NA,"503",NA
"and to break the vicious cycle of poverty, inequality and crime.",NA,"605.2",NA
"We will champion a joined-up approach, fostering close working relationships between criminal justice agencies with education authorities, health services and others by establishing violence-reduction units",NA,"605.2",NA
"and ensuring vulnerable people get the support they need by boosting public health, mental health and early years services.",NA,"503",NA
"Prison is not the best place to address the drug addictions, mental illnesses and debts that lead many people into crime.",NA,"605.2",NA
"The crisis in our criminal justice system has left communities less safe,",NA,"605.2",NA
"victims less supported",NA,"503",NA
"and people less able to defend their rights.",NA,"201.2",NA
"Labour will defend the rule of law.",NA,"202.1",NA
"Cutting thousands of prison officers has driven record levels of prison violence.",NA,"503",NA
"A Labour government will restore total prison officer numbers to 2010 levels,",NA,"701",NA
"and phase out dangerous lone working.",NA,"701",NA
"We will bring PFI prisons back in-house and there will be no new private prisons.",NA,"413",NA
"We will tackle the prison maintenance backlog and develop a long-term estate strategy.",NA,"413",NA
"The Ministry of Justice’s own evidence shows tens of thousands of crimes could be prevented if robust community sentences replace short prison sentences.",NA,"605.2",NA
"We will set new standards for community sentences and introduce a presumption against prison sentences of six months or less for non-violent and non-sexual offences.",NA,"605.2",NA
"We will invest in proven alternatives to custody, including women’s centres,",NA,"605.2",NA
"expand problem-solving courts",NA,"605.2",NA
"and plug the funding gap in the female offender strategy.",NA,"503",NA
"We will further consider the evidence for effective alternatives and rehabilitation of prolific offenders.",NA,"605.2",NA
"A Labour government will reunify probation",NA,"701",NA
"and guarantee a publicly run, locally accountable probation service.",NA,"202.1",NA
"Under Labour, probation staff and professional standards will once again be properly valued.",NA,"701",NA
"Legal aid cuts mean essential legal help is too often denied.",NA,"503",NA
"To help people enforce their rights, we will restore all early legal aid advice, including for housing, social security, family and immigration cases.",NA,"201.2",NA
"We will recruit hundreds of new community lawyers,",NA,"701",NA
"promote public legal education",NA,"506",NA
"and build an expanded network of law centres.",NA,"503",NA
"We will ensure legal aid for inquests into deaths in state custody",NA,"503",NA
"and the preparation of judicial review cases.",NA,"503",NA
"We will consult on the civil legal aid means-test levels",NA,"503",NA
"and act on the criminal legal aid review.",NA,"503",NA
"We will defend workers’ ability to recover legal representation costs from negligent employers.",NA,"701",NA
"We will keep the right for workers to be represented",NA,"201.2",NA
"and recover their costs in cases of employer negligence leading to injury at work.",NA,"701",NA
"We will review the eligibility criteria for the criminal injuries compensation scheme.",NA,"503",NA
"A Labour government will halt court closures",NA,"503",NA
"and cuts to staff,",NA,"701",NA
"and undertake a review of the courts reform programme.",NA,"503",NA
"We will facilitate a more representative judiciary",NA,"202.1",NA
"while upholding its independence,",NA,"202.1",NA
"and review funding for the Crown Prosecution Service.",NA,"503",NA
"We will tackle the disproportionate levels of BAME children in custody,",NA,"503",NA
"review the youth custody estate,",NA,"503",NA
"strengthen youth courts",NA,"503",NA
"and build on the Lammy Review.",NA,"503",NA
"Violence against women and girls is unacceptable",NA,"605.1",NA
"as is many women’s experience of criminal justice agencies.",NA,"503",NA
"We will set new standards for tackling domestic and sexual abuse and violence,",NA,"605.1",NA
"and appoint a Commissioner for Violence against Women and Girls.",NA,"605.1",NA
"We will establish an independent review into shamefully low rape prosecution rates.",NA,"605.1",NA
"We will establish a National Refuge Fund,",NA,"503",NA
"ensure financial stability for rape crisis centres",NA,"503",NA
"and reintroduce a Domestic Abuse Bill.",NA,"605.1",NA
"We will improve the safety of the family court system for domestic violence victims",NA,"605.1",NA
"and prohibit their cross-examination by their abuser.",NA,"503",NA
"We will introduce protections for victims of so-called revenge porn.",NA,"605.1",NA
"Labour will introduce a no-fault divorce procedure.",NA,"604",NA
"We will uphold women’s reproductive rights and decriminalise abortions.",NA,"604",NA
"We will establish public inquiries into historical injustices including blacklisting",NA,"503",NA
"and Orgreave,",NA,"503",NA
"and ensure the second phase of the Grenfell Inquiry has the confidence of all those affected, especially the bereaved families and survivors.",NA,"503",NA
"We will also consider a public inquiry in the case of Zane Gbangbola.",NA,"503",NA
"We will require judicial warrants for undercover operations",NA,"202.1",NA
"and retain the Mitting Inquiry into undercover policing.",NA,"503",NA
"We will release all papers on the Shrewsbury 24 trials",NA,"503",NA
"and 37 Cammell Laird shipyard workers",NA,"503",NA
"and introduce a Public Accountability Bill.",NA,"202.1",NA
"We will ensure fair compensation for the victims of contaminated blood products across the UK.",NA,"503",NA
"COMMUNITIES AND LOCAL GOVERNMENT",NA,"H",NA
"Labour will reverse the Tory decade of austerity for local government and aim to restore council spending powers to 2010 levels over the lifetime of the Parliament.",NA,"301",NA
"While those who make decisions in Whitehall can seem distant and detached, our local councillors live among us, shopping on the same high street, using the same parks and leisure centres and sending their children to the same schools.",NA,"301",NA
"Thriving local councils are vital to Labour’s democratic transformation of the economy.",NA,"202.1",NA
"Councils are the collective voice of local communities",NA,"301",NA
"and are on the frontline in delivering many essential public services.",NA,"301",NA
"Tory cuts, which have been deliberately targeted at the poorest areas of the country,",NA,"503",NA
"have plunged our councils into crisis",NA,"301",NA
"and pushed many services to breaking point",NA,"503",NA
"Decades of privatisation and outsourcing have hollowed out council capacity,",NA,"301",NA
"taken money out of communities",NA,"503",NA
"and undermined democratic accountability.",NA,"202.1",NA
"We will act to bring services – from bin collections to management of local leisure centres – back in-house within the next Parliament,",NA,"301",NA
"improving service quality, saving money",NA,"303",NA
"And ensuring the people who deliver vital local services are treated decently",NA,"701",NA
"Rural councils deliver public services differently, and this needs to be reflected in funding allocation mechanisms.",NA,"301",NA
"We will introduce a ‘rural- proofing’ process so that all our laws, policies and programmes consider their impact on rural communities.",NA,"301",NA
"Where local areas experience a sharp rise in demand for services, we will make council funding more reactive, and will work with councils to establish such a fund to meet changing circumstances.",NA,"301",NA
"Our high streets are being decimated by store closures and jobs losses.",NA,"701",NA
"High streets are more than places to shop, they are places we go for culture, company and character.",NA,"606.1",NA
"We will revive high streets by stopping bank branch closures,",NA,"403",NA
"banning ATM charges",NA,"403",NA
"and giving local government new powers to put empty shops to good use.",NA,"301",NA
"Business rates are causing real issues for high-street retailers and others.",NA,"403",NA
"A Labour government will review the option of a land value tax on commercial landlords as an alternative",NA,"403",NA
"and develop a retail sector industrial strategy.",NA,"403",NA
"We will make sure the rights of consumers are enhanced and protected,",NA,"403",NA
"that safety standards are maintained and improved,",NA,"403",NA
"and that local authority trading standards departments and other consumer protection agencies have the resources to enforce those rights and standards",NA,"403",NA
"We will stop Crown Post Office closures and bring Royal Mail back into public ownership at the earliest opportunity,",NA,"413",NA
"reuniting it with the Post Office and creating a publicly owned Post Bank run through the post office network",NA,"413",NA
"to ensure every community has easy access to face-to-face, trusted and affordable banking.",NA,"503",NA
"A Business Development Agency will be based in the Post Bank, providing free support and advice on how to launch, manage and grow a business.",NA,"402",NA
"Pubs are community hubs but 18 are closing each week in Britain.",NA,"403",NA
"Labour will list pubs as Assets of Community Value so community groups have the first chance to buy local pubs when they are under threat.",NA,"403",NA
"We will ensure libraries are preserved for future generations",NA,"503",NA
"and updated with Wi-Fi and computers.",NA,"411",NA
"We will reintroduce library standards so that government can assess and guide councils in delivering the best possible service.",NA,"503",NA
"As well as the presumption to insource public services, we will build community wealth by giving communities the powers and resources they need to keep public spending circulating in the local economy,",NA,"301",NA
"rather than being sucked offshore to corporate tax havens.",NA,"403",NA
"We will extend community control in the private sector by supporting local and community businesses.",NA,"403",NA
"We will give a new Co-operative Development Agency a mission to double the size of the co-operative sector.",NA,"403",NA
"Labour will put the voices of local people at the heart of planning.",NA,"403",NA
"We will rebalance power in the planning system by giving local government greater freedom to set planning fees",NA,"403",NA
"and by requiring the climate and environmental emergency to be factored into all planning decisions.",NA,"416.2",NA
"Young people have been let down by the Conservatives.",NA,"305.1",NA
"At least 750 youth centres have closed since 2012.",NA,"503",NA
"Too many young people now have nowhere to go, nothing to do and no one to help them with their problems.",NA,"503",NA
"Labour will build a properly funded, professionally staffed National Youth Service, and will guarantee every young person has access to local, high-quality youth work.",NA,"504",NA
"Vulnerable children have suffered most, with many left waiting until crisis point for support.",NA,"504",NA
"Councils are having to meet the needs of more at-risk children with lower funding.",NA,"504",NA
"Labour will launch a wholesale review of the care system, including kinship care, considering national standards such as a central register of foster parents",NA,"504",NA
"and regulation of semi-supported housing, to ensure we meet the needs of every child.",NA,"503",NA
"We will rebuild early intervention services and replace the Troubled Families programme with a Stronger Families programme, refocused on long-term support to reduce the risk of children going into care.",NA,"503",NA
"We will protect and build on Staying Put for over-18s in care",NA,"503",NA
"and the Adoption Support Fund.",NA,"503",NA
"FIRE AND RESCUE",NA,"H",NA
"The Conservatives have cut 11,500 firefighter jobs",NA,"701",NA
"and closed dozens of fire stations.",NA,"504",NA
"Response times have got slower and lives have been put at risk.",NA,"504",NA
"A Labour government will halt the cuts and further invest in our Fire and Rescue Service,",NA,"504",NA
"recruiting at least 5,000 new firefighters.",NA,"701",NA
"We will learn lessons from the public inquiries into Grenfell and earlier disasters.",NA,"504",NA
"We will establish a broadly based implementation taskforce, but will not wait for final recommendations to make urgently needed changes.",NA,"504",NA
"We will ensure dedicated fire controls under Fire and Rescue Service governance",NA,"504",NA
"and provide resources for a public Fire and Rescue College to ensure that necessary training, research and planning is undertaken.",NA,"411",NA
"We will conduct a review of the Fire and Rescue Service, evaluating safe staffing levels",NA,"701",NA
"and consulting on national minimum standards.",NA,"504",NA
"We will establish in law a standards body for fire prevention, protection and intervention,",NA,"504",NA
"with trade union representation at all levels.",NA,"701",NA
"We will reinstate separate governance arrangements for Fire and Rescue Service and police services.",NA,"301",NA
"We will give fire services the duty to co- ordinate the emergency response to floods locally.",NA,"301",NA
"DIGITAL , CULTURE , MEDIA AND SPORT",NA,"H",NA
"Digital",NA,"H",NA
"Digital and technological advancements bring challenges, but also huge opportunities.",NA,"411",NA
"In the age of AI and automation, digital connectivity will underpin our future economy.",NA,"411",NA
"We will need world-class digital infrastructure in which everyone can share.",NA,"411",NA
"Labour will deliver free full-fibre broadband to all by 2030.",NA,"411",NA
"We will establish British Broadband, with two arms: British Digital Infrastructure (BDI) and the British Broadband Service  (BBS).",NA,"411",NA
"We will bring the broadband-relevant parts of BT into public ownership,",NA,"413",NA
"with a jobs guarantee for all workers in existing broadband infrastructure",NA,"701",NA
"and retail broadband work.",NA,"701",NA
"BDI will roll out the remaining 90–92% of the full-fibre network, and acquire necessary access rights to existing assets.",NA,"411",NA
"BBS will coordinate the delivery of free broadband in tranches as the full-fibre network is rolled out, beginning with the communities worst served by existing broadband networks.",NA,"503",NA
"Taxation of multinationals, including tech giants, will pay for the operating costs of the public full-fibre network.",NA,"403",NA
"The plan will boost jobs,",NA,"701",NA
"tackle regional inequality",NA,"503",NA
"and improve quality of life",NA,"503",NA
"as part of a mission to connect the country.",NA,"411",NA
"We will enforce a legal duty of care to protect our children online,",NA,"503",NA
"impose fines on companies that fail on online abuse",NA,"403",NA
"and empower the public with a Charter of Digital Rights.",NA,"201.2",NA
"Culture",NA,"H",NA
"Britain’s thriving arts, culture and creative industries drive investments and encourage tourism.",NA,"502",NA
"A Labour government will open up career opportunities in these industries for everyone",NA,"701",NA
"and consult on ways to address the gender imbalance in the digital creative industries.",NA,"503",NA
"We will introduce an Arts Pupil Premium to every primary school in England –",NA,"506",NA
"a £160 million annual boost for schools to ensure creative and arts education is embedded in secondary education, and providing a pathway to grow our thriving creative sector.",NA,"506",NA
"We will invest in the towns and communities neglected for too long, with a £1 billion Cultural Capital Fund to transform libraries, museums and galleries across the country.",NA,"502",NA
"We will make the distribution of National Lottery funding more transparent to help communities get their fair share of project funding.",NA,"503",NA
"We will maintain free entry to museums, because everyone should have access to our shared heritage.",NA,"502",NA
"Building on the success of the UK City of Culture, we will launch a Town of Culture competition.",NA,"502",NA
"We will work with trade unions and employers to make creative jobs accessible for all, ensuring diversity in these industries so that everyone sees themselves represented on screen and on stage.",NA,"503",NA
"We will review the copyright framework to ensure fair remuneration for artists and content creators.",NA,"503",NA
"Media",NA,"H",NA
"A Labour government will ensure a healthy future for all our public service broadcasters, including BBC Alba and S4C.",NA,"502",NA
"We will protect free TV licences for over-75s.",NA,"502",NA
"A free and fair press is vital to protecting democracy and holding the powerful to account",NA,"202.1",NA
"We will address misconduct and the unresolved failures of corporate governance raised by the second stage of the abandoned Leveson Inquiry.",NA,"403",NA
"We will take steps to ensure that Ofcom is better able to safeguard a healthy plurality of media ownership",NA,"403",NA
"and to put in place clearer rules on who is fit and proper to own or run TV and radio stations.",NA,"403",NA
"We will take action to address the monopolistic hold the tech giants have on advertising revenues and will support vital local newspapers and media outlets.",NA,"403",NA
"We will consult media-sector workers and trade unions to establish an inquiry into the ‘fake news’ undermining trust in media, democracy and public debate,",NA,"202.1",NA
"and on a legal right of public interest defence for journalists.",NA,"201.2",NA
"Sport",NA,"H",NA
"Sport enriches our lives, binds communities together and helps us all to stay healthy.",NA,"502",NA
"Sport must be accessible and run in the interests of those who participate in it and love it.",NA,"502",NA
"In football, the professional game has become divided between the extremes of the very rich and the very poor with clubs in Bury and Bolton facing collapse.",NA,"503",NA
"A Labour government will examine the state of the game, its governance and regulation, its ownership rules",NA,"403",NA
"and the support and funding of the clubs that are vital to local communities.",NA,"502",NA
"We will review the ‘fit and proper person test’ for club owners and directors",NA,"403",NA
"and ensure that supporters’ trusts have a proper role so that the professional game is properly run for all its fans and all its clubs.",NA,"403",NA
"A Labour government will legislate for accredited football supporters’ trusts to be able to appoint and remove at least two club directors",NA,"403",NA
"and purchase shares when clubs change hands.",NA,"403",NA
"We will regulate safe standing in stadiums",NA,"403",NA
"and ensure that a proportion of the Premier League’s television rights income is spent on grassroots football facilities.",NA,"502",NA
"We will add the ICC Cricket World Cup to the list of crown jewel sporting events that are broadcast free-to-air.",NA,"502",NA
"We will commission an independent review into discrimination in sport.",NA,"503",NA
"Gambling",NA,"H",NA
"A Labour government will curb gambling advertising in sports",NA,"403",NA
"and introduce a new Gambling Act fit for the digital age,",NA,"403",NA
"establishing gambling limits,",NA,"403",NA
"a levy for problem gambling funding",NA,"403",NA
"and mechanisms for consumer compensations.",NA,"403",NA
"Civic Society",NA,"H",NA
"In the years of austerity it was non-government organisations that often held the social fabric of our society together,",NA,"606.1",NA
"protecting our communities from even greater harm",NA,"606.1",NA
"and providing precisely targeted support.",NA,"606.1",NA
"As we rebuild our public services, we will support and maintain the social capital values of these organisations.",NA,"606.1",NA
"TACKLE POVERTY AND INEQUALITY",NA,"H",NA
"59WORK",NA,NA,NA
"65WOMEN AND EQUALITIES",NA,NA,NA
"70MIGRATION",NA,NA,NA
"72 SOCIAL SECURITY",NA,NA,NA
"77HOUSING",NA,NA,NA
"81CONSTITUTIONAL  ISSUES",NA,NA,NA
"WORK",NA,"H",NA
"Work should provide a decent life for all,",NA,"503",NA
"guaranteeing not just dignity and respect in the workplace,",NA,"701",NA
"but also the income and leisure time to allow for a fulfilling life outside it.",NA,"503",NA
"Under the Tories, pay has stagnated",NA,"701",NA
"while insecurity and inequality are rising.",NA,"503",NA
"Work no longer guarantees a way out of poverty.",NA,"701",NA
"Of 14.3 million people in poverty, nine million live in families where at least one adult works.",NA,"701",NA
"Real wages are still lower than before the financial crisis,",NA,"701",NA
"while dividends paid to shareholders are up 85%.",NA,"503",NA
"Labour will eradicate in-work poverty in our first term by tackling the structural causes of poverty and inequality,",NA,"503",NA
"such as low pay",NA,"701",NA
"and high living costs,",NA,"504",NA
"while raising the floor provided by our social safety net.",NA,"504",NA
"Too many people have found themselves in a spiral of debt as wages fell and housing costs rose.",NA,"503",NA
"Labour will cap the total amount that can be paid in overdraft fees",NA,"403",NA
"or interest on a loan.",NA,"403",NA
"We will rapidly introduce a Real Living Wage of at least £10 per hour for all workers aged 16 and over,",NA,"412",NA
"and use savings to public finances to help small businesses manage the extra cost.",NA,"402",NA
"We will give workers a stake in the companies they work for – and a share of the profits they help create – by requiring large companies to set up Inclusive Ownership Funds (IOFs).",NA,"403",NA
"Up to 10% of a company will be owned collectively by employees,",NA,"701",NA
"with dividend payments distributed equally among all,  capped at £500 a year,",NA,"503",NA
"and the rest being used to top up the Climate Apprenticeship Fund.",NA,"416.2",NA
"The cap will rise to ensure that no more than 25% of dividends raised by IOFs are redistributed in this way.",NA,"503",NA
"And we will explore other innovative ways of responding to low pay, including a pilot of Universal Basic Income.",NA,"504",NA
"Growing numbers of the workforce are self-employed.",NA,"701",NA
"While for some this brings freedom and autonomy, it can also bring insecurity.",NA,"701",NA
"Self-employed people will benefit from a broad range of our policies, from free childcare and full-fibre broadband to face-to-face lending and business support through our Post Bank.",NA,"701",NA
"We will also seek to develop tailored support and protections for the self- employed, including: collective income protection insurance schemes,",NA,"504",NA
"annual income assessments for those on Universal Credit,",NA,"504",NA
"and better access to mortgages and pension schemes.",NA,"504",NA
"We will tackle late payments that leave small businesses and the self-employed waiting months to be paid, including banning late payers from public procurement.",NA,"403",NA
"Ministry for Employment Rights",NA,"H",NA
"Throughout history, working people in Britain have improved their lives by coming together to demand rights and protections.",NA,"701",NA
"Even after decades in which workers’ rights have been cut back and their unions’ capacity to defend them have been slashed, the Tories believe that workers’ terms and conditions should be dictated by employers on a ‘take it or leave it’ basis.",NA,"701",NA
"We are proud of the trade union movement’s historic achievements in giving people a voice at work through collective action.",NA,"701",NA
"It is not just part of our history; it is also part of our future.",NA,"701",NA
"Only by shifting the balance of power back towards workers will we achieve decent wages, security and dignity at work.",NA,"701",NA
"The next Labour government will transform people’s lives for the better through the biggest extension of workers’ rights in history.",NA,"701",NA
"We will give working people a voice at the Cabinet table by establishing a Ministry for Employment Rights.",NA,"701",NA
"We will start to roll out sectoral collective bargaining across the economy, bringing workers and employers together to agree legal minimum standards on a wide range of issues, such as pay and working hours, that every employer in the sector must follow.",NA,"701",NA
"Sectoral collective bargaining will increase wages",NA,"701",NA
"and reduce inequality.",NA,"503",NA
"This will also stop good employers being undercut by bad employers.",NA,"403",NA
"We will tackle insecurity by: Giving everyone full rights from day one on the job.",NA,"701",NA
"Strengthening protections for whistleblowers",NA,"701",NA
"and rights against unfair dismissal for all workers,",NA,"701",NA
"with extra protections for pregnant women, those going through the menopause and terminally ill workers.",NA,"701",NA
"Ending bogus self-employment and creating a single status of ‘worker’ for everyone apart from those genuinely self-employed in business on their own account, so that employers can not evade workers’ rights;",NA,"701",NA
"and banning overseas-only recruitment practices.",NA,"701",NA
"Introducing a legal right to collective consultation on the implementation of new technology in workplaces.",NA,"701",NA
"Banning zero-hour contracts",NA,"701",NA
"and strengthening the law so that those who work regular hours for more than 12 weeks  will have a right to a regular contract, reflecting those hours.",NA,"701",NA
"We will help people balance work and family life by: Increasing wages through sectoral collective bargaining.",NA,"701",NA
"Requiring breaks during shifts to be paid.",NA,"701",NA
"Requiring cancelled shifts to be paid and proper notice for changes in hours.",NA,"701",NA
"Giving all workers the right to flexible working.",NA,"701",NA
"Extending statutory maternity pay from nine to 12 months.",NA,"701",NA
"Doubling paternity leave from two weeks to four and increasing statutory paternity pay.",NA,"701",NA
"Introducing statutory bereavement leave, guaranteeing workers time off to grieve the loss of close family members or following miscarriage.",NA,"701",NA
"Introducing four new bank holidays celebrating our four patron saints’ days.",NA,"701",NA
"Reviewing family-friendly employment rights, including rights to respond to family emergencies.",NA,"201.2",NA
"We will make sure people are treated equally at work by: Requiring employers to devise and implement plans to eradicate the gender pay gap –",NA,"503",NA
"and pay inequalities underpinned by race and/or disability – or face fines.",NA,"503",NA
"Requiring employers to maintain workplaces free of harassment, including harassment by third parties.",NA,"701",NA
"Increasing protection against redundancy for people wherever they work.",NA,"701",NA
"Giving statutory rights to equalities representatives.",NA,"202.1",NA
"Setting up a Royal Commission to bring health (including mental health) and safety legislation up to date.",NA,"202.1",NA
"Ensuring that public-facing workers are protected by toughening the law against abuse and violence.",NA,"605.1",NA
"Banning unpaid internships.",NA,"701",NA
"We will remove unfair and unnecessary restrictions on trade unions, allowing people to come together and speak up on issues that affect them at work.",NA,"701",NA
"Allow trade unions to use secure electronic and workplace ballots.",NA,"701",NA
"Remove unnecessary restrictions on industrial action.",NA,"701",NA
"Strengthen and enforce trade unions’ right of entry to workplaces to organise, meet and represent their members and to recruit.",NA,"701",NA
"Ban union-busting,",NA,"701",NA
"strengthen protection of trade union representatives against unfair dismissal",NA,"701",NA
"and union members from intimidation, harassment, threats and blacklisting.",NA,"701",NA
"Repeal anti-trade union legislation including the Trade Union Act 2016 and create new rights and freedoms for trade unions",NA,"701",NA
"to help them win a better deal for working people.",NA,"701",NA
"Simplify the law around union recognition.",NA,"701",NA
"Give union reps adequate time off for union duties.",NA,"701",NA
"We will develop collective income- protection insurance schemes for the self-employed.",NA,"701",NA
"We will introduce a maximum workplace temperature to protect workers and require employers to take counteracting measures.",NA,"701",NA
"For years, the UK has been in breach of our international obligations.",NA,"701",NA
"We will bring UK law into line with the International Labour Organisation standards it has ratified, so Britain leads the world, instead of engaging in a race to the bottom.",NA,"701",NA
"Working Time",NA,"H",NA
"Time off to rest, relax and be with family is essential to a happy and fulfilling life, but workers in the UK put in some of the longest hours in Europe.",NA,"701",NA
"Labour will tackle excessive working hours.",NA,"701",NA
"Within a decade we will reduce average full-time weekly working hours to 32 across the economy, with no loss of pay, funded by productivity increases.",NA,"701",NA
"We will meet this target by: Ending the opt-out provision for the EU Working Time Directive and enforcing working-time regulations.",NA,"701",NA
"Setting up an independent Working Time Commission to advise on raising minimum holiday entitlements",NA,"701",NA
"and reducing maximum weekly working time.",NA,"701",NA
"Mandating bargaining councils to negotiate reductions in working time.",NA,"701",NA
"Investing to increase productivity",NA,"410",NA
"and making sure workers share the benefits.",NA,"701",NA
"We will keep restrictions on Sunday trading in place",NA,"701",NA
"and review unpaid overtime.",NA,"701",NA
"Enforcement",NA,"H",NA
"Rights don’t mean anything unless they’re enforced, but that is not happening under the Tories.",NA,"201.2",NA
"That doesn’t just hurt workers who lose out, it is also bad for employers who follow the law and are undercut by unscrupulous competitors prepared to break it",NA,"403",NA
"Strong trade unions are the best and most effective way to enforce rights at work.",NA,"701",NA
"Labour will also introduce a new, unified Workers’ Protection Agency to enforce workplace rights,",NA,"701",NA
"including the Real Living Wage.",NA,"412",NA
"It will be given extensive powers to inspect workplaces and bring prosecutions and civil proceedings on workers’ behalf.",NA,"701",NA
"We will keep employment tribunals free,",NA,"701",NA
"extend their powers,",NA,"701",NA
"and introduce new Labour Courts with a stronger role for people with industrial experience on panels.",NA,"701",NA
"Rewriting the Rules",NA,"H",NA
"Social justice also means levelling the playing field between small and big business,",NA,"403",NA
"and ensuring that democracy and accountability are valued across society, including in the private sector.",NA,"202.1",NA
"Businesses are the heartbeat of our economy, creating jobs, wealth and innovations.",NA,"403",NA
"But the upper echelons of corporate Britain have been corrupted by a culture in which the long-term health of a company is sacrificed for a quick buck for a few:",NA,"403",NA
"a short-term culture has seen some treasured companies asset-stripped,",NA,"403",NA
"leaving workers,",NA,"701",NA
"small business suppliers",NA,"403",NA
"and pensioners in the lurch.",NA,"503",NA
"Too often, the link between reward and long-term performance is broken for short-term greed.",NA,"403",NA
"Labour will take on short-termism and corporate greed, making sure good businesses are rewarded, not undercut.",NA,"403",NA
"We will rewrite the rules of the economy and ensure everyone plays by them.",NA,"403",NA
"We will amend the Companies Act, requiring companies to prioritise long-term growth",NA,"403",NA
"while strengthening protections for stakeholders, including smaller suppliers and pension funds.",NA,"403",NA
"We will tackle late payments that leave small businesses waiting months to be paid, including banning late payers from public procurement.",NA,"403",NA
"For small businesses, we will ensure no quarterly reporting for businesses below the VAT threshold.",NA,"402",NA
"We will require one-third of boards to be reserved for elected worker-directors and give them more control over executive pay – because when those who depend on a company have a say in running it, that company generally does better and lasts longer.",NA,"403",NA
"We will introduce a broader ‘public interest test’ to prevent hostile takeovers and asset-stripping",NA,"403",NA
"weakening our industrial base and destroying treasured home-grown companies.",NA,"406",NA
"And we will give workers a voice on public bodies such as the Competition and Markets Authority.",NA,"701",NA
"We will let struggling companies go into protective administration, so they can be sold as a going concern rather than collapsing into insolvency.",NA,"403",NA
"Audits are vital to corporate accountability, but the auditing industry is dominated by a few players riddled with conflicts of interest.",NA,"403",NA
"Labour will separate audit and accounting activities in major firms",NA,"403",NA
"and impose more robust rules on auditors.",NA,"403",NA
"We will tackle regulatory capture and streamline regulation by creating a new Business Commission, responsive to parliamentary select committees.",NA,"403",NA
"Social Justice Commission",NA,"H",NA
"Labour will usher in a new era of social justice in Britain.",NA,"503",NA
"Everyone in our society should be allowed to flourish regardless of what class or postcode they are born into,",NA,"503",NA
"or the colour of their skin.",NA,"503",NA
"But that’s impossible when you cannot meet your most basic needs and have to choose between eating and heating your home.",NA,"503",NA
"Britain is one of the richest countries in the world, but under the Tories millions of people can’t make ends meet.",NA,"503",NA
"They tell us we shouldn’t care about inequality, because social mobility allows those who work hard to get on.",NA,"503",NA
"But nobody becomes a billionaire through hard work alone, and as inequality has grown, it has become more entrenched.",NA,"503",NA
"For Labour, the true measure of fairness is not social mobility but social justice.",NA,"503",NA
"Implicit in the notion of social mobility is the idea that poverty and inequality are acceptable provided some people can climb the social ladder.",NA,"503",NA
"Social justice, on the other hand, demands that we end poverty, reduce inequality and create a society in which the conditions for a fulfilling life are available to everyone.",NA,"503",NA
"Labour will replace the Social Mobility Commission with a Social Justice Commission, based in the Treasury,",NA,"503",NA
"with wide-ranging powers to hold us, and future governments, to account.",NA,"202.1",NA
"WOMEN AND EQUALITIES",NA,"H",NA
"Labour is the party of equality, committed to achieving a world free from all forms of bigotry and discrimination.",NA,"503",NA
"Whether campaigning on the streets or passing legislation in government, Labour is the only party to consistently stand with women, disabled people, people from ethnic minority backgrounds and LGBT+ communities.",NA,"503",NA
"The Conservatives have failed to tackle society’s burning injustices.",NA,"305.1",NA
"Instead, they have inflicted injustice after injustice on women, Black, Asian and Minority Ethnic (BAME) and LGBT+ communities and disabled people.",NA,"503",NA
"Over 85% of the burden of Tory/Lib Dem cuts has fallen on the shoulders of women.",NA,"503",NA
"Labour will create a new Department for Women and Equalities, with a full-time Secretary of State, responsible for ensuring all our policies and laws are equality-impact assessed in order to deliver a fairer society for women",NA,"503",NA
"and all under-represented groups.",NA,"503",NA
"We will establish a modernised National Women’s Commission as an independent advisory body to contribute to a Labour government.",NA,"503",NA
"We are guided by our firm commitment to the Human Rights Act and Convention on Human Rights that have been consistently attacked by the Conservatives.",NA,"201.2",NA
"We will ratify both the Istanbul Convention on preventing domestic abuse",NA,"201.2",NA
"and the ILO Convention on Violence and Harassment at work.",NA,"201.2",NA
"We will put class at the heart of Britain’s equality agenda and create a new ground for discrimination on the basis of socio-economic disadvantage.",NA,"503",NA
"Women",NA,"H",NA
"Labour will put women at the heart of our government and programme.",NA,"503",NA
"Next year marks the 50th anniversary of the Equal Pay Act, yet women still earn 13% less than men.",NA,"503",NA
"Labour will take action to close the gender pay gap by 2030.",NA,"503",NA
"We will also: Deliver gender pay equality by making the state responsible for enforcing equal pay legislation for the first time.",NA,"412",NA
"The new Workers’ Protection Agency working with HMRC will ensure that employers take equal pay seriously and take positive action to close the gender pay gap.",NA,"503",NA
"Women will no longer be left to take enforcement action by themselves through the courts.",NA,"503",NA
"Require all employers with over 250 employees to obtain government certification on gender equality or face further auditing and fines.",NA,"403",NA
"By the end of 2020, we will lower the threshold to workplaces with 50 employees,",NA,"403",NA
"whilst providing the necessary additional support for small businesses.",NA,"403",NA
"Revolutionise parents’ rights by increasing paid maternity leave from nine to 12 months,",NA,"504",NA
"doubling paternity leave to four weeks",NA,"504",NA
"and extending pregnancy protection.",NA,"503",NA
"We will ban the dismissal of pregnant women without prior approval of the inspectorate.",NA,"503",NA
"Transform the workplace and require all large employers to have flexible working, including a menopause policy,",NA,"701",NA
"and consider changes to sickness and absence practices.",NA,"701",NA
"Enable positive action for recruitment to roles where employers can justify the need for more diversity",NA,"503",NA
"and introduce a right for all workers to request flexibility over their hours from the first day of employment.",NA,"701",NA
"Ensure that the single-sex-based exemptions contained in the Equality Act 2010 are understood and fully enforced in service provision.",NA,"503",NA
"Create a safer society for women",NA,"503",NA
"and prioritise domestic abuse as a health issue,",NA,"504",NA
"introduce 10 days of paid leave for survivors of domestic abuse,",NA,"503",NA
"and ensure women’s refuges receive the long-term sustainable funding they need.",NA,"503",NA
"Misogyny and violence against women and girls will become hate crimes.",NA,"605.1",NA
"Increase women’s representation across parliament by building on the Equality Act, passed by the last Labour government,",NA,"202.1",NA
"and enact Section 106 so that all political parties publish diversity data about electoral candidates.",NA,"503",NA
"Race Equality",NA,"H",NA
"Achieving racial equality is a bedrock Labour value.",NA,"503",NA
"It has never been more important than in the current climate.",NA,"503",NA
"We are proud of the way our country has been shaped by the contributions, cultures and values of people from around the world.",NA,"607.1",NA
"The Conservatives have fanned the flames of racism, using difference to divide.",NA,"607.1",NA
"They have made BAME people pay the price for their austerity project and scapegoated refugees and migrants.",NA,"607.1",NA
"Never was this starker than with their ‘hostile environment’, leading to the scandalous treatment of the Windrush generation.",NA,"607.1",NA
"Hate crime has more than doubled in the last five years.",NA,"607.1",NA
"This is a wake-up call for all of us.",NA,"607.1",NA
"Labour will ensure a pathway to economic inclusion for all, putting an end to all forms of racism and discrimination in our economy and society.",NA,"503",NA
"Inclusion will be at the heart of its programme for government.",NA,"503",NA
"We will: Seek to end the politics of hate and commission an independent review into the threat of far-right extremism and how to tackle it.",NA,"503",NA
"Put wealth and power in the hands of the many,",NA,"503",NA
"extend pay-gap reporting to BAME groups",NA,"503",NA
"and tackle pay discrimination on the basis of race.",NA,"503",NA
"Commit our National Investment Bank to addressing discrimination in access to finance, which many BAME business owners face;",NA,"403",NA
"and take action to ensure that BAME and women business owners have access to government contracts and spending.",NA,"403",NA
"Implement recommendations of the Lammy Review to address the disparity of treatment and outcomes for BAME people within the criminal justice system.",NA,"503",NA
"Create an Emancipation Educational Trust to educate around migration and colonialism,",NA,"503",NA
"and to address the legacy of slavery and teach how it interrupted a rich and powerful black history which is also British history.",NA,"503",NA
"On religious discrimination, we will: Strengthen protection for religious communities",NA,"503",NA
"and amend the law to include attacks on places of worship (including synagogues, temples, mosques and churches) as a specific aggravated offence.",NA,"503",NA
"Review current levels of funding for and access to the Places of Worship Protective Security Funding Scheme,",NA,"503",NA
"maintain funding in real terms for the Community Security Trust,",NA,"503",NA
"and consult on giving it statutory protection to ensure that religious communities have the support they need.",NA,"503",NA
"Disability with Dignity",NA,"H",NA
"Over the last 10 years, through a catalogue of punitive welfare policies, the dignity of people with disabilities has been degraded by the Conservatives.",NA,"503",NA
"Not one, but two UN reports describe the government having committed ‘systematic violations’ of the rights of disabled people –",NA,"201.2",NA
"while their families have been ‘driven to breaking point’ by cuts to social care.",NA,"503",NA
"More disabled people are now living in poverty,",NA,"503",NA
"and people have died because of this government’s choice to make the most vulnerable pay for tax cuts for the few.",NA,"503",NA
"Labour will end this cruelty, restoring the protections that disabled people and their families – many of whom shoulder the cost of their care -should expect in one of the richest countries in the world",NA,"503",NA
"Labour supports the principle of ‘nothing about us without us’.",NA,"503",NA
"We will:Champion the social model of disability throughout government.",NA,"503",NA
"Through our new Department for Women and Equalities, we will ensure that disabled people can be independent and equal in society, with choice and control over their own lives.",NA,"503",NA
"Transform the workplace for disabled people by requiring that all employers be trained to better support them,",NA,"503",NA
"while introducing mandatory disability pay-gap reporting for companies with over 250 employees.",NA,"503",NA
"End disability discrimination and update the Equality Act to introduce new specific duties including disability leave, paid and recorded separately from sick leave.",NA,"503",NA
"Recommend that the Equality and Human Rights Commission prepare a specific code of practice on reasonable adjustments to supplement existing codes.",NA,"503",NA
"Thisnwill provide an appropriate balance between flexibility and clarity on how ‘reasonable’ cost is determined.",NA,"503",NA
"The code will also set timescales for implementation of reasonable adjustments to end the long and distressing delays experienced by disabled workers.",NA,"503",NA
"Reinstate the Access to Elected Office Fund to enable disabled people to run for elected office.",NA,"503",NA
"Adopt a British Sign Language Act, giving BSL full legal recognition in law.",NA,"503",NA
"We will work with employers, trade unions and public services to improve awareness of neurodiversity in the workplace and in society.",NA,"503",NA
"LGBT+ Equality",NA,"H",NA
"Labour has a proud history of standing shoulder to shoulder with LGBT+ people.",NA,"503",NA
"We abolished Section 28,",NA,"503",NA
"equalised the age of consent,",NA,"503",NA
"created civil partnerships,",NA,"604",NA
"and only with Labour votes could equal marriage become law.",NA,"604",NA
"Labour is committed to reforming the Gender Recognition Act 2004 to introduce self-declaration for transgender people, but we are not complacent about the culture shift required to make LGBT+ inclusivity a reality.",NA,"503",NA
"The Conservatives have been slow to understand the scale of abuse and discrimination LGBT+ people continue to face in our society.",NA,"503",NA
"Labour will eliminate remaining areas of discrimination in law, ensuring that LGBT+ people can live in safety and dignity.",NA,"503",NA
"We will: Put LGBT+ equality at the heart of government, ensuring our public services are LGBT+ inclusive",NA,"503",NA
"and delivering on the national LGBT Action Plan.",NA,"503",NA
"Take steps to safeguard LGBT+ rights inside or outside the EU, such as retaining and promoting the Human Rights Act.",NA,"201.2",NA
"Tackle the homelessness and rough sleeping crisis in the UK, ensuring that all strategies and services",NA,"503",NA
"are tailored to understand needs unique to LGBT+ homeless people, particularly young people who make up a disproportionate number of our currently homeless people.",NA,"503",NA
"Provide sufficient funding for schools to deliver mandatory LGBT+ inclusive relationships and sex education.",NA,"503",NA
"Fully fund sexual health services",NA,"504",NA
"and roll out PrEP medication.",NA,"504",NA
"Respond fast and firmly wherever LGBT+ people face violence or persecution internationally",NA,"503",NA
"and appoint a dedicated global ambassador to the Foreign Office on LGBT+ issues.",NA,"503",NA
"Labour will work with organisations and charities already making the UK a more equal and fairer society and together we will build a country for the many, not the few.",NA,"503",NA
"MIGR ATION",NA,"H",NA
"A Labour government will establish a humane immigration system",NA,"602.2",NA
"and end the ‘hostile environment’ that caused the Windrush scandal of British citizens being deported.",NA,"602.2",NA
"Instead, our system will be built on human rights",NA,"201.2",NA
"and aimed at meeting the skills and labour shortages that exist in our economy and public services.",NA,"602.2",NA
"Our immigration system must allow us to recruit the people we need, and to welcome them and their families.",NA,"602.2",NA
"Our work visa system must fill any skills or labour shortages that arise.",NA,"602.2",NA
"The movement of people around the world has enriched our society, our economy and our culture.",NA,"607.2",NA
"We will take decisive action to regulate the labour market to stop the undercutting of wages and conditions,",NA,"403",NA
"and the exploitation of all workers including migrant workers.",NA,"701",NA
"It is the actions of bad bosses and successive Conservative governments that have driven down wages and working terms and conditions.",NA,"701",NA
"Labour will ensure all workers have full and equal rights from day one,",NA,"201.2",NA
"with a Real Living Wage for all.",NA,"412",NA
"The Conservative policy of pursuing net migration targets has undermined our economy",NA,"602.2",NA
"and our public services, refusing entry to essential key workers including nurses.",NA,"602.2",NA
"It has created a hostile environment within our communities,",NA,"607.1",NA
"encouraged the demonisation of migrants",NA,"607.1",NA
"and enabled the callous use of three million residents as bargaining chips in our negotiations over EU withdrawal.",NA,"607.1",NA
"Moreover, the Tories have not once met their own targets.",NA,"305.1",NA
"Their migration policies are a complete and damaging failure, whichever way they are looked at.",NA,"602.2",NA
"We will scrap the 2014 Immigration Act introduced by the Tories with their Liberal Democrat coalition partners.",NA,"602.2",NA
"We are for a levelling up of rights, not a race to the bottom.",NA,"503",NA
"We will not tolerate a two-tier system for those entitled to be here.",NA,"503",NA
"The Windrush scandal continues to create new victims.",NA,"503",NA
"We will end its injustices and provide fair compensation to those who have unfairly suffered.",NA,"503",NA
"We will end indefinite detention,",NA,"503",NA
"review the alternatives to the inhumane conditions of detention centres,",NA,"503",NA
"and close Yarl’s Wood and Brook House,",NA,"503",NA
"from which immediate savings would contribute towards a fund of £20 million to support the survivors of modern slavery, people trafficking and domestic violence.",NA,"503",NA
"We will ensure justice for migrant domestic workers",NA,"503",NA
"and restore the overseas domestic workers’ visa.",NA,"602.2",NA
"If we remain in the EU, freedom of movement would continue.",NA,"201.2",NA
"If we leave, it will be subject to negotiations, but we recognise the social and economic benefits that free movement has brought both in terms of EU citizens here and UK citizens abroad –",NA,"607.1",NA
"and we will seek to protect those rights.",NA,"201.2",NA
"In accordance with our values and domestic laws, we will uphold the right to a family life for British, EU and non-EU residents alike.",NA,"201.2",NA
"We will end the deportation of family members of people entitled to be here",NA,"503",NA
"and end the minimum income requirements which separate families.",NA,"503",NA
"Refugees",NA,"H",NA
"Refugees are victims of wars, environmental catastrophes, famine or persecution.",NA,"201.2",NA
"This government has failed its international legal obligations to refugees",NA,"201.2",NA
"and to allow people to exercise their rights to seek asylum.",NA,"201.2",NA
"A Labour government will uphold those rights and meet those obligations.",NA,"201.2",NA
"We will work with others to resume rescue missions in the Mediterranean,",NA,"201.2",NA
"co-operate with the French authorities to put an end to the horrific camps,",NA,"201.2",NA
"and establish safe and legal routes for asylum seekers.",NA,"201.2",NA
"Once here, refugees will have the right to work,  access to public services and will be treated humanely by government at all levels.",NA,"201.2",NA
"SOCIAL SECURITY",NA,NA,NA
"Labour holds social security in the same esteem as our health and education systems.",NA,"504",NA
"It is there to help each of us in times of need.",NA,"504",NA
"If someone falls on hard times – because they lose their job, get sick or lose a loved one – Labour will help them live with dignity and provide support to get them back on their feet.",NA,"503",NA
"While Labour wants a society in which people care for one another, the Tories are trying to pitch us against each other.",NA,"305.1",NA
"Under the Tories, the social security system has lost sight of its purpose.",NA,"305.1",NA
"Poverty has become endemic,",NA,"503",NA
"the glue that binds our society together has come unstuck",NA,"503",NA
"and, in the words of the United Nations, the UK’s social safety net ‘has been deliberately removed and replaced with a harsh and uncaring ethos’.",NA,"503",NA
"The cruelty and heartlessness of the Tories has made the Department for Work and Pensions (DWP) a symbol of fear.",NA,"305.1",NA
"When people feel the DWP is more about harassment than a helping hand, something has gone seriously wrong.",NA,"503",NA
"Labour will completely change this culture, replacing the DWP on day one with a Department for Social Security, which will be there to help and support people, not punish and police them.",NA,"503",NA
"We will put children at the heart of everything we do, developing a cross- governmental National Strategy for Childhood focusing on health, security, well-being and poverty.",NA,"503",NA
"We will give effect to the UN Convention on the Rights of the Child.",NA,"201.2",NA
"Universal Credit",NA,"H",NA
"The Tories’ flagship social security programme, Universal Credit (UC), has been a catastrophe.",NA,"504",NA
"It has pushed thousands of people into poverty,",NA,"503",NA
"caused families to lose their homes",NA,"504",NA
"and forced parents to visit food banks in order to feed their children.",NA,"503",NA
"Labour will scrap UC.",NA,"305.1",NA
"We will immediately stop moving people onto it and design an alternative system that treats people with dignity and respect.",NA,"504",NA
"Our ambition in designing this system will be to end poverty by guaranteeing a minimum standard of living.",NA,"504",NA
"We will start developing this system immediately.",NA,"504",NA
"But we have learned the lessons from Tory failure: major policy change can’t be delivered overnight, especially when people’s lives depend on it.",NA,"305.1",NA
"So we will also implement an emergency package of reforms to mitigate some of the worst features of UC while we develop our replacement system.",NA,"504",NA
"We will end the five-week wait by introducing an interim payment based on half an estimated monthly entitlement.",NA,"504",NA
"We will immediately suspend the Tories’ vicious sanction regime and ensure that employment support is positive not punitive.",NA,"504",NA
"We will stop 300,000 children from being in poverty by scrapping the benefit cap and the two child limit, so ending the immoral and outrageous ‘rape clause’.",NA,"504",NA
"We will pay childcare costs up front so that parents aren’t forced to turn down work or get into debt to pay for childcare.",NA,"504",NA
"Labour will protect women in abusive relationships by splitting payments and paying the child element to the primary carer.",NA,"503",NA
"We will make it easier for people to manage their living costs by introducing fortnightly payments and paying the housing element directly to landlords.",NA,"504",NA
"The Conservative’s ‘digital only’ approach is excluding vulnerable people.",NA,"503",NA
"Labour will end the digital barrier and offer telephone, face-to- face and outreach support.",NA,"504",NA
"We will recruit 5,000 additional advisors to deliver this.",NA,"504",NA
"Tory cuts are pushing people into rent arrears and leaving them at risk of homelessness.",NA,"504",NA
"We will stop housing costs running away from benefits by scrapping the bedroom tax",NA,"504",NA
"and increasing the Local Housing Allowance.",NA,"504",NA
"Disabled People",NA,"H",NA
"Labour stands with and for disabled people.",NA,"503",NA
"We will always challenge stigma and discrimination wherever it is found",NA,"503",NA
"and support the right of disabled people to live independently and be treated with respect.",NA,"503",NA
"The Tories’ rhetoric of ‘scroungers’ and ‘skivers’ has whipped up hatred of disabled people, with disability hate crime skyrocketing, up 37% in the last year alone.",NA,"503",NA
"Labour will never demonise disabled people",NA,"503",NA
"or the unemployed.",NA,"701",NA
"Labour follows the social model of disability – it is not people’s condition or impairment that disables them, but society’s failure to adapt to those conditions and impairments.",NA,"503",NA
"We are committed to removing the barriers constructed by society and ensuring that disabled people can participate fully and equally in our society.",NA,"503",NA
"The Conservatives have created a hostile environment for disabled people, who have borne the brunt of Tory cuts.",NA,"503",NA
"The United Nations has said that the Tories have systematically and gravely violated disabled people’s rights by denying them the support they are entitled to.",NA,"201.2",NA
"Labour will end this hostile environment.",NA,"305.1",NA
"We will give effect to the UN Convention on the Rights of Persons with Disabilities",NA,"201.2",NA
"and amend the Equality Act to reflect the social model of disability.",NA,"201.2",NA
"We will stop the dehumanising Work Capability and PIP Assessments, which repeatedly and falsely find ill or disabled people fit to work,",NA,"504",NA
"and make sure all assessments are done in-house.",NA,"504",NA
"Social security is meant to help disabled people cope with the additional costs and disadvantages they face.",NA,"504",NA
"But the Tories have cut back that support to inadequate levels.",NA,"504",NA
"Time and again disabled people have had to fight through the courts to receive the support they are entitled to.",NA,"504",NA
"Labour will make sure people who are ill and disabled receive the support they need to lead full, independent lives.",NA,"504",NA
"We will: Increase Employment and Support Allowance by £30 per week for those in the work-related activity group.",NA,"504",NA
"Raise the basic rate of support for children with disabilities to the level of Child Tax Credits",NA,"504",NA
"Ensure that severely disabled people without a formal carer receive extra support to enable them to meet the extra costs they inevitably face.",NA,"504",NA
"We will support those who look after others, increasing the Carer’s Allowance to the level of the Jobseeker’s Allowance.",NA,"504",NA
"We will help disabled people who want to work by bringing back specialist employment advisors,",NA,"504",NA
"introducing a government-backed Reasonable Adjustments Passport scheme to help people move between jobs more easily,",NA,"504",NA
"and reviewing support for disabled people at work, including the Access to Work scheme.",NA,"503",NA
"Pensions",NA,"H",NA
"People work hard for most of their lives and deserve a decent retirement free of financial stress and insecurity.",NA,"504",NA
"Under the Tories, 400,000 pensioners have been pushed into poverty",NA,"504",NA
"and a generation of women born in the 1950s have had their pension age changed without fair notification.",NA,"503",NA
"This betrayal left millions of women with no time to make alternative plans – with sometimes devastating personal consequences.",NA,"503",NA
"Labour recognises this injustice, and will work with these women to design a system of recompense for the losses and insecurity they have suffered.",NA,"503",NA
"We will ensure that such an injustice can never happen again by legislating to prevent accrued rights to the state pension from being changed.",NA,"504",NA
"The Conservatives have repeatedly raised the state pension age despite overseeing a decline in life expectancy.",NA,"504",NA
"Labour will abandon the Tories’ plans to raise the State Pension Age, leaving it at 66.",NA,"504",NA
"We will review retirement ages for physically arduous and stressful occupations, including shift workers, in the public and private sectors.",NA,"504",NA
"We will maintain the ‘triple lock’ and guarantee the Winter Fuel Payment, free TV licences and free bus passes as universal benefits.",NA,"504",NA
"Thanks to automatic enrolment, which was introduced by the last Labour government, record numbers of employees are now in workplace pension schemes.",NA,"504",NA
"But too many people are still not saving enough for a comfortable retirement.",NA,"504",NA
"We will stop people being auto-enrolled into rip-off schemes and seek to widen and expand access for more low-income and self-employed workers.",NA,"504",NA
"We will establish an independent Pensions’ Commission, modelled on the Low Pay Commission, to recommend target levels for workplace pensions.",NA,"504",NA
"We will create a single, comprehensive and publicly run pensions dashboard that is fully transparent, including information about costs and charges.",NA,"504",NA
"We will legislate to allow the CWU- Royal Mail agreement for a collective pension scheme to proceed and allow similar schemes.",NA,"504",NA
"Labour has listened to the NUM and in government will end the injustice of the state taking 50% of the surplus in the Mineworkers’ Pension Scheme",NA,"503",NA
"and introduce new sharing arrangements so that 10% goes to government and 90% stays with scheme members.",NA,"503",NA
"This new sharing arrangement will also apply to the British Coal Staff Superannuation Scheme.",NA,"503",NA
"We will ensure that the pensions of UK citizens living overseas rise in line with pensions in Britain.",NA,"504",NA
"HOUSING",NA,"H",NA
"Everyone has the right to a decent, secure home.",NA,"504",NA
"In 1945, Labour promised to ‘proceed with a housing programme with the maximum practical speed until every family in this island has a good standard of accommodation’.",NA,"504",NA
"In 2019, we renew that pledge.",NA,"504",NA
"But too many people are being denied their right to a good home by our housing system that treats homes as financial assets rather than places to live.",NA,"504",NA
"There is no starker symbol of the failing housing system than the horror of the Grenfell Tower fire.",NA,"503",NA
"A Labour government will bring system-wide change, so that a tragedy like Grenfell never happens again.",NA,"504",NA
"We will introduce a £1 billion Fire Safety Fund to fit sprinklers and other fire safety measures in all high- rise council and housing association tower blocks,",NA,"504",NA
"enforce the replacement of dangerous Grenfell- style cladding on all high-rise homes and buildings,",NA,"503",NA
"while introducing mandatory building standards and guidance, inspected and enforced by fully trained Fire and Rescue Service fire safety officers.",NA,"403",NA
"Grenfell Tower was the confirmation of a more far- reaching crisis.",NA,"503",NA
"Everyone knows of someone affected by the housing crisis: younger people unable to buy a first home,",NA,"503",NA
"renters trapped in damp flats,",NA,"503",NA
"families stuck on council waiting lists,",NA,"504",NA
"leasehold home-owners hit by unfair fees,",NA,"503",NA
"people who are homeless living and dying on our streets.",NA,"503",NA
"The gap between the housing haves and have-nots is at the heart of the injustice in our country today.",NA,"503",NA
"Since 2010, the Conservatives have slashed funding for new homes,",NA,"504",NA
"refused to regulate for higher standards",NA,"403",NA
"and given a free hand to commercial property developers.",NA,"403",NA
"There are fewer new homes for social rent,",NA,"504",NA
"a million more households stuck renting from a private landlord,",NA,"504",NA
"900,000 fewer young people owning a home",NA,"503",NA
"and more than twice as many people sleeping on our streets.",NA,"503",NA
"Only Labour has a plan to fix the housing crisis.",NA,"305.1",NA
"We will act on every front to bring the cost of housing down and standards up, so that everyone has a decent, affordable place to call home.",NA,"503",NA
"Labour will create a new Department for Housing,",NA,"504",NA
"make Homes England a more accountable national housing agency",NA,"504",NA
"and put councils in the driving seat.",NA,"301",NA
"We will set out a strategy for a flourishing construction sector",NA,"402",NA
"with a skilled workforce",NA,"411",NA
"and full rights at work.",NA,"701",NA
"Labour will set up a new English Sovereign Land Trust, with powers to buy land more cheaply",NA,"413",NA
"for low-cost housing.",NA,"504",NA
"We will use public land to build this housing, not sell it off to the highest bidder.",NA,"504",NA
"Developers will face new ‘use it or lose it’ taxes on stalled housing developments.",NA,"403",NA
"We will keep the Land Registry in public hands, and make ownership of land more transparent.",NA,"202.1",NA
"We will make brownfield sites the priority for development",NA,"416.2",NA
"and protect the green belt.",NA,"501",NA
"Labour will tackle the climate crisis and cut energy bills by introducing a tough, new zero-carbon homes standard for all new homes,",NA,"501",NA
"and upgrading millions of existing homes to make them more energy efficient.",NA,"501",NA
"We will review the planning guidance for developments in flood risk areas.",NA,"501",NA
"Council and Social Homes",NA,"H",NA
"The only way to deliver on everyone’s right to a good home is to build publicly funded social housing.",NA,"504",NA
"Labour will deliver a new social housebuilding programme of more than a million homes over a decade, with council housing at its heart.",NA,"504",NA
"By the end of the Parliament we will be building at an annual rate of at least 150,000 council and social homes,",NA,"504",NA
"with 100,000 of these built by councils for social rent in the biggest council housebuilding programme in more than a generation.",NA,"504",NA
"We will establish a new duty on councils to plan and build these homes in their area,",NA,"504",NA
"and fund them to do so, with backing from national government.",NA,"504",NA
"We will scrap the Conservatives’ bogus definition of ‘affordable’, set as high as 80% of market rents, and replace it with a definition linked to local incomes.",NA,"503",NA
"These council and housing association homes will be more affordable than market housing",NA,"503",NA
"and built to higher standards.",NA,"503",NA
"We will end the conversion of office blocks to homes that sidestep planning permission through ‘permitted development’.",NA,"403",NA
"We will stop the haemorrhage of low- cost homes by ending the right to buy,",NA,"503",NA
"along with the forced conversion of social rented homes to so-called ‘affordable rent’.",NA,"503",NA
"We will review the case for reducing the amount of housing debt councils currently hold.",NA,"503",NA
"And we will give councils the powers and funding to buy back homes from private landlords.",NA,"301",NA
"We will give tenants a stronger say in the management of their homes",NA,"503",NA
"and stop social cleansing by making sure regeneration only goes ahead when it has the consent of residents,",NA,"503",NA
"and that all residents are offered a new property on the same site and terms.",NA,"503",NA
"We will fund a new Decent Homes programme to bring all council and housing association homes up to a good standard.",NA,"504",NA
"Home Ownership",NA,"H",NA
"Under the Tories, home ownership is getting further out of reach for more and more people.",NA,"503",NA
"Numbers of new affordable homes to buy have fallen,",NA,"503",NA
"and fewer younger people can afford their own home.",NA,"503",NA
"We will build more low-cost homes reserved for first-time buyers in every area, including Labour’s new discount homes with prices linked to local incomes.",NA,"503",NA
"We will reform Help to Buy to focus it on first-time buyers on ordinary incomes.",NA,"503",NA
"We will introduce a levy on overseas companies buying housing,",NA,"403",NA
"while giving local people ‘first dibs’on new homes built in their area.",NA,"503",NA
"We will bring empty homes back into use by giving councils new powers to tax properties empty for over a year.",NA,"301",NA
"Labour will end the scandal of leasehold for the millions who have bought their home but don’t feel like they own it.",NA,"403",NA
"We will end the sale of new leasehold properties,",NA,"403",NA
"abolish unfair fees and conditions,",NA,"403",NA
"and give leaseholders the right to buy their freehold at a price they can afford.",NA,"403",NA
"We will introduce equivalent rights for freeholders on privately owned estates.",NA,"403",NA
"Private Renters",NA,"H",NA
"More than 11 million people rent from a private landlord and many of them are at the sharp end of the housing crisis.",NA,"503",NA
"We will take urgent action to protect private renters through rent controls,",NA,"403",NA
"open-ended tenancies,",NA,"403",NA
"and new, binding minimum standards.",NA,"403",NA
"Labour will stop runaway rents by capping them with inflation,",NA,"403",NA
"and give cities powers to cap rents further.",NA,"301",NA
"We will give renters the security they need to make their rented housing a home, with new open-ended tenancies to stop unfair, ‘no fault’ evictions.",NA,"403",NA
"We will make sure every property is up to scratch with new minimum standards, enforced through nationwide licensing and tougher sanctions for landlords who flout the rules.",NA,"403",NA
"We will fund new renters’ unions in every part of the country – to allow renters to organise and defend their rights.",NA,"403",NA
"We will get rid of the discriminatory rules that require landlords to check people’s immigration status",NA,"503",NA
"or that allow them to exclude people on housing benefit.",NA,"503",NA
"We will give councils new powers to regulate short-term lets through companies such as Airbnb.",NA,"301",NA
"Homelessness",NA,"H",NA
"No one should sleep without a roof over their head in one of the richest countries in the world.",NA,"503",NA
"But under the Tories, the number of people sleeping rough has more than doubled.",NA,"503",NA
"Over 125,000 children are now living in temporary accommodation, without a home to call their own – or the space they need to thrive.",NA,"503",NA
"Labour will tackle the root causes of rising homelessness with more affordable homes",NA,"504",NA
"and stronger rights for renters.",NA,"503",NA
"Labour will end rough sleeping within five years, with a national plan driven by a prime minister-led taskforce.",NA,"504",NA
"We will expand and upgrade hostels, turning them into places where people can turn their lives around.",NA,"504",NA
"We will make available 8,000 additional homes for people with a history of rough sleeping.",NA,"504",NA
"We will tackle the wider causes of homelessness, raising the Local Housing Allowance in line with the 30th percentile of local rents,",NA,"504",NA
"and earmarking an additional £1 billion a year for councils’ homelessness services.",NA,"504",NA
"We will bring in a new national levy on second homes used as holiday homes to help deal with the homelessness crisis, so that those who have done well from the housing market pay a bit more to help those with no home.",NA,"503",NA
"We will save lives this winter by ensuring extra shelters and support are in place in all areas.",NA,"504",NA
"And we’ll repeal the Vagrancy Act and amend antisocial behaviour legislation to stop the law being used against people because they are homeless.",NA,"605.2",NA
"CONSTITUTIONAL ISSUES",NA,"H",NA
"For many people, politics doesn’t work.",NA,"202.1",NA
"The Westminster bubble is a world away from their daily lives.",NA,"202.1",NA
"The Labour Party was founded to give working-class people a voice in politics.",NA,"202.1",NA
"We want our political institutions to be connected fully to the wider electorate, and will take urgent steps to refresh our democracy.",NA,"202.1",NA
"The time has come for the real changes that a Labour government will bring.",NA,"202.1",NA
"We will act immediately to end the hereditary principle in the House of Lords,",NA,"202.1",NA
"and work to abolish the House of Lords in favour of Labour’s preferred option of an elected Senate of the Nations and Regions,",NA,"202.1",NA
"but we also believe that the people must be central to historic political changes.",NA,"202.1",NA
"The renewal of our Parliament will be subject to recommendations made by a UK-wide Constitutional Convention, led by a citizens’ assembly.",NA,"202.1",NA
"This Convention will answer crucial questions on how power is distributed in the UK today,",NA,"202.1",NA
"how nations and regions can best relate to each other",NA,"202.1",NA
"and how a Labour government can best put power in the hands of the people.",NA,"202.1",NA
"Only a Labour government will safeguard the future of a devolved UK, reforming the way in which it works to make it fit for the future.",NA,"305.1",NA
"Britain is one of the most centralised countries in Europe.",NA,"301",NA
"Labour will decentralise decision-making and strengthen local democracy.",NA,"301",NA
"We reiterate our commitment to One Yorkshire,",NA,"301",NA
"and will make directly elected mayors more accountable to local councillors and elected representatives.",NA,"202.1",NA
"We will re-establish regional Government Offices to make central government more attuned to our English regions,",NA,"301",NA
"to support our regional investments,",NA,"301",NA
"and to enable the shift of political power away from Westminster.",NA,"301",NA
"Our democratic revolution will also extend to elections.",NA,"202.1",NA
"A Labour government will repeal the Fixed-term Parliaments Act 2011, which has stifled democracy and propped up weak governments.",NA,"202.1",NA
"We will maintain 650 constituencies and respond objectively to future, independent boundary reviews.",NA,"202.1",NA
"We will oversee the largest extension of the franchise in generations, reducing the voting age to 16,",NA,"202.1",NA
"giving full voting rights to all UK residents,",NA,"202.1",NA
"making sure everyone who is entitled to vote can do so by introducing a system of automatic voter registration,",NA,"202.1",NA
"and abandoning plans to introduce voter ID which has been shown to harm democratic rights.",NA,"202.1",NA
"Tackling Vested Interests",NA,"H",NA
"Labour will change how politics is funded, banning donations from tax avoiders and tax evaders,",NA,"304",NA
"and closing loopholes that allow the use of shell companies to funnel dark money into politics.",NA,"304",NA
"We will free the voices of civil society by repealing the Lobbying Act 2014 and overhauling the rules that govern corporate lobbying.",NA,"304",NA
"We will introduce a lobbying register covering both in-house lobbyists and think tanks and extending to contacts made with all senior government employees, not just ministers.",NA,"304",NA
"We will also increase the financial penalties available to the Electoral Commission",NA,"304",NA
"and require imprints for digital political adverts.",NA,"304",NA
"We will stop MPs from taking paid second jobs, with limited exemptions to maintain professional registrations like nursing.",NA,"304",NA
"We will replace ACOBA, the business appointments committee, with a sufficiently resourced and empowered new body, governed by a diverse and representative board and established in law.",NA,"304",NA
"We will also overhaul the system of ministerial appointments to public office.",NA,"304",NA
"We will bring greater transparency by extending Freedom of Information rules to cover private providers of public services, setting new standards of consistent disclosure practice",NA,"304",NA
"and ending the six-month time limit in which the Information Commissioner can prosecute the deliberate destruction of public records.",NA,"304",NA
"Northern Ireland",NA,"H",NA
"The Good Friday Agreement and long- term peace in Northern Ireland is one of the great achievements of Labour in government.",NA,"106",NA
"Therefore, as a priority, Labour will work quickly and tirelessly to secure the return of a genuine power- sharing government in Northern Ireland.",NA,"202.1",NA
"The devolved power-sharing institutions have not been running in Stormont for over 1,000 days.",NA,"202.1",NA
"During this period people have suffered in the face of a funding crisis as austerity continues to damage public services, which Labour will resolve.",NA,"504",NA
"Working with a new assembly and power-sharing government, Labour will invest an extra £1.9 billion to end austerity and rebuild public services in Northern Ireland",NA,"504",NA
"Women in Northern Ireland should have access to abortions in Northern Ireland.",NA,"604",NA
"A Labour government will fully implement new laws on equal marriage in Northern Ireland so that same- sex couples are no longer treated as second-class citizens.",NA,"604",NA
"We will work with all major parties in Northern Ireland to provide a good platform for the restoration of devolution",NA,"301",NA
"alongside bringing forward and implementing a Bill of Rights for Northern Ireland as outlined in the Good Friday Agreement.",NA,"201.2",NA
"A Labour government will also protect Northern Ireland and its people in any future Brexit outcome by ensuring that there is no return to a hard border between Northern Ireland and the Republic of Ireland",NA,"406",NA
"or the creation of a regulatory border down the Irish Sea.",NA,"406",NA
"Wales",NA,"H",NA
"Labour’s constitutional convention will include the Welsh Government’s 20-point plan for the future of the UK to better recognise the realities of a devolved UK.",NA,"301",NA
"Alongside this work, we need long-term reform of how the UK allocates public expenditure to ensure that it reflects the needs of different parts of our country",NA,"301",NA
"and that no nation or region of the UK is unfairly disadvantaged.",NA,"301",NA
"Labour in Wales has pioneered the social partnership approach.",NA,"405",NA
"With a UK Labour government investing an extra £3.4 billion in Wales,",NA,"405",NA
"and a UK Ministry for Employment Rights we will be able to do much more.",NA,"701",NA
"Wales led the first industrial revolution and with a Labour government in Westminster, we will be at the forefront of the Green Industrial Revolution of the future.",NA,"501",NA
"We will create jobs in Wales through environmental energy schemes such as the Swansea Bay tidal lagoon project.",NA,"701",NA
"The Tories have let down the people of Ynys Môn (Anglesey) by failing to deliver the Wylfa project.",NA,"305.1",NA
"Labour will work with people on the island to maximise its potential for new nuclear energy,",NA,"410",NA
"alongside investment in renewables.",NA,"416.2",NA
"Nine years of Tory cuts have done untold damage",NA,"503",NA
"and the Thomas Commission on Justice in Wales is clear that the justice system is not working for Wales.",NA,"303",NA
"Labour governments in Wales and Westminster will work together, using the Commission’s report, to put that right.",NA,"303",NA
"Three years on from the 2016 EU referendum we understand much more about how Wales will be uniquely exposed to a hard Brexit.",NA,"108",NA
"Only Labour will put this decision back in the hands of the people,",NA,"202.1",NA
"and in Wales the Welsh Labour government will campaign to remain.",NA,"108",NA
"Scotland",NA,"H",NA
"Labour in government will give around 700,000 Scottish workers a pay rise when we introduce a Real Living Wage of £10 an hour.",NA,"412",NA
"We will also provide Scotland with at least around £100 billion of additional resources over two terms.",NA,"410",NA
"This investment will transform Scotland’s people, communities, public services and industries.",NA,"410",NA
"As part of that additional resource Labour would want to see £10 billion from our new National Transformation Fund invested in the building of 120,000 council and social homes in Scotland over the next ten years,",NA,"504",NA
"ending the housing crisis",NA,"503",NA
"and creating up to 50,000 jobs.",NA,"701",NA
"This is the difference a UK Labour government would make to Scotland",NA,"305.1",NA
"As part of our Green Industrial Revolution we will invest £6 billion in retrofitting houses across Scotland, which will help tackle the climate emergency",NA,"501",NA
"at the same time as lowering bills, ending fuel poverty",NA,"503",NA
"and creating 35,000 jobs.",NA,"701",NA
"A UK Labour government will also provide the Scottish National Investment Bank, under Scottish control, with £20 billion of lending power to deliver funds to local projects",NA,"402",NA
"and Scotland’s small businesses.",NA,"402",NA
"Labour believes that Scottish independence would be economically devastating and it would be the many not the few who would pay the price.",NA,"203",NA
"Scotland needs the transformative investment coming from a Labour government, not another referendum and not independence.",NA,"203",NA
"A UK Labour government will focus on tackling the climate emergency,",NA,"501",NA
"ending austerity and cuts,",NA,"503",NA
"and getting Brexit sorted.",NA,"303",NA
"That’s why in the early years of a UK Labour government we will not agree to a Section 30 order request if it comes from the Scottish Government.",NA,"203",NA
"THE FINAL SAY ON BREXIT",NA,"H",NA
"89THE FINAL SAY ON BREXIT",NA,"H",NA
"THE FINAL SAY ON BREXIT",NA,"H",NA
"Labour will give the people the final say on Brexit.",NA,"202.1",NA
"Within three months of coming to power, a Labour government will secure a sensible deal.",NA,"305.1",NA
"And within six months, we will put that deal to a public vote alongside the option to remain.",NA,"202.1",NA
"A Labour government will implement whatever the people decide.",NA,"202.1",NA
"Only a Labour government will put this decision in the hands of the people to give you the final say.",NA,"202.1",NA
"This will be a legally binding referendum and we will implement the people’s decision immediately.",NA,"202.1",NA
"The Tories have failed for three years to get Brexit sorted, in a shambles of repeated delays and uncertainty.",NA,"305.1",NA
"Whether people voted Leave or Remain in 2016, people and businesses are crying out for politicians in Westminster to finally focus on the wider challenges we face.",NA,"305.3",NA
"Labour rules out a no-deal Brexit,",NA,"305.1",NA
"and we will end the scandal of billions of pounds of taxpayers’ money being wasted on no-deal preparations.",NA,"303",NA
"No deal has never been a viable option.",NA,"403",NA
"It would do enormous harm to jobs, rights, security and to our NHS.",NA,"403",NA
"Labour has led the campaign to stop a no-deal Brexit.",NA,"403",NA
"A majority Tory government would pose a renewed threat of the UK crashing out with no deal.",NA,"305.1",NA
"Only a Labour government can prevent this.",NA,"305.1",NA
"We will rip up the deeply flawed deal negotiated by Boris Johnson.",NA,"305.2",NA
"We opposed his deal precisely because it would do such harm to workers’ rights,",NA,"701",NA
"environmental protections",NA,"501",NA
"and to our manufacturing industry.",NA,"403",NA
"Boris Johnson’s deal is even worse than Theresa May’s:",NA,"305.2",NA
"it would leave the UK £70 billion worse off by 2029;",NA,"403",NA
"it would give the green light to deregulation undermining UK manufacturing;",NA,"403",NA
"and it would leave our NHS at the mercy of a trade deal with Donald Trump.",NA,"403",NA
"This sell-out deal is unacceptable to Labour.",NA,"403",NA
"Labour will secure a new Brexit deal – one that protects jobs,",NA,"701",NA
"rights",NA,"201.2",NA
"and the environment,",NA,"501",NA
"avoids a hard border in Northern Ireland",NA,"406",NA
"and protects the Good Friday Agreement and the peace process.",NA,"106",NA
"We will also ensure that there is no change in the status or sovereignty of Gibraltar.",NA,"203",NA
"Our deal will be based on the principles we have set out over the last two years.",NA,"403",NA
"It will include: A permanent and comprehensive UK-wide customs union, which is vital to protect our manufacturing industry",NA,"403",NA
"and allows the UK to benefit from joint UK-EU trade deals,",NA,"403",NA
"and is backed by businesses and trade unions.",NA,"405",NA
"Close alignment with the Single Market – ensuring we have a strong future economic relationship with the EU that can support UK businesses.",NA,"406",NA
"Dynamic alignment on workers’ rights,",NA,"701",NA
"consumer rights",NA,"403",NA
"and environmental protections",NA,"501",NA
"so that UK standards keep pace across Europe as a minimum, allowing the UK to lead the way, not fall behind.",NA,"601.1",NA
"Continued participation in EU agencies and funding programmes, including in such vital areas of co-operation as the environment, scientific research and culture.",NA,"108",NA
"Clear commitments on future security arrangements, including access to the European Arrest Warrant and shared databases, making people safer at home and abroad.",NA,"108",NA
"Labour will secure a revised Withdrawal Agreement that provides legal protection for citizens’ rights,",NA,"202.1",NA
"meets our international obligations –",NA,"107",NA
"particularly with regard to the Good Friday Agreement –",NA,"106",NA
"and ensures an appropriate transition period to allow businesses and citizens to adapt to any new arrangements.",NA,"403",NA
"We will also secure robust and legally binding protections for workers’ rights,",NA,"201.2",NA
"consumer standards",NA,"403",NA
"and environmental protections,",NA,"501",NA
"and ensure level-playing- field protections are maintained.",NA,"403",NA
"Labour will never accept an outcome that puts rights and standards at risk.",NA,"403",NA
"Once we have secured this new deal we will put it to a legally binding referendum alongside the option of remaining in the EU.",NA,"202.4",NA
"This will take place within the first six months of a Labour government.",NA,"202.4",NA
"Labour is the only party that can heal the harmful divisions in our communities",NA,"503",NA
"and address the devastation caused by 10 years of austerity, ruthlessly imposed on society by the Tories and Lib Dems.",NA,"305.1",NA
"While other parties have exacerbated polarisation, defining everyone by how they voted in the 2016 EU Referendum, Labour has consistently reached across this divide.",NA,"305.1",NA
"Only Labour will deliver a final say referendum.",NA,"202.4",NA
"Only Labour will offer the choice of remaining in the EU, or leaving with a sensible deal.",NA,"305.1",NA
"This final say referendum will not be a re-run of 2016.",NA,"202.4",NA
"It will be legally binding.",NA,"202.4",NA
"Labour will implement the decision of the British people immediately.",NA,"202.4",NA
"Labour will introduce legislation to facilitate this referendum and to provide legal certainty and stability following the result.",NA,"202.4",NA
"We will introduce a Withdrawal Agreement and Referendum Bill, providing the legal basis to conduct and implement the outcome of the referendum.",NA,"202.4",NA
"We will scrap the Brexit legislation currently proposed by the Tories and introduce new legislation that is in line with Labour’s priorities and principles to protect our economy,",NA,"402",NA
"trade,",NA,"406",NA
"jobs",NA,"701",NA
"and rights.",NA,"201.2",NA
"This will include new legislation to ensure support and certainty for UK farmers,",NA,"703.1",NA
"our fishing industry",NA,"703.1",NA
"and protection for our natural environment.",NA,"501",NA
"Labour recognises the huge benefits of immigration to our country.",NA,"602.2",NA
"Many British citizens have benefited from freedom of movement, which has given them the opportunity to study, work or retire abroad.",NA,"602.2",NA
"Likewise our public services and our industry have benefited from skilled workers coming here.",NA,"602.2",NA
"Labour believes that citizens’ rights should never have been used as a bargaining chip in the Brexit negotiations,",NA,"201.2",NA
"and recognises the huge anxiety this has caused for the three million EU nationals living in the UK and the 1.2 million UK nationals who have made their home elsewhere in the EU.",NA,"201.2",NA
"We will end the uncertainty created by the EU Settlement Scheme by granting EU nationals the automatic right to continue living and working in the UK.",NA,"602.2",NA
"This new declaratory system will allow EU nationals the chance to register for proof of status if they wish, but will mean they no longer have to apply to continue living and working in this country.",NA,"602.2",NA
"This will help ensure reciprocal treatment for UK citizens living in the EU.",NA,"602.2",NA
"It will also prevent a repeat of the shameful Windrush scandal and avoid unnecessarily criminalising hundreds of thousands of EU nationals.",NA,"602.2",NA
"If in a referendum the British people decide to remain in the EU, this must not mean accepting the status quo.",NA,"110",NA
"Labour will work with partners across Europe to make the case for radical reform of the EU –",NA,"110",NA
"in particular to ensure that its collective strength is focused on tackling the climate emergency,",NA,"501",NA
"tax evasion",NA,"403",NA
"and ending austerity and inequality.",NA,"503",NA
"The EU needs a new political direction and, if the people decide the UK should remain in the EU, Labour will lead the way to ensure that change.",NA,"110",NA
"For too long a politically inflicted wave of austerity has damaged communities across Britain and across Europe.",NA,"110",NA
"The most vulnerable members in our society have suffered,",NA,"503",NA
"while the super-rich continue to be rewarded by a system that allows them to thrive at the expense of the many.",NA,"403",NA
"This must change.",NA,"503",NA
"If the country decides to remain, a Labour government will take a different approach and strive to ensure that the EU works for people across our communities.",NA,"503",NA
"The EU should focus on policies that value investment, protect public services and make those who have the most pay their fair share.",NA,"503",NA
"If people decide to leave, a Labour government will work constructively with the EU on vital issues of mutual interest and to the mutual benefit of the UK and EU.",NA,"107",NA
"But we will leave the EU.",NA,"110",NA
"Most importantly, under a Labour government, you will get the final say on Brexit.",NA,"202.4",NA
"A NEW INTERNATIONALISM",NA,"H",NA
"95A NEW INTERNATIONALISM",NA,NA,NA
"97EFFECTIVE DIPLOMACY",NA,NA,NA
"100DEFENCE AND SECURITY",NA,NA,NA
"103INTERNATIONAL SOLIDARITY AND SOCIAL JUSTICE",NA,NA,NA
"A NEW INTERNATIONALISM",NA,"H",NA
"Labour will put human rights,",NA,"201.2",NA
"international law",NA,"107",NA
"and tackling climate change at the heart of our international policies,",NA,"501",NA
"and use our global influence to end the ‘bomb first, talk later’ approach to security.",NA,"105",NA
"Labour will always do what is needed to protect the security of people in the UK.",NA,"601.1",NA
"International peace and security will be a primary objective of a Labour government’s foreign policy.",NA,"106",NA
"Britain deserves better than the Conservatives’ reckless approach to complex global challenges",NA,"305.1",NA
"or the outsourcing of UK foreign policy to US President Donald Trump.",NA,"102",NA
"Failed military interventions in countries like Libya have worsened security across North Africa,",NA,"105",NA
"accelerating the refugee crisis.",NA,"201.2",NA
"Our approach will be based on our values.",NA,"305.1",NA
"Within the first year of government Labour will: Introduce a War Powers Act to ensure that no prime minister can bypass Parliament to commit to conventional military action.",NA,"105",NA
"Unlike the Conservatives, we will implement every single recommendation of the Chilcot Inquiry.",NA,"305.1",NA
"Conduct an audit of the impact of Britain’s colonial legacy to understand our contribution to the dynamics of violence and insecurity across regions previously under British colonial rule.",NA,"602.1",NA
"Invest an additional £400 million in our diplomatic capacity to secure Britain’s role as a country that promotes peace,",NA,"106",NA
"delivers ambitious global climate agreements and",NA,"501",NA
"works through international organisations to secure political settlements to critical issues.",NA,"107",NA
"EFFECTIVE DIPLOMACY",NA,"H",NA
"Internationalism is at the core of the Labour movement.",NA,"107",NA
"We recognise our responsibility to confront injustices we see today and to correct the injustices of the past.",NA,"602.1",NA
"We will: Establish a judge-led inquiry into our country’s alleged complicity in rendition and torture,",NA,"602.1",NA
"and the operation of secret courts.",NA,"602.1",NA
"Issue a formal apology for the Jallianwala Bagh massacre,",NA,"602.1",NA
"and hold a public review into Britain’s role in the Amritsar massacre.",NA,"602.1",NA
"Allow the people of the Chagos Islands and their descendants the right to return to the lands from which they should never have been removed.",NA,"201.2",NA
"Uphold the human rights of the people of West Papua",NA,"201.2",NA
"and recognise the rights of the people of Western Sahara.",NA,"201.2",NA
"We have a duty to stand up for the security and sovereignty of our overseas territories, including the Falklands,",NA,"601.1",NA
"and for the rights of our citizens and dual- nationals abroad,",NA,"201.2",NA
"and will continue fighting for justice on behalf of Nazanin Zaghari-Ratcliffe and other British nationals wrongly imprisoned or suffering mistreatment in captivity abroad.",NA,"503",NA
"Human Rights",NA,"H",NA
"Human rights and international humanitarian law are fundamental pillars of a secure global system.",NA,"201.2",NA
"These principles are under threat.",NA,"201.2",NA
"Some of the world’s most powerful states choose to sell arms to human-rights abusing states.",NA,"201.2",NA
"Conservative ministers, including Boris Johnson, have signed off well over £2 billion of arms sales to repressive regimes since June 2017.",NA,"201.2",NA
"Around the world, human rights defenders and civil society activists remain vulnerable to attacks, often carried out with impunity.",NA,"201.2",NA
"We will: Immediately suspend the sale of arms to Saudi Arabia for use in Yemen",NA,"105",NA
"and to Israel for arms used in violation of the human rights of Palestinian civilians,",NA,"201.2",NA
"and conduct a root-and-branch reform of our arms exports regime so ministers can never again turn a blind eye to British-made weapons being used to target innocent civilians.",NA,"201.2",NA
"Reform the international rules- based order to secure justice and accountability for breaches of human rights and international law, such as the bombing of hospitals in Syria,",NA,"201.2",NA
"the illegal blockade of the Gaza Strip,",NA,"201.2",NA
"the use of rape as a weapon of war against the Rohingya community in Myanmar",NA,"201.2",NA
"and the indiscriminate bombardment of civilians in Yemen.",NA,"105",NA
"We will work through the UN and the Commonwealth to insist on the protection of human rights for Sri Lanka’s minority Tamil and Muslim populations.",NA,"201.2",NA
"Appoint human-rights advisers to work across the Foreign Office and government to prioritise a co-ordinated approach to human rights.",NA,"201.2",NA
"Advocate for human rights at every bilateral diplomatic meeting.",NA,"201.2",NA
"Climate Diplomacy",NA,"H",NA
"There is no greater injustice today than countries in the Global South paying the price for a climate crisis they did not cause.",NA,"503",NA
"Yet some world leaders, including US President Donald Trump and Brazilian President Jair Bolsonaro, champion a climate-change denial agenda.",NA,"501",NA
"Britain’s climate-change diplomacy was respected internationally, playing an important role in securing the Paris Agreement, following the leading role the UK played in securing the Kyoto Agreement.",NA,"501",NA
"However, Boris Johnson – who has described global warming as a ‘primitive fear… without foundation’ – has overseen a 60% cut in the UK’s global network of climate experts.",NA,"305.2",NA
"Only Labour can rebuild Britain’s leadership on the most serious threat to our shared humanity.",NA,"305.1",NA
"We will: Rebuild our climate expertise within the Foreign Office, putting climate diplomacy at the heart of our foreign policy.",NA,"501",NA
"Use our influence at the UN, EU, G7, G20, World Bank, the Commonwealth and other global institutions to promote policies to tackle the climate emergency.",NA,"501",NA
"Use our diplomatic expertise to negotiate and deliver more ambitious global targets to deal with the climate emergency, starting with COP 26 in Glasgow next year.",NA,"501",NA
"Prioritising Conflict Prevention and Building Peace",NA,"H",NA
"The Conservatives have failed to play a constructive role in resolving the world’s most pressing humanitarian crises, including in Kashmir, Yemen and Myanmar, and the escalation of tensions with Iran.",NA,"305.1",NA
"The treatment of the Kurdish people in Syria, including by Turkey, and of the Uighurs in China has been met with total inaction and apathy by the current UK government.",NA,"201.2",NA
"In some cases, they set aside regard for international law, including refusing to criticise Crown Prince Mohammed Bin Salman of Saudi Arabia over the murder of journalist Jamal Khashoggi.",NA,"201.2",NA
"Labour is committed to a comprehensive peace in the Middle East based on a two- state solution – a secure Israel alongside a secure and viable state of Palestine.",NA,"106",NA
"There can be no military solution to this conflict, which must be settled on the basis of justice and international law.",NA,"105",NA
"All sides must avoid taking action that would make peace harder to achieve.",NA,"106",NA
"That means both an end to the blockade, occupation and settlements, and an end to rocket and terror attacks.",NA,"106",NA
"Labour will continue to press for an immediate return to meaningful negotiations leading to a diplomatic resolution.",NA,"106",NA
"A Labour government will immediately recognise the state of Palestine.",NA,"106",NA
"Labour will take all lawful action necessary to counter and confront all forms of terrorism, .",NA,"106",NA
"and we will advocate a long-term multinational political strategy, led by regional actors, to tackle the spread of extremism.",NA,"107",NA
"We believe effective diplomacy can address the drivers of conflict and insecurity.",NA,"107",NA
"We will: Build support for UN reform, including assessing and developing democratisation initiatives, and improving the engagement of the General Assembly in decision-making to ensure its institutions are more effective at achieving peace.",NA,"107",NA
"Prioritise our responsibility to prevent conflict by investing in local capacities for peacebuilding in areas of conflict – advocating for political, multilateral strategies for peace.",NA,"106",NA
"Act immediately to urge negotiations towards a political resolution to conflict wherever it arises, including in the Middle East and sub-Saharan Africa.",NA,"106",NA
"DEFENCE AND SECURIT Y",NA,"H",NA
"The primary duty of government is to guarantee the security of people in the UK.",NA,"605.1",NA
"Labour’s defence policy will be strategic and evidence-led.",NA,"605.1",NA
"Our security at home is made stronger when the security of others elsewhere is guaranteed too.",NA,"107",NA
"An incoming Labour government will undertake a Strategic Defence and Security Review to assess the security challenges facing Britain, including new forms of hybrid, cyber and remote warfare.",NA,"605.1",NA
"This review will also take account of the climate emergency,",NA,"501",NA
"and associated threats of resource competition,",NA,"107",NA
"involuntary migration",NA,"201.2",NA
"and violent conflict.",NA,"106",NA
"Under the Conservatives:  Boris Johnson refuses to publish the report into possible foreign interference by Russia in UK democracy.",NA,"304",NA
"Trained army personnel have been cut from 102,000 to just over 74,000.",NA,"104",NA
"Armed forces and their families have been forced to live in sub-standard accommodation.",NA,"503",NA
"Failing outsourced contracts have not been terminated.",NA,"303",NA
"Our Armed Forces personnel received below-inflation pay rises for seven years.",NA,"701",NA
"The security challenges we face know no borders.",NA,"107",NA
"Labour will increase funding for UN peacekeeping operations to £100 million.",NA,"107",NA
"We will maintain our commitment to NATO",NA,"107",NA
"and our close relationship with our European partners,",NA,"107",NA
"and we will use our influence at the United Nations to support peace and security worldwide.",NA,"106",NA
"Labour supports the renewal of the Trident nuclear deterrent.",NA,"104",NA
"Labour will also actively lead multilateral efforts under our obligations to the Non-Proliferation Treaty to create a nuclear-free world.",NA,"105",NA
"Labour’s commitment to spend at least 2% of GDP on defence will guarantee that our armed forces are versatile and capable of fulfilling the full range of roles and obligations",NA,"104",NA
"We will scrap the public sector pay cap, which resulted in a real-terms pay cut for our armed forces,",NA,"701",NA
"ensure decent housing for forces members and their families,",NA,"504",NA
"and guarantee better access for all forces children to good quality local schools.",NA,"506",NA
"We will consult on creating a representative body for the armed forces, akin to the Police Federation.",NA,"201.2",NA
"Labour will improve opportunities for veterans through access to lifelong learning and training,",NA,"411",NA
"housing",NA,"504",NA
"and mental and physical health services,",NA,"504",NA
"and will seek greater consistency in the implementation of the Armed Forces Covenant by public authorities.",NA,"303",NA
"We will pay a lump sum of £50,000 to each surviving British nuclear-test veteran to support them and their families with the health conditions they have suffered as a result of exposure to radiation.",NA,"503",NA
"We will also ensure that black and Asian soldiers who fought in Britain’s colonial armies receive a full apology",NA,"602.1",NA
"and explore ways to compensate them for the discriminatory demob payments they received compared to their white counterparts serving at the same rank in the same regiments.",NA,"503",NA
"The UK defence industry is world- leading and Labour will continue to work with manufacturers, unions and export partners in line with Labour’s foreign policy to support innovation in this sector to ensure it maintains its highly skilled workforce and world- class apprenticeship programme.",NA,"411",NA
"We are committed to procurement that supports UK defence manufacturing including our aerospace and shipbuilding,",NA,"406",NA
"alongside a vibrant supply chain that includes the British steel industry and other component manufacturing companies",NA,"406",NA
"providing good jobs throughout supply chains.",NA,"701",NA
"Labour will publish a Defence Industrial Strategy White Paper, including a National Shipbuilding Strategy, that keeps all Royal Navy and Royal Fleet Auxiliary shipbuilding contracts in the UK,",NA,"406",NA
"to secure a long-term future for the industry and its workers.",NA,"701",NA
"Reducing our carbon footprint can only happen with ambitious emissions reduction targets at the Ministry of Defence, one of government’s biggest energy users.",NA,"501",NA
"So as part of our Green Industrial Revolution, we will create a Climate Change Sustainability Committee within the department to review the feasibility of increasing the use of sustainable energy in defence,",NA,"501",NA
"and publish a strategy to accelerate the safe and sustainable recycling of our old nuclear submarines.",NA,"501",NA
"INTERNATIONAL SOLIDARIT Y AND SOCIAL JUSTICE",NA,"H",NA
"The scale of the challenges facing our world are enormous.",NA,"107",NA
"Conflict, climate change and a global economy rigged in favour of a tiny elite are driving instability and inequality across the world.",NA,"107",NA
"A bold international development policy driven by social justice has never been more needed.",NA,"107",NA
"Labour will use Britain’s influence within the World Bank, IMF and WTO to transform the rules of the global economy so they work for the many.",NA,"107",NA
"We recognise the need to address historic injustices and will reset our relationships with countries in the Global South based on principles of redistribution and equality, not outdated notions of charity or imperialist rule.",NA,"602.1",NA
"Unlike the Conservatives, Labour is fully committed to a standalone Department for International Development (DfID), with an aid budget of at least 0.7% of gross national income.",NA,"107",NA
"We will introduce the reduction of inequality as a goal for all aid spending alongside existing poverty reduction and gender equality goals.",NA,"107",NA
"For the Conservatives, too often humanitarian aid is undermined by their disastrous foreign policy, as in Yemen.",NA,"107",NA
"Under Labour, we will ensure policy coherence across our international-facing departments.",NA,"303",NA
"Under Labour, DfID will continue to respond to the world’s biggest crises",NA,"107",NA
"and will ensure humanitarian aid is provided according to need, not whether the UK has commerical or other interests in the country.",NA,"107",NA
"DfID will assume a strong position in cross-government decision making, including a permanent seat on the Export Control Joint Unit responsible for licensing arms exports.",NA,"701",NA
"Our international programme will be based on human rights",NA,"201.2",NA
"and gender equality.",NA,"503",NA
"We will: Uphold basic rights to education, health and clean water by establishing a new Unit for Public Services within DfID, which will include increasing direct budgetary support to governments so they can build sustainable services for their citizens.",NA,"107",NA
"Promote fairer international tax rules",NA,"107",NA
"and help countries in the Global South build progressive tax systems to finance essential public services.",NA,"107",NA
"Support trade unions internationally in their efforts to promote collective bargaining for better pay and conditions,",NA,"701",NA
"and include binding social chapters in trade agreements to safeguard workers’ rights.",NA,"701",NA
"Support ongoing UN efforts to introduce a binding international treaty on business and human rights,",NA,"201.2",NA
"and make companies legally accountable for failing to prevent human rights abuses",NA,"201.2",NA
"or environmental damage in their operations and supply chains,",NA,"501",NA
"including criminal liability in the most serious cases.",NA,"501",NA
"Implement a gender transformative approach across all our international work,",NA,"503",NA
"including tripling funding for grassroots women’s organisations",NA,"503",NA
"and establishing an independent ombudsman to tackle abuse in the development sector.",NA,"304",NA
"Labour believes in climate justice.",NA,"501",NA
"Wealthy countries like the UK bear the greatest responsibility for the climate emergency.",NA,"501",NA
"Countries in the Global South that have done the least to cause climate change are already facing the worst impacts, such as rising sea levels, more frequent hurricanes and greater food insecurity.",NA,"501",NA
"We have a duty to right this wrong.",NA,"501",NA
"We will: Provide a top-up of new and additional spending on international climate finance to bring the total to £4 billion a year,",NA,"501",NA
"and also support international calls for compensation to those nations already suffering loss and damage.",NA,"107",NA
"Stop all aid spending on fossil fuel production overseas, redirecting it towards clean, renewable energy for all.",NA,"501",NA
"End all UK Export Finance support to fossil fuel projects,",NA,"501",NA
"and reject any trade deals that conflict with our climate principles.",NA,"501",NA
"Undertake a root-and-branch reform of CDC Group plc (DfID’s principal vehicle for encouraging private sector investment in developing countries), transforming it into a green development bank mandated to fight poverty,",NA,"107",NA
"inequality",NA,"503",NA
"and climate change.",NA,"501",NA
"Labour respects the crucial role played by small-scale farmers the world over in guaranteeing people the right to food.",NA,"201.2",NA
"We will: Establish an aid-funded Food Sovereignty Fund to enable small- scale farmers in the Global South to gain access to land, seeds and finance,",NA,"107",NA
"and uphold indigenous peoples’ right to land.",NA,"201.2",NA
"Support sustainable local food and agriculture markets in the fight against climate change.",NA,"501",NA
"Labour believes human rights should drive our trade policy.",NA,"201.2",NA
"We will:  Implement UK arms export controls to the highest standard, putting an end to exports where they might be used in violation of human rights",NA,"201.2",NA
"or international humanitarian law.",NA,"107",NA
"Ensure government procurement contracts are not granted to companies that are complicit in serious human rights abuses,",NA,"201.2",NA
"and require all UK trade agreements to be consistent with international humanitarian law.",NA,"107",NA
"Introduce legislation to ensure transparency and parliamentary scrutiny of trade and investment agreements.",NA,"202.1",NA
"Reject any trade agreements that undermine labour standards",NA,"701",NA
"or environmental protections,",NA,"501",NA
"and rule out UK Export Finance support to companies engaged in bribery or corruption.",NA,"304",NA
"Labour recognises the right to essential medicines as an integral part of the right to health.",NA,"201.2",NA
"We will: Promote fairer international patent regimes that do not prevent countries from accessing essential medicines",NA,"107",NA
"and support efforts to increase the transparency of medicines pricing so governments can negotiate fair prices.",NA,"107",NA
"In the long term, ensure that all medicines developed with the support of UK taxpayer money are accessible to people in the Global South.",NA,"107",NA
"12904_19 Reproduced from electronic media, promoted by Jennie Formby, General Secretary, the Labour Party, on behalf of the Labour Party, both at, Southside, 105 Victoria Street, London, SW1E",NA,NA,NA
