"text","text_en","cmp_code","eu_code"
"Change",NA,NA,NA
"Labour Party Manifesto 2023",NA,NA,NA
"MY PLAN FOR CHANGE",NA,"H",NA
"This election is about change.",NA,NA,NA
"A chance to stop the endless Conservative chaos that has directly harmed the finances of every family in Britain.",NA,NA,NA
"A moment where we can turn the page on a set of ideas that, over 14 years, have consistently left us more vulnerable in an increasingly volatile world.",NA,NA,NA
"And an opportunity to begin the work of national renewal.",NA,NA,NA
"A rebuilding of our country, so that it once again serves the interests of working people.",NA,NA,NA
"Restore hope",NA,NA,NA
"Every great nation is held together by shared beliefs.",NA,NA,NA
"To outsiders they may not seem exceptional or distinctive, but they are essential for a sense of collective national purpose.",NA,NA,NA
"Britain is no different, but at this moment two of our most important beliefs are in grave danger.",NA,NA,NA
"First, that politics should be driven by a sense of service to the country, not considerations of party or self-interest.",NA,NA,NA
"Second, that if you work hard then – whoever you are, wherever you started in life –",NA,NA,NA
"Britain is a country that will respect your contribution and give you a fair chance to get on.",NA,NA,NA
"When I consider these beliefs, it is hard not to think back to my childhood.",NA,NA,NA
"Then, as now, Britain’s place in the world was uncertain.",NA,NA,NA
"Then, as now, our economy was gripped by stuttering growth and a cost-of-living crisis that hurt working people.",NA,NA,NA
"Yet back then, there was at least a degree of security in being able to take those two fundamental beliefs for granted.",NA,NA,NA
"For families like mine, this was a comfort.",NA,NA,NA
"The knowledge that Britain would offer your children a better future gave us hope.",NA,NA,NA
"A hope that may not sound high-minded or particularly idealistic, but which families like mine could build a life around.",NA,NA,NA
"Stop the chaos",NA,NA,NA
"To restore this hope, we must first end the Conservative chaos.",NA,NA,NA
"The visible decline in our communities – families weighed down by soaring mortgages; people waiting on trolleys in A&E; sewage in our rivers – is not an accident.",NA,NA,NA
"Rather, it is a direct result of a governing party that, time and again, puts its own interests and obsessions above the issues that affect families.",NA,NA,NA
"The result is a vicious cycle – decline feeding off chaos, chaos feeding off decline – that will continue if they return for five more years.",NA,NA,NA
"Only a Labour government can break this cycle and stop the chaos.",NA,NA,NA
"Turn the page",NA,NA,NA
"We must turn the page decisively on the Conservative ideas that have caused the chaos.",NA,NA,NA
"The world has become increasingly volatile, with a major war in Europe for the first time in a generation and ever greater threats to the living standards of working people.",NA,NA,NA
"This ‘age of insecurity’ requires the government to step up, not stand aside.",NA,NA,NA
"This means a return to the foundations of good government: national security, secure borders, and economic stability.",NA,NA,NA
"But it also requires an enduring partnership with business to deliver the economic growth we need.",NA,NA,NA
"It needs more focus on longterm strategy, not the short-term distractions that can animate Westminster.",NA,NA,NA
"And it demands a final and total rejection of the toxic idea that economic growth is gifted from the few to the many.",NA,NA,NA
"Because whether it is crashing the pound to give tax cuts to the richest 1%; degrading public services because of a mess made by the banks; or the failure to invest in clean British energy that left us exposed when Putin invaded Ukraine – so much of what Britain has been through in the past 14 years is explained by a Conservative failure to face the future.",NA,NA,NA
"Only Labour can turn the page.",NA,NA,NA
"Rebuild our country",NA,NA,NA
"We must rebuild our country.",NA,NA,NA
"It will not be easy.",NA,NA,NA
"Not only because there is no quick fix to the mess the Conservatives have made.",NA,NA,NA
"But also, because their failures have sapped our collective confidence that Britain can still achieve great things.",NA,NA,NA
"I reject this with every fibre of my being.",NA,NA,NA
"Despite all the chaos inflicted on Britain, the country I see is one where working people never let each other down.",NA,NA,NA
"They came together in the pandemic – missed weddings, funerals and last goodbyes – to save the lives of people they will never meet.",NA,NA,NA
"They dug deep in the years of austerity, to keep delivering the public services people needed.",NA,NA,NA
"And throughout the cost-of-living crisis, they found a way to support those less fortunate than themselves.",NA,NA,NA
"We are still a great nation.",NA,NA,NA
"We can still achieve great things.",NA,NA,NA
"What we lack is a government that can match the ambition working people have for their family and community, with a credible long-term plan.",NA,NA,NA
"This manifesto is that plan.",NA,NA,NA
"Fully costed, fully funded – built on a rock of fiscal responsibility.",NA,NA,NA
"At its heart are five national missions – with clear first steps to begin the journey of rebuilding – that provide a clear destination for everyone invested in Britain’s future.",NA,NA,NA
"A new Britain, where wealth is created in every community.",NA,NA,NA
"Where the golden opportunity of clean British power is harnessed for lower bills.",NA,NA,NA
"Where your town centre has been revitalised and everyone feels safe to walk the streets.",NA,NA,NA
"Where you can go to work and know you will Five national missions – with clear first steps to begin the journey of rebuilding be treated with dignity and respect.",NA,NA,NA
"Where our children are equipped with the skills to thrive in the future.",NA,NA,NA
"Where our NHS is once again at the cutting edge of healthcare.",NA,NA,NA
"And where we show that politics can be about serving the country.",NA,NA,NA
"It’s time for change I know some people will roll their eyes at this last sentence.",NA,NA,NA
"Yet serving our country is the only reason I came into politics.",NA,NA,NA
"The defining purpose of my Labour leadership has been to drag my party away from the dead end of gesture politics and return it once more to the service of working people.",NA,NA,NA
"I have changed my party.",NA,NA,NA
"Now I want the chance to bring that change to the country.",NA,NA,NA
"But to succeed we need everyone, every community, to play their part.",NA,NA,NA
"I know, after everything you have been through in the past 14 years, that this is a hard request to make.",NA,NA,NA
"But I also expect, deep down, that you know this is what our country needs now – an end to the chaos, a turning of the page, and a patient but determined rebuilding of our country.",NA,NA,NA
"So, I invite you to join us in this common endeavour of national renewal.",NA,NA,NA
"It is time to change Britain.",NA,NA,NA
"Keir Starmer Leader of the Labour Party",NA,NA,NA
"Labour’s first steps for change",NA,"H",NA
"Deliver economic stability with tough spending rules, so we can grow our economy and keep taxes, inflation and mortgages as low as possible.",NA,"410",NA
"Cut NHS waiting time with 40,000 more appointments each week, during evenings and weekends, paid for by cracking down on tax avoidance and non-dom loopholes.",NA,"504",NA
"Launch a new Border Security Command with hundreds of new specialist investigators and use counter-terror powers to smash the criminal boat gangs.",NA,"605.2",NA
"Set up Great British Energy a publicly-owned clean power company, to cut bills for good and boost energy security, paid for by a windfall tax on oil and gas giants.",NA,"413",NA
"Crack down on antisocial behavior with more neighbourhood police paid for by ending wasteful contracts, tough new penalties for offenders, and a new network of youth hubs.",NA,"605.1",NA
"Recruit 6,500 new teachers in key subjects to prepare children for life, work and the future, paid for by ending tax breaks for private schools.",NA,"506",NA
"CONTENTS",NA,"H",NA
"Mission-driven government........................................................................12",NA,NA,NA
"Strong foundations........................................................................................14",NA,NA,NA
"Kickstart economic growth......................................................................... 23",NA,NA,NA
"Make Britain a clean energy superpower.................................................. 47",NA,NA,NA
"Take back our streets....................................................................................61",NA,NA,NA
"Break down the barriers to opportunity.................................................... 75",NA,NA,NA
"Build an NHS fit for the future........................................................................91",NA,NA,NA
"Serving the country.....................................................................................105",NA,NA,NA
"Britain reconnected..................................................................................... 115",NA,NA,NA
"Labour’s fiscal plan......................................................................................126",NA,NA,NA
"Change...........................................................................................................131",NA,NA,NA
"MISSION-DRIVEN GOVERNMENT",NA,"H",NA
"Ending the Conservative chaos is vital, but turning the page with a new government is not in itself enough to tackle the deep-rooted challenges our country now faces.",NA,"305.1",NA
"To rebuild Britain, we need to change how Britain is governed.",NA,"305.3",NA
"For too long, Britain has been held back by governments that, because they lack a relentless focus on long-term ends, are buffeted about by events.",NA,"305.3",NA
"Politics has enormous potential to change lives for the better, but too often different parts of the government have pursued their own narrow goals rather than working together.",NA,"305.1",NA
"Government is at its best when working in partnership with business, trade unions, civil society, faith groups, and communities.",NA,"202.1",NA
"But without a shared project those partnerships barely get off the ground.",NA,"305.3",NA
"So, as well as a new administration with new priorities, Britain needs a new approach: mission-driven government.",NA,"305.1",NA
"Mission-driven government means raising our sights as a nation and focusing on ambitious, measurable, long-term objectives that provide a driving sense of purpose for the country.",NA,"305.1",NA
"It means a new way of doing government that is more joined up, pushes power out to communities and harnesses new technology, all with one aim in mind to put the country back in the service of working people.",NA,"202.1",NA
"LABOUR’S FIVE MISSIONS TO REBUILD BRITAIN ARE:",NA,"H",NA
"1) Kickstart economic growth to secure the highest sustained growth in the G7 –",NA,"410",NA
"with good jobs and productivity growth in every part of the country making everyone, not just a few, better off.",NA,"701",NA
"2) Make Britain a clean energy superpower to cut bills, create jobs and deliver security with cheaper, zero-carbon electricity by 2030, accelerating to net zero.",NA,"416.2",NA
"3) Take back our streets by halving serious violent crime",NA,"605.1",NA
"and raising confidence in the police and criminal justice system to its highest levels.",NA,"605.1",NA
"4) Break down barriers to opportunity by reforming our childcare and education systems, to make sure there is no class ceiling on the ambitions of young people in Britain.",NA,"506",NA
"5) Build an NHS fit for the future that is there when people need it; with fewer lives lost to the biggest killers;",NA,"504",NA
"in a fairer Britain, where everyone lives well for longer.",NA,"503",NA
"Delivering the change Britain needs will require perseverance.",NA,"305.1",NA
"The starting point for delivering these missions is to ensure the foundations of good government are right.",NA,"305.1",NA
"Labour will make sure we have strong national security,",NA,"605.1",NA
"secure borders,",NA,"605.1",NA
"and economic stability.",NA,"414",NA
"Building on these secure foundations, we have already set out the first steps for change.",NA,"305.1",NA
"Today we present further policies in this manifesto, as part of the journey of rebuilding our country.",NA,"305.1",NA
"Every policy that follows in this manifesto is fully costed and fully funded.",NA,"305.1",NA
"STRONG FOUNDATIONS",NA,"H",NA
"NATIONAL SECURITY",NA,"H",NA
"No policy commitment in pursuit of Labour’s missions matters unless we uphold the first duty of any government: to keep the country safe.",NA,"104",NA
"Peace and security are hard earned.",NA,"104",NA
"They require constant vigilance.",NA,"104",NA
"Over the last 14 years geopolitical tensions have risen, while the Conservatives have hollowed out our armed forces.",NA,"104",NA
"Now Putin is attempting to break European security with his full-scale invasion of Ukraine.",NA,"104",NA
"Labour will meet this challenge by strengthening our armed forces and protecting our national security.",NA,"104",NA
"The first duty of any government is to keep the country safe",NA,NA,NA
"Our commitment to the UK’s nuclear deterrent is absolute.",NA,"104",NA
"It is a vital safeguard for the UK and our NATO allies.",NA,"104",NA
"As the party that founded NATO, we maintain our unshakeable commitment to the alliance, and we will apply a NATO test to major defence programmes to ensure we meet our obligations in full.",NA,"104",NA
"In recent years, threats to our safety and security have multiplied and diversified.",NA,"104",NA
"Alongside greater conventional threats, we are faced with the growing emergence of hybrid warfare, including cyber-attacks and misinformation campaigns which seek to subvert our democracy.",NA,"104",NA
"To ensure the UK is fully prepared to deal with these interconnected threats, Labour will conduct a Strategic Defence Review within our first year in government, and we will set out the path to spending 2.5 per cent of GDP on defence.",NA,"104",NA
"From the Skripal poisonings to assassination plots by the Iranian Islamic Revolutionary Guard Corps, threats from hostile states or statesponsored groups are on the rise, but Britain lacks a comprehensive framework to protect us.",NA,"104",NA
"Labour will take the approach used for dealing with non-state terrorism and adapt it to deal with state-based domestic security threats.",NA,"104",NA
"Terrorism remains a significant threat.",NA,"104",NA
"Labour will bring in ‘Martyn’s Law’ to strengthen the security of public events and venues.",NA,"605.1",NA
"We will update the rules around counterextremism, including online, to stop people being radicalised and drawn towards hateful ideologies.",NA,"605.1",NA
"Labour will also ensure the police and intelligence services have the powers and resources they need to protect the British people from terrorism and hostile espionage.",NA,"605.1",NA
"STRONG FOUNDATIONS",NA,"H",NA
"SECURE BORDERS",NA,"H",NA
"Britain is a tolerant and compassionate country.",NA,"601.1",NA
"We have a proud tradition of welcoming people fleeing persecution and abuse.",NA,"201.2",NA
"Schemes like Homes for Ukraine, Hong Kong humanitarian visas, and the Syrian resettlement programme have provided important routes for refugees seeking sanctuary.",NA,"201.2",NA
"But the system needs to be controlled and managed and we need strong borders.",NA,"601.2",NA
"The small boats crisis, fuelled by dangerous criminal smuggler gangs, is undermining our security and costing lives.",NA,"601.2",NA
"Rather than a serious plan to confront this crisis, the Conservatives have offered nothing but desperate gimmicks.",NA,"305.1",NA
"Their flagship policy – to fly a tiny number of asylum seekers to Rwanda – has already cost hundreds of millions of pounds.",NA,"305.1",NA
"Even if it got off the ground, this scheme can only address fewer than one per cent of the asylum seekers arriving.",NA,"305.1",NA
"It cannot work.",NA,"305.1",NA
"Chaos in the Channel has been matched by chaos at home.",NA,"305.1",NA
"The Conservatives’ unworkable laws have created a ‘perma-backlog’ of tens of thousands of asylum seekers, who are indefinitely staying in hotels costing the taxpayer millions of pounds every week.",NA,"305.1",NA
"Labour will stop the chaos and go after the criminal gangs who trade in driving this crisis.",NA,"605.1",NA
"We will create a new Border Security Command, with hundreds of new investigators, intelligence officers, and cross-border police officers.",NA,"605.1",NA
"This will be funded by ending the wasteful Migration and Economic Development partnership with Rwanda.",NA,"305.1",NA
"This new Command will work internationally and be supported by new counter-terrorism style powers, to pursue, disrupt, and arrest those responsible for the vile trade.",NA,"605.1",NA
"We will seek a new security agreement with the EU to ensure access to real-time intelligence and enable our policing teams to lead joint investigations with their European counterparts.",NA,"108",NA
"Labour will stop the chaos and go after the criminal gangs",NA,NA,NA
"Labour will turn the page and restore order to the asylum system so that it operates swiftly, firmly, and fairly; and the rules are properly enforced.",NA,"305.1",NA
"We will hire additional caseworkers to clear the Conservatives’ backlog and end asylum hotels, saving the taxpayer billions of pounds.",NA,"303",NA
"Labour will set up a new returns and enforcement unit, with an additional 1,000 staff, to fast-track removals to safe countries for people who do not have the right to stay here.",NA,"601.2",NA
"We will negotiate additional returns arrangements to speed up returns",NA,"601.2",NA
"and increase the number of safe countries that failed asylum seekers can swiftly be sent back to.",NA,"601.2",NA
"And we will also act upstream, working with international partners to address the humanitarian crises which lead people to flee their homes,",NA,"201.2",NA
"and to strengthen support for refugees in their home region.",NA,"201.2",NA
"ECONOMIC STABILITY",NA,"H",NA
"Every commitment a Labour government makes will be based on sound money and economic stability.",NA,"414",NA
"This is a non-negotiable principle for our changed Labour Party.",NA,"414",NA
"Siren voices may claim that there are no limits on what government can spend, or that tax cuts pay for themselves.",NA,"414",NA
"We reject this flawed ideology that was tested to destruction by the disastrous Conservative ‘mini budget’.",NA,"414",NA
"The British people are still paying the price of those unfunded commitments through higher mortgage costs, and taxpayers continue to foot the bill through higher interest payments, meaning less money for investment and public services.",NA,"414",NA
"The impact was not confined to these shores.",NA,"414",NA
"The Conservatives’ recklessness sent a signal of instability across the world that damaged our standing, making Britain a less attractive place for business to invest.",NA,"414",NA
"The chaos is not over.",NA,"414",NA
"The desperate Conservatives have now made yet more unfunded tax cuts and spending promises at a scale beyond the ‘mini budget’.",NA,"414",NA
"This would be devastating for families across the country.",NA,"503",NA
"Labour will turn the page on this economic chaos.",NA,"414",NA
"Our approach is based on strong fiscal rules which will govern every single decision we make in government.",NA,"414",NA
"Our fiscal rules are that: The current budget moves into balance, so that day-to-day costs are met by revenues",NA,"414",NA
"Debt must be falling as a share of the economy by the fifth year of the forecast.",NA,"414",NA
"These rules allow for prudent investment in our economy.",NA,"410",NA
"This represents a clear break from the Conservatives who have created an incentive to cut investment;",NA,"410",NA
"a short-term approach that ignores the importance of growing the economy.",NA,"410",NA
"Labour will strike a balance between prioritising investment and the urgent need to rebuild our public finances.",NA,"414",NA
"There will be no return to austerity.",NA,"410",NA
"Unlike the Conservatives, Labour will never sideline the Office for Budget Responsibility (OBR) for political convenience.",NA,"414",NA
"Instead, we will strengthen the role of the OBR.",NA,"414",NA
"Every fiscal event making significant changes to taxation or spending will be subject to an independent OBR forecast.",NA,"414",NA
"Labour will safeguard taxpayers’ money.",NA,"503",NA
"We will end the link between access to ministers and an inside track for public contracts.",NA,"304",NA
"We will appoint a fixed-term Covid Corruption Commissioner and use every means possible to recoup public money lost in pandemicrelated fraud and from contracts which have not delivered.",NA,"304",NA
"And we will not tolerate fraud or waste anywhere, whether in social security or the excessive use of consultants.",NA,"304",NA
"Alongside strong national finances, Britain needs resilient family finances too.",NA,"503",NA
"The Conservatives have left families struggling with the cost of living.",NA,"503",NA
"Labour will take action to support families, by tackling the underlying causes of the crisis.",NA,"503",NA
"Our approach is based on strong fiscal rules which govern every single decision we make in government",NA,NA,NA
"We will bring down the cost of energy.",NA,"403",NA
"We will reduce food prices by removing barriers to businesses trading.",NA,"403",NA
"We will make housing more affordable,",NA,"403",NA
"expand access to childcare,",NA,"504",NA
"and make work pay.",NA,"701",NA
"We will support families with children by introducing free breakfast clubs in every primary school.",NA,"504",NA
"Labour will also keep mortgage rates as low as possible,",NA,"403",NA
"with a strong, independent Bank of England – which will continue to target stable inflation of 2 per cent.",NA,"414",NA
"We will bring down the cost of energy. We will reduce prices by removing barriers to businesses trading. We will make housing more affordable, expand access to childcare, and make work pay",NA,NA,NA
"The Conservatives have raised the tax burden to a 70-year high.",NA,"305.1",NA
"We will ensure taxes on working people are kept as low as possible.",NA,"503",NA
"Labour will not increase taxes on working people, which is why we will not increase National Insurance, the basic, higher, or additional rates of Income Tax, or VAT.",NA,"503",NA
"Labour will address unfairness in the tax system.",NA,"503",NA
"We will abolish non-dom status once and for all, replacing it with a modern scheme for people genuinely in the country for a short period.",NA,"503",NA
"We will end the use of offshore trusts to avoid inheritance tax so that everyone who makes their home here in the UK pays their taxes here.",NA,"503",NA
"Private equity is the only industry where performance related pay is treated as capital gains.",NA,"503",NA
"Labour will close this loophole.",NA,"503",NA
"We will modernise HMRC and change the law to tackle tax avoidance.",NA,"303",NA
"We will increase registration and reporting requirements,",NA,"303",NA
"strengthen HMRC’s powers,",NA,"303",NA
"invest in new technology and build capacity within HMRC.",NA,"411",NA
"This, combined with a renewed focus on tax avoidance by large businesses and the wealthy, will begin to close the tax gap and ensure everyone pays their fair share.",NA,"503",NA
"Labour will stop the chaos, turn the page, and return to the foundations of national security,",NA,"605.1",NA
"secure borders,",NA,"605.1",NA
"and economic stability.",NA,"414",NA
"KICKSTART ECONOMIC GROWTH",NA,"H",NA
"Deliver economic stability with tough spending rules",NA,"414",NA
"A new partnership with business to boost growth everywhere",NA,"402",NA
"A National Wealth Fund to invest in jobs",NA,"701",NA
"Planning reform to build 1.5 million new homes",NA,"411",NA
"Devolution of power across England",NA,"301",NA
"A New Deal for Working People",NA,"701",NA
"Charlie, cafe owner and former Conservative voter",NA,NA,NA
"“Change is overdue.",NA,NA,NA
"Since we opened our cafe in June 2020 our gas and electric bill has soared.",NA,NA,NA
"Customers are feeling the pinch so some visit us less often.",NA,NA,NA
"How can we pass these costs on to customers when they can’t afford to pay more?",NA,NA,NA
"Continuing like this will ruin us.",NA,NA,NA
"I voted Conservative before but the only way out of this is Labour’s plan for economic growth.",NA,NA,NA
"Cheaper bills for us and our customers, and that bit of extra cash to spend.",NA,NA,NA
"That’s the change we need.”",NA,NA,NA
"Sustained economic growth is the only route to improving the prosperity of our country and the living standards of working people.",NA,"410",NA
"That is why it is Labour’s first mission for government.",NA,"410",NA
"It means being probusiness",NA,"402",NA
"and pro-worker.",NA,"701",NA
"We are the party of wealth creation.",NA,"410",NA
"This election follows the chaos of the Conservatives’ ‘mini-budget’ and an unprecedented fall in living standards.",NA,"503",NA
"Their miserable economic record over the past 14 years has seen productivity and wages flatlining, leaving British families significantly poorer than those in France or Germany.",NA,"410",NA
"This decline is rooted in two failures.",NA,"410",NA
"First, an inability to accept that a strong economy can only be built on the contribution of every community and every person – the many not the few.",NA,"410",NA
"Second, a failure to acknowledge that sustainable growth requires government to be a strategic partner with business – that markets must be shaped, not merely served.",NA,"402",NA
"These twin failures have led to greater economic insecurity – in the financial resilience of households, but also in our national economy – at the very time when our world has become less stable and secure.",NA,"410",NA
"The Conservatives have failed to grasp the implications of a new era of rising global competition and tension, instead leaving our economy on an increasingly shallow and insecure footing.",NA,"410",NA
"It is time to turn the page.",NA,"410",NA
"Labour will restore stability, increase investment, and reform our economy",NA,"410",NA
"It is time to turn the page. Labour will restore stability, increase investment, and reform our economy.",NA,NA,NA
"We will embrace a new approach to economic management – securonomics – that understands sustainable growth relies on a broad base and resilient foundations.",NA,"410",NA
"Our approach will depend on a dynamic and strategic state.",NA,"410",NA
"This does not mean ever-growing government, but it does mean a more active, smarter government that works in partnership with business, trade unions, local leaders, and devolved governments.",NA,"405",NA
"Labour will stop the chaos and support business through a stable policy environment – strengthening our economic institutions, and giving investors the certainty they need to fuel growth.",NA,"402",NA
"Labour will seek involvement from industry, trade unions, and civil society in our plans for growth, so they can contribute to building a stronger economy in all parts of the country.",NA,"405",NA
"We will strategically use public investment where it can unlock additional private sector investment,",NA,"410",NA
"create jobs,",NA,"701",NA
"and provide a return for taxpayers.",NA,"503",NA
"While stability and greater investment will support growth, parts of our economy require substantial reform if we are to create the wealth our country needs.",NA,"410",NA
"Britain is hampered by a planning regime that means we struggle to build either the infrastructure or housing the country needs.",NA,"411",NA
"The country remains too centralised, with the economic potential of too many regions and communities ignored.",NA,"301",NA
"Our labour market fails to provide secure jobs and, as a result, for far too many people work does not pay.",NA,"701",NA
"The innovation, dynamism and sheer hard work of British business and workers has never been in question.",NA,"410",NA
"The next Labour government will partner with them to kickstart economic growth and rebuild Britain.",NA,"410",NA
"Strategic partnership through industrial strategy",NA,"H",NA
"Labour will introduce a new industrial strategy.",NA,"404",NA
"Our approach will be mission-driven and focused on the future.",NA,"404",NA
"We will work in partnership with industry to seize opportunities and remove barriers to growth.",NA,"402",NA
"Critically, we will end short-term economic policy making with the establishment of an Industrial Strategy Council, on a statutory footing, to provide expert advice.",NA,"404",NA
"We will ensure representation on the Council from all nations and regions, business and trade unions, to drive economic growth in all parts of the country.",NA,"405",NA
"Labour will take a sectoral approach and be clear-eyed about where the UK enjoys advantages over other countries.",NA,"405",NA
"Our approach will back what makes Britain great: our excellent research institutions, professional services, advanced manufacturing, and creative industries.",NA,"410",NA
"We will ensure a pro-business environment, with a competition and regulatory framework, that supports innovation, investment, and high-quality jobs.",NA,"402",NA
"Procurement and trade policy will also be aligned with our industrial strategy priorities.",NA,"402",NA
"The innovation, dynamism and sheer hard work of British workers has never been in question",NA,NA,NA
"RICHARD WALKER OBE",NA,NA,NA
"Executive Chairman of Iceland",NA,NA,NA
"""Labour’s plan for the economy is good news for my customers and colleagues in high streets across the country.",NA,NA,NA
"Labour will bring stability, good jobs and higher living standards.",NA,NA,NA
"As a business leader, I am sick and tired of chaos under the Conservatives.",NA,NA,NA
"I am absolutely convinced that Keir Starmer is the leader to deliver the change this country needs.",NA,NA,NA
"Labour will end division, strengthen our communities and protect the environment.",NA,NA,NA
"That’s why I’ll be voting Labour and I urge you to do the same.”",NA,NA,NA
"We will work in partnership with industry to seize opportunities and remove barriers to growth",NA,NA,NA
"Financial services are one of Britain’s greatest success stories.",NA,"410",NA
"Labour will create the conditions to support innovation and growth in the sector, through supporting new technology, including Open Banking and Open Finance and ensuring a pro-innovation regulatory framework.",NA,"402",NA
"Our other great British industries need certainty over the policies that will apply to them.",NA,"402",NA
"In opposition, Labour has worked with the automotive, life sciences, and creative sectors, on the approach we will take to policy.",NA,"402",NA
"In government, we will set out plans for these and other vital sectors of the economy.",NA,"402",NA
"Boosting investment",NA,"H",NA
"Business has for too long been hampered by a government that does not work with it.",NA,"402",NA
"As a result, investment in the UK is too low.",NA,"401",NA
"To address this long-standing problem Labour will use every available lever.",NA,"401",NA
"Public investment, where it supports and de-risks additional private investment, is one important tool being used successfully across the world.",NA,"402",NA
"It can create good jobs across the country",NA,"701",NA
"and would mean British taxpayers can reap the benefits of economic growth.",NA,"503",NA
"To realise these opportunities Labour will establish a National Wealth Fund.",NA,"503",NA
"Capitalised with £7.3 billion over the course of the next Parliament, the National Wealth Fund will have a remit to support Labour’s growth and clean energy missions, making transformative investments across every part of the country.",NA,"416.2",NA
"The fund will have a target of attracting three pounds of private investment for every one pound of public investment, creating jobs across the country.",NA,"701",NA
"We plan to allocate: £1.8 billion to upgrade ports and build supply chains across the UK",NA,"411",NA
"£1.5 billion to new gigafactories so our automotive industry leads the world",NA,"411",NA
"£2.5 billion to rebuild our steel industry",NA,"410",NA
"£1 billion to accelerate the deployment of carbon capture",NA,"416.2",NA
"£500 million to support the manufacturing of green hydrogen.",NA,"416.2",NA
"Labour will also act to increase investment from pension funds in UK markets.",NA,"401",NA
"We will adopt reforms to ensure that workplace pension schemes take advantage of consolidation and scale, to deliver better returns for UK savers",NA,"503",NA
"and greater productive investment for UK PLC.",NA,"401",NA
"We will also undertake a review of the pensions landscape to consider what further steps are needed to improve pension outcomes",NA,"504",NA
"and increase investment in UK markets.",NA,"402",NA
"Business taxation",NA,"H",NA
"The business tax regime matters for investors.",NA,"402",NA
"It is not just the rates of tax that matter, but also certainty.",NA,"402",NA
"Under the Conservatives there has been constant chopping and changing – corporation tax has changed 26 times –",NA,"402",NA
"and multiple fiscal events have made drastic changes often at little notice.",NA,"402",NA
"Labour will stop the chaos, and turn the page with a strategic approach that gives certainty and allows long-term planning.",NA,"404",NA
"We are committed to one major fiscal event a year, giving families and businesses due warning of tax and spending policies.",NA,"404",NA
"We will publish a roadmap for business taxation for the next parliament which will allow businesses to plan investments with confidence.",NA,"404",NA
"Labour will cap corporation tax at the current level of 25 per cent, the lowest in the G7, for the entire parliament,",NA,"402",NA
"and we will act if tax changes in other countries pose a risk to UK competitiveness.",NA,"406",NA
"We will retain a permanent full expensing system for capital investment and the annual investment allowance for small business.",NA,"402",NA
"And we will give firms greater clarity on what qualifies for allowances to improve business investment decisions.",NA,"402",NA
"The current business rates system disincentivises investment, creates uncertainty and places an undue burden on our high streets.",NA,"402",NA
"In England, Labour will replace the business rates system, so we can raise the same revenue but in a fairer way.",NA,"402",NA
"This new system will level the playing field between the high street and online giants, better incentivise investment, tackle empty properties",NA,"403",NA
"and support entrepreneurship.",NA,"402",NA
"Labour will stop the chaos, and turn the page with a strategic approach that gives certainty and allows longterm planning",NA,NA,NA
"Economic infrastructure",NA,"H",NA
"Britain is grinding to a halt.",NA,"411",NA
"Rail cancellations are at record levels,",NA,"411",NA
"energy prices have risen faster here than in any other country in Western Europe,",NA,"403",NA
"and not a single reservoir has been built in the last 30 years.",NA,"411",NA
"This is not an accident.",NA,"411",NA
"Conservative chaos has seen major projects abandoned, decades-long delays, cost overruns, uncertainty for supply chains, and our infrastructure crumbling.",NA,"411",NA
"We need to forge ahead with new roads, railways, reservoirs, and other nationally significant infrastructure",NA,NA,NA
"Labour will end this chaos by developing a ten-year infrastructure strategy, aligned with our industrial strategy and regional development priorities,",NA,"411",NA
"including improving rail connectivity across the north of England.",NA,"411",NA
"The strategy will guide investment plans and give the private sector certainty about the project pipeline.",NA,"411",NA
"We will work closely with business to map and address the delivery challenges we face.",NA,"411",NA
"We will create a new National Infrastructure and Service Transformation Authority, bringing together existing bodies, to set strategic infrastructure priorities and oversee the design, scope, and delivery of projects.",NA,"411",NA
"The current planning regime acts as a major brake on economic growth.",NA,"411",NA
"Labour will make the changes we need to forge ahead with new roads, railways, reservoirs, and other nationally significant infrastructure.",NA,"411",NA
"We will set out new national policy statements, make major projects faster and cheaper by slashing red tape, and build support for developments by ensuring communities directly benefit.",NA,"411",NA
"We will also update national planning policy to ensure the planning system meets the needs of a modern economy, making it easier to build laboratories, digital infrastructure, and gigafactories.",NA,"411",NA
"Labour will ensure economic regulation supports growth and investment,",NA,"410",NA
"promotes competition,",NA,"403",NA
"works for consumers,",NA,"403",NA
"and enables innovation.",NA,"411",NA
"In an ever more connected world, Britain’s communication network is also vital.",NA,"411",NA
"Under the Conservatives, investment in 5G is falling behind other countries",NA,"411",NA
"and the rollout of gigabit broadband has been slow.",NA,"411",NA
"Labour will make a renewed push to fulfil the ambition of full gigabit and national 5G coverage by 2030.",NA,"411",NA
"Royal Mail remains a key part of the UK’s infrastructure.",NA,"403",NA
"Labour will ensure that any proposed takeover is robustly scrutinised and that appropriate guarantees are forthcoming that protect the interests of the workforce, customers and the United Kingdom, including the need to maintain a comprehensive universal service obligation.",NA,"403",NA
"Labour will also explore new business and governance models for Royal Mail so that workers and customers who rely on Royal Mail services can have a stronger voice in the governance and strategic direction of the company.",NA,"403",NA
"A modern transport network",NA,"H",NA
"Rebuilding Britain means modernising our transport infrastructure.",NA,"411",NA
"Our road network is plagued by long-promised projects that are never delivered.",NA,"411",NA
"The potholes cratering our roads are a visible sign of the decline after 14 years of Conservative rule.",NA,"411",NA
"Cars remain by far the most popular form of transport.",NA,"411",NA
"Labour will maintain and renew our road network, to ensure it serves drivers, cyclists and other road users, remains safe, and tackles congestion.",NA,"411",NA
"We will fix an additional one million potholes across England in each year of the next parliament, funded by deferring the A27 bypass, which is poor value for money.",NA,"411",NA
"Labour will further support drivers by tackling the soaring cost of car insurance.",NA,"403",NA
"And, as set out in our automotive sector plan, Labour will support the transition to electric vehicles by accelerating the roll out of charge points,",NA,"416.2",NA
"giving certainty to manufacturers by restoring the phase-out date of 2030 for new cars with internal combustion engines,",NA,"416.2",NA
"and supporting buyers of secondhand electric cars by standardising the information supplied on the condition of batteries.",NA,"403",NA
"Labour will overhaul Britain’s railways.",NA,"411",NA
"Fourteen years of Conservative neglect have failed passengers, businesses and taxpayers.",NA,"411",NA
"We will put passengers at the heart of the service by reforming the railways and bringing them into public ownership.",NA,"413",NA
"We will do this as contracts with existing operators expire or are broken through a failure to deliver, without costing taxpayers a penny in compensation.",NA,"413",NA
"Great British Railways will deliver a unified system that focuses on reliable, affordable, high-quality, and efficient services; along with ensuring safety and accessibility.",NA,"413",NA
"It will be responsible for investment, day-to-day operational delivery and innovations and improvements for passengers, working with publicly-owned rail operators in Wales and Scotland.",NA,"413",NA
"Mayors will have a role in designing the services in their areas.",NA,"301",NA
"There will be a duty to promote and grow the use of rail freight.",NA,"410",NA
"Open access operators are an important part of the rail system and will have an ongoing role.",NA,"411",NA
"Labour will also create a tough new passenger watchdog, focused on driving up standards.",NA,"403",NA
"Local communities have lost control over their bus routes.",NA,"403",NA
"Fares have increased, routes have disappeared, and services are unreliable.",NA,"403",NA
"Building on the work of Labour mayors, we will reform the broken system through new powers for local leaders to franchise local bus services,",NA,"403",NA
"and we will lift the ban on municipal ownership.",NA,"403",NA
"This will give local communities in England control over routes and schedules.",NA,"301",NA
"Under the Conservatives, transport services have remained fragmented and inefficient with companies and sectors failing to speak to and plan with each other.",NA,"411",NA
"Labour will give mayors the power to create unified and integrated transport systems, allowing for more seamless journeys, and to promote active travel networks.",NA,"301",NA
"Labour will also develop a long-term strategy for transport, ensuring transport infrastructure can be delivered efficiently and on time.",NA,"411",NA
"Labour will secure the UK aviation industry's long-term future, including through promoting sustainable aviation fuels, and encouraging airspace modernisation.",NA,"411",NA
"Driving innovation",NA,"H",NA
"Delivering growth and raising productivity depend on fresh thinking and new ideas.",NA,"410",NA
"Britain has many cutting-edge businesses, but innovation needs to be converted into commercial success in every corner of our country.",NA,"410",NA
"Labour will make Britain the best place to start and grow a business.",NA,"410",NA
"We will ensure our industrial strategy supports the development of the Artificial Intelligence (AI) sector, removes planning barriers to new datacentres.",NA,"402",NA
"And we will create a National Data Library to bring together existing research programmes and help deliver data-driven public services,",NA,"402",NA
"whilst maintaining strong safeguards and ensuring all of the public benefit.",NA,"403",NA
"Labour will scrap short funding cycles for key R&D institutions in favour of ten-year budgets that allow meaningful partnerships with industry to keep the UK at the forefront of global innovation.",NA,"411",NA
"We will work with universities to support spinouts;",NA,"402",NA
"and work with industry to ensure start-ups have the access to finance they need to grow.",NA,"402",NA
"We will also simplify the procurement process to support innovation and reduce micromanagement with a mission-driven approach.",NA,"402",NA
"Regulators are currently ill-equipped to deal with the dramatic development of new technologies, which often cut across traditional industries and sectors.",NA,"402",NA
"Labour will create a new Regulatory Innovation Office, bringing together existing functions across government.",NA,"303",NA
"This office will help regulators update regulation, speed up approval timelines, and co-ordinate issues that span existing boundaries.",NA,"402",NA
"Labour will ensure the safe development and use of AI models by introducing binding regulation on the handful of companies developing the most powerful AI models and by banning the creation of sexually explicit deepfakes.",NA,"403",NA
"Labour will support diverse business models which bring innovation and new products to the market.",NA,"402",NA
"This includes the co-operative sector, and we will aim to double the size of the UK’s co-operative and mutuals sector.",NA,"403",NA
"We will work with the sector to address the barriers they face, such as accessing finance.",NA,"402",NA
"Support for small business and the self-employed",NA,"H",NA
"Labour’s plan for economic growth has been developed for all UK businesses.",NA,"410",NA
"But small firms, entrepreneurs, and the selfemployed face unique challenges.",NA,"402",NA
"That is why, in partnership, Labour has developed a plan for small businesses – the lifeblood of communities and high streets across the country.",NA,"402",NA
"Labour will get Britain building again, creating jobs across England, with 1.5 million new homes over the next parliament",NA,NA,NA
"We will take action on late payments to ensure small businesses and the self-employed are paid on time.",NA,"402",NA
"We will improve guidance and remove barriers to exporting for small businesses.",NA,"402",NA
"Reform of the British Business Bank, including a stronger mandate to support growth in the regions and nations,",NA,"402",NA
"will make it easier for small and medium sized enterprises to access capital.",NA,"402",NA
"We will also reform procurement rules to give them greater access to government contracts.",NA,"402",NA
"The Post Office is an essential service in communities across the country.",NA,"402",NA
"Labour will look for ways to strengthen the Post Office network, in consultation with sub-postmasters, trade unions and customers,",NA,"405",NA
"and support the development of new products, services and business models, such as banking hubs, that will help reinvigorate the high street.",NA,"402",NA
"We will also ensure justice and compensation are delivered swiftly for those sub-postmasters shamefully affected by the Horizon IT scandal.",NA,"503",NA
"Get Britain building again",NA,"H",NA
"The dream of homeownership is now out of reach for too many young people.",NA,"503",NA
"The Conservatives have failed to act even though the housing crisis is well known to be one of the country’s biggest barriers to growth.",NA,"410",NA
"Labour will get Britain building again,",NA,"410",NA
"creating jobs across England,",NA,"701",NA
"with 1.5 million new homes over the next parliament.",NA,"411",NA
"We will immediately update the National Policy Planning Framework to undo damaging Conservative changes, including restoring mandatory housing targets.",NA,"404",NA
"We will take tough action to ensure that planning authorities have up-todate Local Plans and reform and strengthen the presumption in favour of sustainable development.",NA,"416.2",NA
"Labour will support local authorities by funding additional planning officers, through increasing the rate of the stamp duty surcharge paid by non-UK residents.",NA,"301",NA
"We will ensure local communities continue to shape housebuilding in their area,",NA,"301",NA
"but where necessary Labour will not be afraid to make full use of intervention powers to build the houses we need.",NA,"403",NA
"Labour will take a brownfield first approach, prioritising the development of previously used land wherever possible, and fast-tracking approval of urban brownfield sites.",NA,"416.2",NA
"But brownfield development alone will not be enough to meet our housing need.",NA,"403",NA
"Labour is committed to preserving the green belt which has served England’s towns and cities well over many decades.",NA,"501",NA
"Under the Conservatives, greenbelt land is regularly released for development but haphazardly and often for speculative housebuilding.",NA,"416.2",NA
"Without changing its purpose or general extent, Labour will take a more strategic approach to greenbelt land designation and release to build more homes in the right places.",NA,"403",NA
"The release of lower quality ‘grey belt’ land will be prioritised and we will introduce ‘golden rules’ to ensure development benefits communities and nature.",NA,"403",NA
"In partnership with local leaders and communities, a Labour government will build a new generation of new towns, inspired by the proud legacy of the 1945 Labour government.",NA,"305.1",NA
"Alongside urban extensions and regeneration projects, these will form part of a series of large-scale new communities across England.",NA,"410",NA
"Housing need in England cannot be met without planning for growth on a larger than local scale so we will introduce effective new mechanisms for cross-boundary strategic planning.",NA,"411",NA
"Labour will require all Combined and Mayoral Authorities to strategically plan for housing growth in their areas.",NA,"301",NA
"We will give Combined Authorities new planning powers along with new freedoms and flexibilities to make better use of grant funding.",NA,"301",NA
"Labour will further reform compulsory purchase compensation rules to improve land assembly, speed up site delivery, and deliver housing, infrastructure, amenity, and transport benefits in the public interest.",NA,"303",NA
"We will take steps to ensure that for specific types of development schemes, landowners are awarded fair compensation rather than inflated prices based on the prospect of planning permission.",NA,"303",NA
"Labour will deliver the biggest increase in social and affordable housebuilding in a generation.",NA,"403",NA
"We will strengthen planning obligations to ensure new developments provide more affordable homes;",NA,"403",NA
"make changes to the Affordable Homes Programme to ensure that it delivers more homes from existing funding;",NA,"403",NA
"and support councils and housing associations to build their capacity and make a greater contribution to affordable housing supply.",NA,"403",NA
"Labour will prioritise the building of new social rented homes",NA,"504",NA
"and better protect our existing stock by reviewing the increased right to buy discounts introduced in 2012 and increasing protections on newly-built social housing.",NA,"504",NA
"Labour wants exemplary development to be the norm not the exception.",NA,"403",NA
"We will take steps to ensure we are building more high-quality, well-designed, and sustainable homes",NA,"416.2",NA
"and creating places that increase climate resilience and promote nature recovery.",NA,"501",NA
"We will implement solutions to unlock the building of homes affected by nutrient neutrality without weakening environmental protections.",NA,"416.2",NA
"Labour will support firsttime buyers who struggle to save for a large desposit, with lower mortgage costs",NA,NA,NA
"Labour will work with local authorities to give first-time buyers the first chance to buy homes",NA,"403",NA
"and end the farce of entire developments being sold off to international investors before houses are even built.",NA,"403",NA
"And we will introduce a permanent, comprehensive mortgage guarantee scheme, to support first-time buyers who struggle to save for a large deposit, with lower mortgage costs.",NA,"403",NA
"Economic growth across the country",NA,"H",NA
"Every town and city across the country has a vital contribution to make to our economy.",NA,"410",NA
"But too many areas have been held back because decisions are often taken in Westminster, and not by local leaders who understand local ambitions and strengths.",NA,"301",NA
"This means we fail to make the most of the contribution everyone can make, hampering economic growth.",NA,"410",NA
"So, Labour will transfer power out of Westminster, and into our communities, with landmark devolution legislation to take back control.",NA,"301",NA
"In England, Labour will deepen devolution settlements for existing Combined Authorities.",NA,"301",NA
"We will also widen devolution to more areas, encouraging local authorities to come together and take on new powers.",NA,"301",NA
"Towns and cities will be able to take hold of the tools they need to pursue growth,",NA,"410",NA
"create jobs,",NA,"701",NA
"and improve living standards.",NA,"503",NA
"Local areas will be able to gain new powers over transport, adult education and skills, housing and planning, and employment support.",NA,"301",NA
"We will ensure those places have the strong governance arrangements, capacity, and capability to deliver, providing central support where needed.",NA,"301",NA
"At the centre of our approach is a new statutory requirement for Local Growth Plans that cover towns and cities across the country.",NA,"301",NA
"Local leaders will work with major employers, universities, colleges, and industry bodies to produce long-term plans that identify growth sectors and put in place the programmes and infrastructure they need to thrive.",NA,"301",NA
"These will align with our national industrial strategy.",NA,"404",NA
"Labour will review the governance arrangements for Combined Authorities to unblock decision making.",NA,"301",NA
"We will provide greater flexibility with integrated settlements for Mayoral Combined Authorities that can show exemplary management of public money.",NA,"301",NA
"On housing and planning we will seek to consolidate powers to allow for improved decision making.",NA,"301",NA
"Our approach will require partnership with local authorities.",NA,"301",NA
"Local government is facing acute financial challenges because of the Conservatives’ economic mismanagement which sent interest rates soaring, along with their failures on public services.",NA,"301",NA
"To provide greater stability, a Labour government will give councils multiyear funding settlements and end wasteful competitive bidding.",NA,"301",NA
"We recognise good jobs deliver better services that local communities can rely on.",NA,"701",NA
"Labour will provide capacity and support to councils,",NA,"301",NA
"and will overhaul the local audit system, so taxpayers get better value for money.",NA,"303",NA
"Improving public services is essential to growing our economy across the country.",NA,"410",NA
"Public service workers have a critical role to play, but services are suffering from recruitment and retention crises.",NA,"303",NA
"Labour will act to improve public service workers’ living standards throughout the parliament, and ensure any independent mechanisms have the confidence of all involved.",NA,"303",NA
"Labour will also work with the Scottish and Welsh Governments, and the Northern Ireland Executive, to drive growth across the country.",NA,"410",NA
"Our industrial strategy will support successful industries across all nations of the UK.",NA,"410",NA
"A fair and properly managed immigration system",NA,"H",NA
"People who have come to the UK to work make a substantial contribution to our economy, our public services, and our communities.",NA,"607.1",NA
"But under the Conservatives, our economy has become overly dependent on workers from abroad to fill skills shortages.",NA,"601.2",NA
"As a result, we have seen net migration reach record highs; more than triple the level than at the last election in 2019.",NA,"601.2",NA
"The overall level must be properly controlled and managed.",NA,"601.2",NA
"Failure to do so reduces the incentives for businesses to train locally.",NA,"601.2",NA
"So, Labour will reduce net migration.",NA,"601.2",NA
"Labour will transfer power out of Westminster, and into our communities",NA,NA,NA
"We will reform the points-based immigration system so that it is fair and properly managed,",NA,"602.2",NA
"with appropriate restrictions on visas,",NA,"601.2",NA
"and by linking immigration and skills policy.",NA,"602.2",NA
"Labour will not tolerate employers or recruitment agencies abusing the visa system.",NA,"605.1",NA
"And we will not stand for breaches of employment law.",NA,"605.1",NA
"Employers who flout the rules will be barred from hiring workers from abroad.",NA,"605.1",NA
"Conservative policy is incoherent, with decisions on migration, skills and sectoral pay determined in isolation.",NA,"305.1",NA
"Labour will bring joined-up thinking, ensuring that migration to address skills shortages triggers a plan to upskill workers and improve working conditions in the UK.",NA,"602.2",NA
"We will strengthen the Migration Advisory Committee, and establish a framework for joint working with skills bodies across the UK, the Industrial Strategy Council and the Department for Work and Pensions.",NA,"602.2",NA
"We will end the long-term reliance on overseas workers in some parts of the economy by bringing in workforce and training plans for sectors such as health and social care, and construction.",NA,"411",NA
"The days of a sector languishing endlessly on immigration shortage lists with no action to train up workers will come to an end.",NA,"411",NA
"Supporting people into work",NA,"H",NA
"Too many people are out of work or not earning enough.",NA,"503",NA
"Long waits for treatment of health conditions, particularly mental health, are contributing to the rise in economic inactivity.",NA,"504",NA
"Labour will reform employment support so it drives growth and opportunity.",NA,"504",NA
"Our system will be underpinned by rights and responsibilities – people who can work, should work – and there will be consequences for those who do not fulfil their obligations.",NA,"505",NA
"We will bring Jobcentre Plus and the National Careers Service together to provide a national jobs and careers service, focused on getting people into work and helping them get on at work.",NA,"504",NA
"We will ensure the service is responsive to local employers,",NA,"402",NA
"inclusive for all users,",NA,"503",NA
"and works in partnership with other local services.",NA,"303",NA
"Labour will work with local areas to create plans to support more disabled people and those with health conditions into work.",NA,"503",NA
"We will devolve funding so local areas can shape a joined-up work, health, and skills offer for local people.",NA,"301",NA
"We will tackle the backlog of Access to Work claims and give disabled people the confidence to start working without the fear of an immediate benefit reassessment if it does not work out.",NA,"504",NA
"We believe the Work Capability Assessment is not working and needs to be reformed or replaced,",NA,"504",NA
"alongside a proper plan to support disabled people to work.",NA,"503",NA
"One in eight young people are not in education, employment, or training, with those lacking good qualifications and with poor mental health facing particular disadvantages.",NA,"503",NA
"Drawing together existing funding and entitlements, Labour will establish a youth guarantee of access to training, an apprenticeship,",NA,"411",NA
"or support to find work for all 18- to 21-year-olds, to bring down the number of young people who are not learning or earning.",NA,"504",NA
"We will also guarantee two weeks’ worth of work experience for every young person,",NA,"506",NA
"and improve careers advice in schools and colleges.",NA,"506",NA
"We will work with the Scottish and Welsh Governments, and Mayors and Combined Authorities in England, to ensure all aspects of our new approach to Jobcentre Plus and employment support partner effectively with devolved provision, to offer the best opportunities for people right across the country.",NA,"301",NA
"Making work pay",NA,"H",NA
"Greater in-work security, better pay, and more autonomy in the workplace improve the lives of working people and bring substantial economic benefits.",NA,"701",NA
"Britain’s outdated employment laws are not fit for the modern economy,",NA,"701",NA
"and recent Conservative legislation has fuelled hostility and confrontation leading to the worst period in industrial relations since the 1980s.",NA,"701",NA
"For too many people a job does not offer the route out of poverty it should: either because work is insecure, inflexible, or low paid;",NA,"701",NA
"or because people face barriers when trying to move into a better job.",NA,"701",NA
"Responsible businesses face being undercut when rights are not enforced properly.",NA,"701",NA
"Britain’s outdated employment laws are not fit for the modern economy. Labour will implement our plan to ‘Make Work Pay: Delivering a New Deal for Working People’",NA,NA,NA
"Labour will stop the chaos and turn the page to create a partnership between business and trade unions, by implementing ‘Labour’s Plan to Make Work Pay: Delivering a New Deal for Working People’ in full – introducing legislation within 100 days.",NA,"405",NA
"We will consult fully with businesses, workers, and civil society on how to put our plans into practice before legislation is passed.",NA,"405",NA
"This will include banning exploitative zero hours contracts;",NA,"701",NA
"ending fire and rehire;",NA,"701",NA
"and introducing basic rights from day one to parental leave, sick pay, and protection from unfair dismissal.",NA,"701",NA
"We will strengthen the collective voice of workers, including through their trade unions,",NA,"701",NA
"and create a Single Enforcement Body to ensure employment rights are upheld.",NA,"701",NA
"These changes will improve the lives of working people across the entire UK.",NA,"701",NA
"Labour will also make sure the minimum wage is a genuine living wage.",NA,"412",NA
"We will change the remit of the independent Low Pay Commission so for the first time it accounts for the cost of living.",NA,"412",NA
"Labour will also remove the discriminatory age bands, so all adults are entitled to the same minimum wage,",NA,"412",NA
"delivering a pay rise to hundreds of thousands of workers across the UK.",NA,"701",NA
"Labour will stop the chaos, turn the page, and kickstart economic growth by reforming our economy.",NA,"410",NA
"MAKE BRITAIN A CLEAN ENERGY SUPERPOWER",NA,"H",NA
"Set up Great British Energy to cut bills for good",NA,"413",NA
"Energy independence from dictators like Putin",NA,"403",NA
"650,000 new high-quality jobs",NA,"701",NA
"Warmer homes to slash fuel poverty",NA,"503",NA
"Water companies forced to clean up our rivers",NA,"403",NA
"“Energy bills have shot up so much.",NA,NA,NA
"I’ve lived in this house all my life and I’ve never struggled this much to keep warm.",NA,NA,NA
"I can only afford to heat one room with a small portable heater.",NA,NA,NA
"Sometimes I sleep in my armchair to save money.",NA,NA,NA
"It’s no way to live.",NA,NA,NA
"Labour is the only party with a proper plan to cut energy bills for good and get us back on track.",NA,NA,NA
"The savings people will get through things like Great British Energy will make a real difference to me.",NA,NA,NA
"No question.”",NA,NA,NA
"The climate and nature crisis is the greatest long-term global challenge that we face.",NA,"501",NA
"The clean energy transition represents a huge opportunity to generate growth,",NA,"416.2",NA
"tackle the cost-of-living crisis",NA,"403",NA
"and make Britain energy independent once again.",NA,"411",NA
"That is why clean energy by 2030 is Labour’s second mission.",NA,"416.2",NA
"The Conservatives have failed to grasp opportunities in this area for two related reasons.",NA,"416.2",NA
"First, because they simply do not accept that economic growth, energy security, lower bills, and addressing climate change can be complementary.",NA,"416.2",NA
"Second, because they are ideologically opposed to using the role of the state, including public investment, to guarantee that they are.",NA,"403",NA
"The damage done by 14 years of chaotic ‘sticking plaster’ policies was exposed when Putin invaded Ukraine.",NA,"403",NA
"The cost of fossil fuel energy on the international market rocketed.",NA,"403",NA
"The Conservatives’ ban on new onshore wind, failure to build new nuclear power stations, and decision to scrap investment in home insulation landed British families with amongst the highest energy bills in Europe.",NA,"403",NA
"That is just one way we are paying the price.",NA,"403",NA
"While countries around the world are racing ahead to claim the jobs and wealth that the transition offers, Britain is losing out.",NA,"403",NA
"But it is not too late to stop the chaos and turn the page.",NA,"416.2",NA
"We have tremendous untapped advantages: our long coastline, high winds, shallow waters, universities, and skilled offshore workforce combined with our extensive technological and engineering capabilities.",NA,"416.2",NA
"With a serious industrial strategy and a genuine partnership between the public and private sectors, we can make Britain a clean energy superpower.",NA,"406",NA
"Labour will take decisive action to seize this economic opportunity.",NA,"406",NA
"We will shape markets, and use public investment to crowd in private funding.",NA,"403",NA
"At the heart of our approach will be our Green Prosperity Plan where, in partnership with business through our National Wealth Fund, we will invest in the industries of the future.",NA,"416.2",NA
"Our plan will create 650,000 jobs across the country by 2030.",NA,"701",NA
"We will end the chaotic Conservative chopping and changing on policy, harness clean power to boost our energy security,",NA,"416.2",NA
"and invest in home insulation upgrades.",NA,"416.2",NA
"We will save families hundreds of pounds on their bills, not just in the short term, but for good.",NA,"503",NA
"We will provide leadership at home so we can influence others to ensure every country plays their part in meeting our collective obligations to future generations.",NA,"416.2",NA
"At home we will also tackle the Conservatives’ nature emergency, including the unforgivable pollution of our rivers and seas.",NA,"501",NA
"We will improve access to nature,",NA,"501",NA
"promote biodiversity,",NA,"501",NA
"and protect our landscapes and wildlife.",NA,"501",NA
"Labour understands the road ahead.",NA,"305.1",NA
"We have been clear that this transition presents an opportunity to create good jobs, with no community left behind,",NA,"701",NA
"and support well-paying jobs in existing and future industries.",NA,"701",NA
"The Conservatives propose an alternative course.",NA,"305.1",NA
"A denial of reality; delaying action; increasing costs for Britain; exposing us to insecurity; and a failure to win the jobs of the future.",NA,"305.1",NA
"They tried this chaotic approach in the 1970s and 80s, and communities are still scarred by what happened.",NA,"305.1",NA
"That is the choice facing Britain.",NA,"305.1",NA
"Clean power by 2030",NA,"H",NA
"Families and businesses will have lower bills for good, from a zerocarbon electricity system.",NA,"416.2",NA
"We have chosen this mission not because it is easy, but because working people can never again be left vulnerable to dictators like Putin.",NA,"403",NA
"To deliver our clean power mission, Labour will work with the private sector to double onshore wind, triple solar power, and quadruple offshore wind by 2030.",NA,"416.2",NA
"We will invest in carbon capture and storage,",NA,"416.2",NA
"hydrogen and marine energy,",NA,"416.2",NA
"and ensure we have the long-term energy storage our country needs.",NA,"416.2",NA
"A new Energy Independence Act will establish the framework for Labour’s energy and climate policies.",NA,"416.2",NA
"Labour will end a decade of dithering that has seen the Conservatives duck decisions on nuclear power.",NA,"416.2",NA
"We will ensure the long-term security of the sector, extending the lifetime of existing plants, and we will get Hinkley Point C over the line.",NA,"416.2",NA
"New nuclear power stations, such as Sizewell C, and Small Modular Reactors, will play an important role in helping the UK achieve energy security and clean power",NA,"416.2",NA
"while securing thousands of good, skilled jobs.",NA,"701",NA
"SIR PATRICK VALLANCE",NA,NA,NA
"Former Chief Scientific Adviser",NA,NA,NA
"""A national mission for clean power by 2030 is achievable and should be prioritised.",NA,NA,NA
"We desperately need to end the era of high energy bills, excessive carbon emissions and energy insecurity by accelerating the transition to clean, homegrown energy.",NA,NA,NA
"Britain can lead on this by treating this mission like the vaccine challenge.",NA,NA,NA
"We can be the innovators and the implementers, helping ourselves and exporting our solutions worldwide.",NA,NA,NA
"But if we choose to go slowly, others will provide the answers, and ultimately we’ll end up buying these solutions rather than selling them.”",NA,NA,NA
"Labour will create a new publicly-owned company, Great British Energy. It will be owned by the British people and deliver power back to the British people",NA,NA,NA
"Labour will maintain a strategic reserve of gas power stations to guarantee security of supply.",NA,"411",NA
"We will ensure a phased and responsible transition in the North Sea that recognises the proud history of our offshore industry and the brilliance of its workforce, particularly in Scotland and the North East of England, and the ongoing role of oil and gas in our energy mix.",NA,"411",NA
"We will embrace the future of energy production and storage which will make use of existing offshore infrastructure",NA,"416.2",NA
"and the skills of our offshore workforce.",NA,"701",NA
"Labour will not revoke existing licences and we will partner with business and workers to manage our existing fields for the entirety of their lifespan.",NA,"403",NA
"Crucially, oil and gas production in the North Sea will be with us for decades to come,",NA,"411",NA
"and the North Sea will be managed in a way that does not jeopardise jobs.",NA,"701",NA
"And our offshore workers will lead the world in the industries of the future.",NA,"416.2",NA
"We will not issue new licences to explore new fields because they will not take a penny off bills, cannot make us energy secure, and will only accelerate the worsening climate crisis.",NA,"416.2",NA
"In addition, we will not grant new coal licences and will ban fracking for good.",NA,"416.2",NA
"To support investment in this plan, Labour will close the loopholes in the windfall tax on oil and gas companies.",NA,"403",NA
"Companies have benefitted from enormous profits not because of their ingenuity or investment, but because of an energy shock which raised prices for British families.",NA,"403",NA
"Labour will therefore extend the sunset clause in the Energy Profits Levy until the end of the next parliament.",NA,"403",NA
"We will also increase the rate of the levy by three percentage points,",NA,"403",NA
"as well as removing the unjustifiably generous investment allowances.",NA,"403",NA
"Labour will also retain the Energy Security Investment Mechanism.",NA,"403",NA
"Switch on Great British Energy",NA,"H",NA
"To drive forward investment in clean, home-grown energy production, Labour will create a new publiclyowned company, Great British Energy.",NA,"413",NA
"It will be owned by the British people and deliver power back to the British people.",NA,"413",NA
"Great British Energy will partner with industry and trade unions to deliver clean power by co-investing in leading technologies;",NA,"405",NA
"will help support capital-intensive projects;",NA,"405",NA
"and will deploy local energy production to benefit communities across the country.",NA,"301",NA
"To support this, Labour will capitalise Great British Energy with £8.3 billion, over the next parliament.",NA,"413",NA
"The company will create jobs",NA,"701",NA
"and build supply chains in every corner of the UK.",NA,"410",NA
"Scotland will be the powerhouse of our clean energy mission, with Great British Energy headquartered there.",NA,"416.2",NA
"Local power generation is an essential part of the energy mix and reduces pressures on the transmission grid.",NA,"403",NA
"Labour will deploy more distributed production capacity through our Local Power Plan.",NA,"411",NA
"Great British Energy will partner with energy companies, local authorities, and co-operatives to install thousands of clean power projects, through a combination of onshore wind, solar, and hydropower projects.",NA,"416.2",NA
"We will invite communities to come forward with projects, and work with local leaders and devolved governments to ensure local people benefit directly from this energy production.",NA,"301",NA
"Energy system reform",NA,"H",NA
"Under the Conservatives, the broken energy market has let customers down.",NA,"403",NA
"The government has allowed scandalous abuses on their watch, including poor customer service, companies going to the wall with the costs falling on billpayers, and the mass forced installation of pre-payment meters.",NA,"403",NA
"Labour will ensure a much tougher system of regulation that puts consumers first and attracts the investment needed to cut bills.",NA,"403",NA
"Too much of the burden of the bill is on standing charges and we will work with the regulator to reduce them.",NA,"403",NA
"We will strengthen the regulator to ensure it can hold companies to account for wrongdoing,",NA,"403",NA
"require higher standards of performance,",NA,"403",NA
"and ensure there is automatic customer compensation for failure.",NA,"403",NA
"The national grid has become the single biggest obstacle to the deployment of cheap, clean power generation",NA,"416.2",NA
"and the electrification of industry.",NA,"411",NA
"With grid connection dates not being offered until the late 2030s, important business and infrastructure investment is being stalled or lost overseas.",NA,"411",NA
"Labour will work with industry to upgrade our national transmission infrastructure and rewire Britain.",NA,"411",NA
"High-quality jobs",NA,"H",NA
"As Britain becomes a clean energy superpower, Labour is determined that we will create new high-quality jobs,",NA,"701",NA
"working with business and trade unions, as we manage the transition.",NA,"405",NA
"We will rebuild supply chains at home.",NA,"410",NA
"And, as the first major economy to transition to a clean-energy system, we will export the technologies of the future.",NA,"416.2",NA
"Labour’s National Wealth Fund will directly invest in ports, hydrogen and industrial clusters in every corner of the country.",NA,NA,NA
"We will also secure the future of Britain’s automotive and steel industries.",NA,"411",NA
"Labourʼs National Wealth Fund will directly invest in ports, hydrogen and industrial clusters in every corner of the country",NA,"411",NA
"We will reward clean energy developers with a British Jobs Bonus, allocating up to £500 million per year from 2026, to incentivise firms who offer good jobs, terms and conditions and build their manufacturing supply chains in our industrial heartlands, coastal areas, and energy communities.",NA,"416.2",NA
"Labour will end the injustice of the Mineworkers' Pension Scheme.",NA,"504",NA
"We will review the unfair surplus arrangements and transfer the Investment Reserve Fund back to members, so that the mineworkers who powered our country receive a fairer pension.",NA,"504",NA
"Labour will save families hundreds of pounds, slash fuel poverty, and get Britain back on track to meet our climate targets. Our plan will mean good skilled jobs for tradespeople in every part of the country",NA,NA,NA
"Warm homes plan",NA,"H",NA
"The energy shock of recent years has highlighted the urgent importance of improving energy efficiency in British homes.",NA,"403",NA
"Labour will invest an extra £6.6 billion over the next parliament, doubling the existing planned government investment, to upgrade five million homes to cut bills for families.",NA,"403",NA
"The Warm Homes Plan will offer grants and low interest loans to support investment in insulation and other improvements such as solar panels, batteries and low carbon heating to cut bills.",NA,"403",NA
"We will partner with combined authorities, local and devolved governments, to roll out this plan.",NA,"301",NA
"Labour will also work with the private sector, including banks and building societies, to provide further private finance to accelerate home upgrades and low carbon heating.",NA,"403",NA
"We will ensure homes in the private rented sector meet minimum energy efficiency standards by 2030, saving renters hundreds of pounds per year.",NA,"403",NA
"Nobody will be forced to rip out their boiler as a result of our plans.",NA,"403",NA
"Labour will save families hundreds of pounds, slash fuel poverty,",NA,"503",NA
"and get Britain back on track to meet our climate targets.",NA,"501",NA
"Our plan will mean good skilled jobs for tradespeople in every part of the country.",NA,"701",NA
"Accelerating to net zero",NA,"H",NA
"British industry is also held back by high electricity costs, which has often made investing here uncompetitive.",NA,"403",NA
"Labour’s clean energy mission will drive down those bills, making British businesses internationally competitive",NA,"403",NA
"while our National Wealth Fund supports the most energy intensive sectors to decarbonise.",NA,"416.2",NA
"Labour supports the introduction of a carbon border adjustment mechanism.",NA,"416.2",NA
"This will protect British industries as we decarbonise,",NA,"406",NA
"prevent countries from dumping lower-quality goods into British markets,",NA,"406",NA
"and support the UK to meet our climate objectives.",NA,"501",NA
"Labour will ensure the institutional framework for policy making reflects our commitments to reach net zero and meet our carbon budgets.",NA,"416.2",NA
"The Conservatives’ decision to prevent the Bank of England giving due consideration to climate change in its mandates will be reversed.",NA,"416.2",NA
"Britain’s world-leading financial services industry has a major role to play in mobilising trillions of pounds in private capital to address the greatest long-term challenge of our age.",NA,"416.2",NA
"Labour will make the UK the green finance capital of the world, mandating UK-regulated financial institutions – including banks, asset managers, pension funds, and insurers – and FTSE 100 companies to develop and implement credible transition plans that align with the 1.5°C goal of the Paris Agreement.",NA,"416.2",NA
"Improving resilience",NA,"H",NA
"Preparing for the future not only means tackling the climate and nature emergencies, but also adapting to the changes they will bring to our environment.",NA,"411",NA
"Without action, flooding and coastal erosion will pose greater risks to lives, livelihoods and people’s wellbeing.",NA,"411",NA
"The Conservatives’ poor risk management, and a disjointed approach across government and regulators have left Britain badly exposed.",NA,"411",NA
"Labour will improve resilience and preparation across central government, local authorities, local communities, and emergency services.",NA,"411",NA
"This includes formally working with all stakeholders in the Fire and Rescue services to inform policy and establish national standards.",NA,"411",NA
"Protecting nature",NA,"H",NA
"The climate crisis has accelerated the nature crisis.",NA,"501",NA
"Whilst Britain enjoys remarkable natural beauty, the Conservatives have left Britain one of the most nature-depleted countries in the world.",NA,"501",NA
"Labour will deliver for nature, taking action to meet our Environment Act targets,",NA,"501",NA
"and will work in partnership with civil society, communities and business to restore and protect our natural world.",NA,"501",NA
"As part of our plans to improve responsible access to nature, Labour will create nine new National River Walks, one in each region of England,",NA,"501",NA
"and establish three new National Forests in England,",NA,"501",NA
"whilst planting millions of trees and creating new woodlands.",NA,"501",NA
"Labour will expand nature-rich habitats such as wetlands, peat bogs and forests so families can explore and wildlife can thrive, including on public land.",NA,"501",NA
"Labour is committed to reducing waste by moving to a circular economy.",NA,"501",NA
"Britain’s coasts, rivers, and lakes are being polluted by illegal sewage dumping. Labour will put failing water companies under special measures to clean up our water",NA,NA,NA
"Clean water",NA,"H",NA
"Britain’s coasts, rivers, and lakes are being polluted by illegal sewage dumping.",NA,"501",NA
"The Conservatives have turned a blind eye and weakened rather than strengthened regulation, with serious damage being done to our countryside, our tourism industry, and people’s health.",NA,"501",NA
"Labour will put failing water companies under special measures to clean up our water.",NA,"501",NA
"We will give regulators new powers to block the payment of bonuses to executives who pollute our waterways",NA,"501",NA
"and bring criminal charges against persistent law breakers.",NA,"605.1",NA
"We will impose automatic and severe fines for wrongdoing and ensure independent monitoring of every outlet.",NA,"605.1",NA
"Supporting British farmers",NA,"H",NA
"Labour recognises that food security is national security.",NA,"703.1",NA
"That is why we will champion British farming",NA,"703.1",NA
"whilst protecting the environment.",NA,"501",NA
"We will set a target for half of all food purchased across the public sector to be locally produced or certified to higher environmental standards.",NA,"703.1",NA
"We will introduce a land-use framework and make environment land management schemes work for farmers and nature.",NA,"703.1",NA
"And we will work with farmers and scientists on measures to eradicate Bovine TB, protecting livelihoods, so that we can end the ineffective badger cull.",NA,"703.1",NA
"Stronger animal welfare",NA,"H",NA
"Labour will improve animal welfare.",NA,"501",NA
"We will ban trail hunting and the import of hunting trophies.",NA,"501",NA
"We will end puppy smuggling and farming, along with the use of snare traps.",NA,"501",NA
"And we will partner with scientists, industry, and civil society as we work towards the phasing out of animal testing.",NA,"501",NA
"Labour will end the climate and energy chaos, turn the page on 14 years of failed policies, and make Britain a clean energy superpower.",NA,"416.2",NA
"TAKE BACK OUR STREETS",NA,"H",NA
"Crack down on antisocial behaviour with more neighbourhood police",NA,"605.1",NA
"Tough new penalties for offenders",NA,"605.1",NA
"A plan to get knives off our streets",NA,"605.1",NA
"A specialist rape unit in every police force",NA,"605.1",NA
"A new network of Young Futures hubs",NA,"504",NA
"Nour: sister, aunt and campaigner for Raneem’s Law",NA,NA,NA
"“On the night my niece Raneem Oudeh and her mother were murdered they called 999 not once, not twice, not three times, but four times.",NA,NA,NA
"No one came.",NA,NA,NA
"Raneem faced abuse, stalking and threats to kill from her ex-partner.",NA,NA,NA
"She repeatedly asked the police for help.",NA,NA,NA
"But nothing was done.",NA,NA,NA
"No woman should ever be ignored like this.",NA,NA,NA
"And this was preventable.",NA,NA,NA
"It’s the result of police cuts and the Conservatives serving themselves.",NA,NA,NA
"As Director of Public Prosecutions Keir gave victims a voice in the justice system.",NA,NA,NA
"I’m backing Labour’s plan to halve levels of violence against women and girls within a decade.”",NA,NA,NA
"Labour has a straightforward vision for policing and criminal justice. When you call the police, they should come. When you report a crime, it should be properly investigated no matter who you are, or where you live",NA,NA,NA
"Labour has a straightforward vision for policing and criminal justice.",NA,"605.1",NA
"When you call the police, they should come.",NA,"605.1",NA
"When you report a crime, it should be properly investigated no matter who you are, or where you live.",NA,"202.1",NA
"Police should have the trust of communities.",NA,"202.1",NA
"Victims must have faith that justice will be delivered, and criminals will be punished.",NA,"202.1",NA
"Prisons should not be academies of crime.",NA,"605.1",NA
"These are not outlandish expectations.",NA,"605.1",NA
"They are the basics of a safe, secure, law-abiding society.",NA,"605.1",NA
"Sadly, this vision is a world away from Britain today.",NA,"605.1",NA
"Our sense of security has been badly eroded.",NA,"605.1",NA
"Serious violence is too high.",NA,"605.1",NA
"Growing numbers of young people are drawn into gangs, drug dealing and violence at ever earlier ages.",NA,"605.1",NA
"Antisocial behaviour blights our town and city centres.",NA,"605.1",NA
"Fewer criminals are being caught and punished.",NA,"605.1",NA
"More victims are being let down.",NA,"605.1",NA
"This is not an accident, but the result of Conservative choices over the last 14 years.",NA,"605.1",NA
"Community policing has been downgraded, with neighbourhood officers pulled off the beat to plug shortages elsewhere, weakening connections with communities they serve.",NA,"605.1",NA
"Trust in the police has been undermined by failures in vetting and appalling misconduct of some officers.",NA,"605.1",NA
"Powers to combat antisocial behaviour and shoplifting have been weakened, leaving our town centres exposed.",NA,"605.1",NA
"Our justice system has been allowed to grind to a halt.",NA,"605.1",NA
"This must change.",NA,"605.1",NA
"Labour will restore neighbourhood policing with thousands of extra officers,",NA,"605.1",NA
"and we will equip officers with the powers they need.",NA,"605.1",NA
"We will tackle the epidemic of serious violence, with a greater focus on prevention, including by holding those companies and executives cashing in on knife crime personally to account.",NA,"605.1",NA
"We will no longer tolerate the violence against women and girls that stains our society.",NA,"605.1",NA
"And we will reform the justice system to put the needs of victims first,",NA,"605.1",NA
"tackle the prisons crisis",NA,"605.1",NA
"and cut reoffending.",NA,"605.1",NA
"In short, Labour will stop the Conservative chaos and return law and order to our streets.",NA,"605.1",NA
"Visible neighbourhood policing",NA,"H",NA
"Visible neighbourhood policing was the cornerstone of the British consent-based model.",NA,"601.1",NA
"In too many areas it has been eroded, leaving the police a reactive service focused on crisis response, rather than preventing crime.",NA,"601.1",NA
"Labour will introduce a new Neighbourhood Policing Guarantee, restoring patrols to our town centres by recruiting thousands of new police officers, police and community support officers, and special constables.",NA,"605.1",NA
"Communities and residents will have a named officer to turn to when things go wrong.",NA,"606.1",NA
"These new recruits will be paid for by tackling waste through a new Police Efficiency and Collaboration programme for England and Wales.",NA,"303",NA
"The programme will set nation-wide standards for procurement and establish shared services and specialist functions to drive down costs.",NA,"303",NA
"Cracking down on antisocial behaviour",NA,"H",NA
"Antisocial behaviour is not merely a ‘low-level’ nuisance.",NA,"606.1",NA
"It hits the poorest communities hardest and, if left unchecked, leads to more serious offending.",NA,"606.1",NA
"Yet, the Conservatives weakened enforcement powers.",NA,"606.1",NA
"Labour will fix this by introducing new Respect Orders – powers to ban persistent adult offenders from town centres, which will stamp out issues such as public drinking and drug use.",NA,"605.1",NA
"Fly-tippers and vandals will also be forced to clean up the mess they have created.",NA,"605.1",NA
"With shoplifting soaring, retail workers increasingly find themselves in harm’s way.",NA,"605.1",NA
"Labour will scrap the effective immunity for some shoplifting introduced by the Conservatives and create a new specific offence for assaults on shopworkers that will protect them from threats and violence.",NA,"605.1",NA
"Knife crime action plan",NA,"H",NA
"Knife crime has been rising for a decade, claiming far too many young lives.",NA,"605.1",NA
"It is a national crisis, requiring urgent action.",NA,"605.1",NA
"Yet, under the Conservatives, too often when a teenager is found with a knife, nothing happens, and carrying a knife becomes normalised.",NA,"605.1",NA
"GAVIN THOMAS",NA,NA,NA
"Former Detective Chief Superintendent and Former President of the Police Superintendents Association “ Labour has serious and credible plans to take back our streets, with ambitious missions to halve serious violence - including knife crime - finally tackle the scrouge of violence against women and girls, and rebuild public confidence in policing by getting bobbies back on the beat.",NA,NA,NA
"These plans will require us to do things differently and to work hard to offer better protection to our communities.",NA,NA,NA
"But they can only happen if you vote for them.”",NA,NA,NA
"To get knives off our streets Labour will ban ninja swords, lethal zombie-style blades and machetes, and strengthen rules to prevent online sales",NA,NA,NA
"There are virtually no services for vulnerable teenagers at risk of being drawn into a life of violence.",NA,"504",NA
"The next Labour government will change this.",NA,"504",NA
"We aim to halve knife crime in a decade.",NA,"605.1",NA
"Labour will end the practice of empty warnings by ensuring knife carrying triggers rapid intervention and tough consequences.",NA,"605.1",NA
"Every young person caught in possession of a knife will be referred to a Youth Offending Team and will receive a mandatory plan to prevent reoffending, with penalties including curfews, tagging, and custody for the most serious cases.",NA,"605.1",NA
"To get knives off our streets Labour will ban ninja swords, lethal zombiestyle blades and machetes, and strengthen rules to prevent online sales.",NA,"605.1",NA
"Executives of online companies that flout these rules will be personally held to account through tough sanctions.",NA,"605.1",NA
"Labour will intervene earlier to stop young people being drawn into crime, creating a new Young Futures programme with a network of hubs reaching every community.",NA,"504",NA
"These hubs will have youth workers, mental health support workers, and careers advisers on hand to support young people’s mental health and avoid them being drawn into crime.",NA,"504",NA
"We will not wait for those at risk to come forward.",NA,"504",NA
"Local prevention partnerships will identify young people who could be drawn into violence and intervene.",NA,"504",NA
"And to offer young people a pathway out of violence, we will place youth workers and mentors in A&E units and Pupil Referral Units, funded by full recovery of the cost of firearm licensing.",NA,"504",NA
"Labour will also introduce a new offence of criminal exploitation of children, to go after the gangs who are luring young people into violence and crime.",NA,"605.1",NA
"Tackling violence against women and girls",NA,"H",NA
"For too long, violence against women and girls has been ignored.",NA,"605.1",NA
"Our landmark mission to halve violence against women and girls in a decade will require a national effort.",NA,"605.1",NA
"We will use every government tool available to target perpetrators and address the root causes of abuse and violence.",NA,"605.1",NA
"That starts with tougher enforcement and protection.",NA,"605.1",NA
"With Labour, there will be specialist rape and sexual offences teams in every police force.",NA,"605.1",NA
"The most prolific and harmful perpetrators will be relentlessly targeted, using tactics normally reserved for terrorists and organised crime.",NA,"605.1",NA
"Prosecution rates for rape are shamefully low with many victims dropping out of the justice system when faced with years of delays.",NA,"605.1",NA
"Labour will fast-track rape cases, with specialist courts at every Crown Court location in England and Wales.",NA,"605.1",NA
"Victims deserve better support.",NA,"605.1",NA
"Building on the success of the approach adopted by Labour Police and Crime Commissioners, we will introduce domestic abuse experts in 999 control rooms so that victims can talk directly to a specialist,",NA,"605.1",NA
"and ensure there is a legal advocate in every police force area to advise victims from the moment of report to trial.",NA,"605.1",NA
"Violence and abuse against women and girls does not come from nowhere.",NA,"605.1",NA
"Misogyny is one root cause, and therefore Labour will ensure schools address misogyny and teach young people about healthy relationships and consent.",NA,"506",NA
"We will ensure police forces have the powers they need to track and tackle the problem.",NA,"605.1",NA
"Stalking has not been treated with the seriousness it deserves.",NA,"605.1",NA
"Labour will strengthen the use of Stalking Protection Orders and give women the right to know the identity of online stalkers.",NA,"605.1",NA
"Spiking is a devastating crime for victims, leaving many women feeling vulnerable when they go out.",NA,"605.1",NA
"Labour will introduce a new criminal offence for spiking to help police better respond to this crime.",NA,"605.1",NA
"We will strengthen the rights and protections available to women in co-habiting couples,",NA,"201.2",NA
"as well as for whistleblowers in the workplace, including on sexual harassment.",NA,"201.2",NA
"Better policing",NA,"H",NA
"Under the Conservatives, poor policing performance has been tolerated, with forces spending years in special measures.",NA,"605.1",NA
"Trust in the police has been undermined by the appalling acts of some officers.",NA,"605.1",NA
"Labour will turn the page and raise standards by reforming the police.",NA,"605.1",NA
"For too long violence against women and girls has been ignored. We will use every government tool to target perpetrators and address the root causes of abuse and violence",NA,NA,NA
"Labour will give His Majesty’s Inspectorate of Constabulary, Fire & Rescue Services new powers to intervene with failing forces.",NA,"605.1",NA
"We will introduce mandatory professional standards on vetting, checks and misconduct for individual officers;",NA,"605.1",NA
"and stronger training on racism and violence against women and girls.",NA,"605.1",NA
"Anyone with a history of violence against women and girls will be barred from the service",NA,"605.1",NA
"and we will introduce automatic suspensions if officers are investigated for domestic abuse and sexual offences.",NA,"605.1",NA
"Particular care is required when investigating children.",NA,"605.1",NA
"Labour will introduce new legal safeguards around strip-searching children and young people.",NA,"605.1",NA
"Fraud accounts for almost two in five crimes, but the Conservatives have failed to respond to the scale of the challenge.",NA,"605.1",NA
"Labour will introduce a new expanded fraud strategy to tackle the full range of threats, including online, public sector and serious fraud.",NA,"605.1",NA
"We will work with technology companies to stop their platforms being exploited by fraudsters.",NA,"605.1",NA
"Criminals never stop looking for new ways to target victims.",NA,"605.1",NA
"Police must change the way they operate too, with technology and investigative techniques keeping pace with modern threats.",NA,"605.1",NA
"We will work with national policing bodies and police staff to standardise approaches to procurement, IT, professional standards and training.",NA,"605.1",NA
"And we will ensure the service is organised so as to enable investment in specialist capabilities, such as digital forensics,",NA,"605.1",NA
"and to more effectively tackle cross-border issues such as serious organised crime.",NA,"605.1",NA
"Solving crime",NA,"H",NA
"Under the Conservatives, plummeting charge and prosecution rates have emboldened criminals.",NA,"605.1",NA
"Rather than working together, police and prosecutors often engage in a blame game, which lets down victims.",NA,"605.1",NA
"Labour will reverse this, driving up the proportion of crimes solved by reducing barriers to bringing charges, cutting bureaucracy, and improving collaboration.",NA,"605.1",NA
"We will make it easier for highperforming police forces to charge domestic abuse suspects to speed up the process.",NA,"605.1",NA
"Labour recognises recruitment challenges, particularly for detectives, so we will roll out a direct entry scheme for detectives to boost investigation skills.",NA,"605.1",NA
"A justice system that puts victims first",NA,"H",NA
"After 14 years of neglect, the criminal justice system is broken.",NA,"605.1",NA
"Victims wait months, sometimes years, for their case to come to trial, unable to move on with their lives.",NA,"605.1",NA
"As an initial step to address the courts backlog, Labour will ensure more prosecutors are available by allowing Associate Prosecutors to work on appropriate cases.",NA,"605.1",NA
"We will introduce new protections for victims of crime and persistent antisocial behaviour, by increasing the powers of the Victims’ Commissioner,",NA,"605.1",NA
"and ensuring victims can access the information and support they need.",NA,"605.1",NA
"Even when criminals are found guilty, the sentences they receive often do not make sense either to victims or the wider public.",NA,"605.1",NA
"This is particularly worrying for offences against women and girls.",NA,"605.1",NA
"Labour will carry out a review of sentencing to ensure it is brought up to date.",NA,"605.1",NA
"Getting a grip of our prisons and reducing reoffending",NA,"H",NA
"Prisons in England and Wales are in crisis.",NA,"605.1",NA
"The Conservatives’ failure to build sufficient places has led to overcrowding and chaos.",NA,"605.1",NA
"Judges are being advised to delay sentencing.",NA,"605.1",NA
"Prisoners are being released early.",NA,"605.1",NA
"And fewer dangerous criminals are locked up because of a lack of space.",NA,"605.1",NA
"The Conservatives have failed to get prisons built.",NA,"605.1",NA
"Labour recognises that prisons are of national importance and therefore will use all relevant powers to build the prisons so badly needed.",NA,"605.1",NA
"As a result of overcrowding, our prisons are increasingly dangerous, plagued by drug use and violent disorder – putting prison officers in a dangerous position.",NA,"605.1",NA
"Far from being places where offenders are punished and rehabilitated, prisons are a breeding ground for more crime.",NA,"605.1",NA
"Prison leavers are more likely to reoffend if they do not have the tools to move away from crime, if they have nowhere to live and if they do not have a job on release.",NA,"504",NA
"Labour will act to reduce reoffending.",NA,"504",NA
"We will work with prisons to improve offenders’ access to purposeful activity, such as learning,",NA,"506",NA
"and ensure they create pre-release plans for those leaving custody.",NA,"504",NA
"We will support prisons to link up with local employers and the voluntary sector to get ex-offenders into work.",NA,"504",NA
"The children of those who are imprisoned are at far greater risk of being drawn into crime than their peers.",NA,"504",NA
"We will ensure that those young people are identified and offered support to break the cycle.",NA,"504",NA
"After 14 years of chaotic reorganisations, the national probation service is struggling to keep the public safe.",NA,"605.1",NA
"A lack of co-ordination between prisons, probation and other local services also means prison-leavers are not getting the right support, raising the risk that they go straight back to crime.",NA,"504",NA
"In some areas of the country, we have seen Labour Mayors pioneering a more joined-up approach to reduce reoffending.",NA,"504",NA
"In Greater Manchester, probation is linked up with housing and health services to ensure offenders leaving custody receive the support they need.",NA,"504",NA
"Labour will conduct a strategic review of probation governance, including considering the benefits of devolved models.",NA,"504",NA
"Historical injustices",NA,"H",NA
"Under the Conservatives, too many victims of historical injustices have had insult added to injury by years of legal delays.",NA,"202.1",NA
"Without justice and the truth, victims and their families cannot move forward.",NA,"202.1",NA
"Labour will right this wrong, act on the findings of the Infected Blood Inquiry, and respond to the findings of the Grenfell Inquiry and the Covid-19 Inquiry, to ensure swift resolution.",NA,"202.1",NA
"Labour will introduce a ‘Hillsborough Law’ which will place a legal duty of candour on public servants and authorities,",NA,"202.1",NA
"and provide legal aid for victims of disasters or staterelated deaths.",NA,"202.1",NA
"We will ensure the victims of the appalling Windrush scandal have their voices heard",NA,"202.1",NA
"and the compensation scheme is run effectively, with a new Windrush Commissioner.",NA,"202.1",NA
"Labour will also ensure, through an investigation or inquiry, that the truth about the events at Orgreave comes to light.",NA,"202.1",NA
"Labour will stop the chaos that lets too many criminals act with impunity, turn the page with stronger policing, and rebuild our criminal justice system.",NA,"605.1",NA
"BREAK DOWN THE BARRIERS TO OPPORTUNITY",NA,"H",NA
"Recruit 6,500 new expert teachers in key subjects",NA,"506",NA
"3,000 new primary school-based nurseries",NA,"506",NA
"Free breakfast clubs in every primary school",NA,"506",NA
"A modern curriculum so young people are ready for work and life",NA,"506",NA
"High-quality apprenticeships and specialist technical colleges",NA,"506",NA
"Zahida, Trust School Improvement Partner",NA,NA,NA
"I went into education to make a difference for all children, especially those from council estates like the one I grew up on.",NA,NA,NA
"I taught Spanish to Labour’s Shadow Secretary of State for Education Bridget Phillipson.",NA,NA,NA
"Having been a headteacher, it is my privilege to support Labour’s plans for 6,500 new teachers, free breakfast clubs in every primary school, and to give all children the chance to take part in music, sport, and the arts.",NA,NA,NA
"Bridget and her colleagues in government will continue to make that difference.”",NA,NA,NA
"Whoever you are, wherever you come from, Britain should be a country where hard work means you can get on in life.",NA,"503",NA
"Under the Conservatives, this basic promise – that if you work hard, you will enjoy the rewards – has been broken.",NA,"503",NA
"We are a country where who your parents are – and how much money they have – too often counts for more than your effort and enterprise.",NA,"503",NA
"Too many people see success as something that happens to others.",NA,"503",NA
"This is an appalling waste of talent as well as a huge injustice.",NA,"503",NA
"So, breaking the pernicious link between background and success will be a defining mission for Labour.",NA,"503",NA
"First, we must recognise that greater opportunity requires greater security.",NA,"503",NA
"Tackling economic insecurity – at work, at home, in our communities and public services – is the golden thread that runs through all of Labour’s missions.",NA,"503",NA
"On that secure foundation, we can build an education system that prepares our children for life, work, and the future.",NA,"506",NA
"Our education system is struggling to cope after years of chronic mismanagement under the Conservatives.",NA,"506",NA
"Childcare and early education are increasingly unaffordable and unavailable.",NA,"506",NA
"Too many children arrive at primary school not ready to learn.",NA,"506",NA
"Too many children are not even getting to school.",NA,"506",NA
"Teachers are burnt out and leaving in droves.",NA,"506",NA
"Fewer people are participating in apprenticeships and training.",NA,"411",NA
"Higher education is in crisis.",NA,"506",NA
"Meanwhile, too many of our young people leave school unprepared for the future.",NA,"506",NA
"Breaking the pernicious link between background and success will be a defining mission for Labour",NA,NA,NA
"Labour will transform our education system so that young people get the opportunities they deserve.",NA,"506",NA
"We will expand our childcare and early-years system,",NA,"506",NA
"drive up standards,",NA,"506",NA
"modernise the school curriculum,",NA,"506",NA
"reform assessment",NA,"506",NA
"and create higher-quality training and employment paths by empowering local communities to develop the skills people need.",NA,"411",NA
"We will also put employers at the heart of our skills system.",NA,"411",NA
"Every child should believe that success belongs to them.",NA,"503",NA
"Education has so often been the spark that can light a fire within, transforming life chances.",NA,"506",NA
"It is time to light that fire for the whole country.",NA,"503",NA
"Family security",NA,"H",NA
"The last Labour government lifted over half a million children and over a million pensioners out of poverty.",NA,"504",NA
"That progress transformed life chances and ensured security in retirement.",NA,"504",NA
"The next Labour government will build on that legacy of pursuing opportunity and social justice.",NA,"503",NA
"Good work will be the foundation of our approach to tackling poverty and inequality.",NA,"503",NA
"We will create more good jobs,",NA,"701",NA
"reform employment support,",NA,"504",NA
"and make work pay so that many more people benefit from the dignity and purpose of work.",NA,"701",NA
"Labour is committed to reviewing Universal Credit so that it makes work pay and tackles poverty.",NA,"504",NA
"We want to end mass dependence on emergency food parcels, which is a moral scar on our society.",NA,"504",NA
"Child poverty has gone up by 700,000 under the Conservatives, with over four million children now growing up in a low-income family.",NA,"504",NA
"Last year, a million children experienced destitution.",NA,"504",NA
"This not only harms children’s lives now, it damages their future prospects,",NA,"504",NA
"and holds back our economic potential as a country.",NA,"410",NA
"Labour will develop an ambitious strategy to reduce child poverty.",NA,"503",NA
"We will work with the voluntary sector, faith organisations, trade unions, business, devolved and local government, and communities to bring about change.",NA,"503",NA
"We will take initial steps to confront poverty by introducing free breakfast clubs in every primary school,",NA,"504",NA
"protecting renters from arbitrary eviction,",NA,"403",NA
"slashing fuel poverty,",NA,"503",NA
"banning exploitative zero hours contracts,",NA,"701",NA
"and improving support to help people get into good work.",NA,"701",NA
"Our system of state, private, and workplace pensions provide the basis for security in retirement.",NA,"504",NA
"Labour will retain the triple lock for the state pension.",NA,"504",NA
"We will also adopt reforms to workplace pensions to deliver better outcomes for UK savers and pensioners.",NA,"504",NA
"Our pensions review will consider what further steps are needed to improve security in retirement,",NA,"504",NA
"as well as to increase productive investment in the UK economy.",NA,"401",NA
"IMELDA STAUNTON CBE",NA,NA,NA
"Actor",NA,NA,NA
"I welcome Labour’s proposals set out by Keir Starmer to broaden opportunity and make sure all young people have access to the arts.",NA,NA,NA
"Opening up access to creativity in our schools is critical, not just so that our children have a better chance at a career in the arts, but because access is what will fuel growth in the creative industries — one of the most important sectors for the future of the economy — creating good jobs in all corners of the country.”",NA,NA,NA
"Security also means having a secure roof over your head.",NA,"403",NA
"That is not the case for too many renting their homes privately.",NA,"403",NA
"Labour will legislate where the Conservatives have failed, overhauling the regulation of the private rented sector.",NA,"403",NA
"We will immediately abolish Section 21 ‘no fault’ evictions,",NA,"403",NA
"prevent private renters being exploited and discriminated against, empower them to challenge unreasonable rent increases, and take steps to decisively raise standards, including extending ‘Awaab’s Law’ to the private sector.",NA,"403",NA
"High-quality early education and childcare is a crucial opportunity to transform life chances… Labour will open an additional 3,000 nurseries",NA,NA,NA
"Labour will also take decisive action to improve building safety, including through regulation, to ensure we never again see a repeat of the Grenfell fire.",NA,"403",NA
"We will review how to better protect leaseholders from costs and take steps to accelerate the pace of remediation across the country.",NA,"403",NA
"We will put a renewed focus on ensuring those responsible for the building safety crisis pay to put it right.",NA,"403",NA
"For far too many leaseholders, the reality of home ownership falls woefully short of the dream they were promised.",NA,"403",NA
"Labour will act where the Conservatives have failed and finally bring the feudal leasehold system to an end.",NA,"403",NA
"We will enact the package of Law Commission proposals on leasehold enfranchisement, right to manage and commonhold.",NA,"403",NA
"We will take further steps to ban new leasehold flats and ensure commonhold is the default tenure.",NA,"403",NA
"We will tackle unregulated and unaffordable ground rent charges.",NA,"403",NA
"We will act to bring the injustice of ‘fleecehold’ private housing estates and unfair maintenance costs to an end.",NA,"403",NA
"The last Labour government made huge strides in ending homelessness.",NA,"504",NA
"Under the Conservatives, that progress has been undone, with rough sleepers an all-too-common sight in our towns and cities, and a sharp rise in hidden homelessness.",NA,"504",NA
"Building on the lessons of our past, Labour will develop a new cross-government strategy, working with Mayors and Councils across the country, to put Britain back on track to ending homelessness.",NA,"504",NA
"Best start in life",NA,"H",NA
"High-quality early education and childcare is a crucial opportunity to transform life chances.",NA,"506",NA
"Too often it is unavailable, or unaffordable.",NA,"506",NA
"As an initial step, Labour will open an additional 3,000 nurseries through upgrading space in primary schools, to deliver the extension of government funded hours families are entitled to.",NA,"506",NA
"Supporting children in the early part of their life also means giving parents the flexibility they need to care for their children.",NA,"506",NA
"Labour will review the parental leave system, so it best supports working families, within our first year in government.",NA,"504",NA
"Every child should have a loving, secure home.",NA,"503",NA
"Labour will work with local government to support children in care, including through kinship, foster care, and adoption,",NA,"504",NA
"as well as strengthening regulation of the children’s social care sector.",NA,"403",NA
"Sadly, too often we see families falling through the cracks of public services.",NA,"503",NA
"Labour will improve data sharing across services, with a single unique identifier, to better support children and families.",NA,"503",NA
"Raising school standards",NA,"H",NA
"Labour is determined to raise school standards for every child, and ensure they are prepared for the future.",NA,"506",NA
"Most children attend schools where the Conservatives are failing to provide the support and teaching that they need.",NA,"506",NA
"Labour will end the VAT exemption and business rates relief for private schools to invest in our state schools.",NA,"403",NA
"Labour will fund free breakfast clubs in every primary school, accessible to all children.",NA,"506",NA
"Our breakfast clubs will support parents through the cost-ofliving crisis",NA,"503",NA
"The factor that makes the biggest difference to a child’s education is high-quality teaching; but there are shortages of qualified teachers across the country.",NA,"506",NA
"Labour will recruit an additional 6,500 new expert teachers.",NA,"506",NA
"We will get more teachers into shortage subjects,",NA,"506",NA
"support areas that face recruitment challenges,",NA,"506",NA
"and tackle retention issues.",NA,"506",NA
"The way bursaries are allocated, and the structure of retention payments, will be reviewed.",NA,"506",NA
"Teaching is a hard-earned and hard-learned skill, Labour will work to further raise its status.",NA,"506",NA
"We will update the Early Career Framework, maintaining its grounding in evidence, and ensure any new teacher entering the classroom has, or is working towards, Qualified Teacher Status.",NA,"506",NA
"We will introduce a new Teacher Training Entitlement to ensure teachers stay up to date on best practice with continuing professional development.",NA,"506",NA
"School support staff play a vital role in children’s education and development.",NA,"506",NA
"Labour will reinstate the School Support Staff Negotiating Body, which will help address the acute recruitment and retention crisis in support roles.",NA,"506",NA
"Raising school standards starts with early education.",NA,"506",NA
"The last Labour government’s promotion of phonics put rocket boosters under the reading and writing ability of a generation of children.",NA,"506",NA
"We will do the same for numeracy, improving the quality of maths teaching across nurseries and primary schools.",NA,"506",NA
"Developing early communication skills is another key foundation for life, with serious knock-on consequences when development is delayed.",NA,"506",NA
"Labour will fund evidence-based early-language interventions in primary schools, so that every child can find their voice.",NA,"506",NA
"Alongside high-quality teaching, driving up standards in education requires outstanding leadership.",NA,"506",NA
"Labour will create a new Excellence in Leadership Programme, a mentoring framework that expands the capacity of headteachers and leaders to improve their schools.",NA,"506",NA
"Labour will introduce new Regional Improvement Teams, to enhance school-to-school support, and spread best practice.",NA,"506",NA
"Accountability is non-negotiable, which is why Labour supports school inspection.",NA,"506",NA
"Under the Conservatives our inspection regime has been broken.",NA,"506",NA
"A system which declares nine in ten schools are good or outstanding fails to provide sufficient information on school performance.",NA,"506",NA
"We will enhance the inspection regime by replacing a single headline grade with a new report card system telling parents clearly how schools are performing.",NA,"506",NA
"We will also bring Multi-Academy Trusts into the inspection system and introduce a new annual review of safeguarding, attendance, and off-rolling.",NA,"506",NA
"Every child should have a broad curriculum with an excellent foundation in reading, writing and maths, and support to develop essential digital, speaking, and creative skills.",NA,"506",NA
"Yet today, too many are missing out.",NA,"506",NA
"Labour will launch an expert-led review of curriculum and assessment, working with school staff, parents and employers to change this.",NA,"506",NA
"Our reforms will build on the hard work of teachers who have brought their subjects alive with knowledge rich syllabuses, to deliver a curriculum which is rich and broad, inclusive, and innovative.",NA,"506",NA
"To capture this breadth, our review will consider the right balance of assessment methods whilst protecting the important role of examinations.",NA,"506",NA
"Too often our education and care systems do not meet the needs of all children, including those with Special Educational Needs and Disabilities (SEND).",NA,"506",NA
"Labour will take a community-wide approach, improving inclusivity and expertise in mainstream schools,",NA,"506",NA
"as well as ensuring special schools cater to those with the most complex needs.",NA,"506",NA
"We will make sure admissions decisions account for the needs of communities and require all schools to co-operate with their local authority on school admissions, SEND inclusion, and place planning.",NA,"506",NA
"Too many children’s life chances are being scarred by rising poverty.",NA,"503",NA
"Too many arrive at school not ready to learn, and too many are absent.",NA,"503",NA
"Poor mental health is another barrier to learning. The struggle to access support is paralysing children and young people through their formative years. Labour will provide access to specialist mental health professionals in every school",NA,NA,NA
"Breakfast clubs improve behaviour, attendance, and learning.",NA,"506",NA
"Labour will fund free breakfast clubs in every primary school, accessible to all children.",NA,"506",NA
"Our breakfast clubs will support parents through the cost-of-living crisis.",NA,"503",NA
"We will also bring down the cost of school by limiting the number of branded items of uniform and PE kit that schools can require.",NA,"503",NA
"Poor mental health is another barrier to learning.",NA,"504",NA
"The struggle to access support is paralysing children and young people through their formative years.",NA,"504",NA
"Labour will provide access to specialist mental health professionals in every school, so every young person has access to early support to address problems before they escalate.",NA,"504",NA
"This will complement our plan for Young Futures Hubs, which will make sure every community has an open-access hub for children and young people with drop-in mental health support.",NA,"504",NA
"Reforming further and higher education",NA,"H",NA
"After years of Conservative chaos and policy churn, the skills system in England is confusing for young people, adults, and employers.",NA,"411",NA
"Apprenticeship numbers have plummeted.",NA,"411",NA
"Skills shortages are widespread.",NA,"411",NA
"Young people have been left without the opportunities they need.",NA,"503",NA
"The result is an economy without the necessary skills, nor any plan for the skills needs of the future.",NA,"411",NA
"Labour will address this by bringing forward a comprehensive strategy for post-16 education.",NA,"506",NA
"And we will guarantee training, an apprenticeship, or help to find work for all 18- to 21-year-olds.",NA,"411",NA
"We will establish Skills England to bring together business, training providers and unions with national and local government to ensure we have the highly trained workforce needed to deliver Labour’s Industrial Strategy.",NA,"405",NA
"Skills England will formally work with the Migration Advisory Committee to make sure training in England accounts for the overall needs of the labour market.",NA,"411",NA
"And we are committed to devolving adult skills funding to Combined Authorities, empowering local leaders to have greater control of skills development in their areas, alongside a greater role in supporting people into work.",NA,"301",NA
"Skills England will co-ordinate between local areas to ensure everyone can access all the opportunities available.",NA,"503",NA
"Labour will transform Further Education colleges into specialist Technical Excellence Colleges.",NA,"411",NA
"These colleges will work with businesses, trade unions, and local government to provide young people with better job opportunities",NA,"701",NA
"and the highly trained workforce that local economies need.",NA,"411",NA
"Labour will also reform the Conservatives’ broken Apprenticeships Levy.",NA,"411",NA
"The current rigid rules ignore vital skills and training needed to access apprenticeships.",NA,"411",NA
"Labour will create a flexible Growth and Skills Levy, with Skills England consulting on eligible courses to ensure qualifications offer value for money.",NA,"411",NA
"Labour will continue to support the aspiration of every person who meets the requirements and wants to go to university.",NA,"506",NA
"We recognise that UK higher education creates opportunity, is a world-leading sector in our economy, and supports local communities.",NA,"506",NA
"To better integrate further and higher education, and ensure high-quality teaching, Labour’s post-16 skills strategy will set out the role for different providers,",NA,"506",NA
"and how students can move between institutions,",NA,"506",NA
"as well as strengthening regulation.",NA,"403",NA
"We will act to improve access to universities and raise teaching standards.",NA,"506",NA
"The current higher education funding settlement does not work for the taxpayer, universities, staff, or students.",NA,"506",NA
"Labour will act to create a secure future for higher education and the opportunities it creates across the UK.",NA,"506",NA
"We will work with universities to deliver for students and our economy.",NA,"506",NA
"Access to arts, music and sport",NA,"H",NA
"With Labour, the arts and music will no longer be the preserve of a privileged few.",NA,"502",NA
"Culture is an essential part of supporting children and young people to develop creativity and find their voice.",NA,"502",NA
"There is huge potential for growth in the creative industries that benefit every corner of the UK.",NA,"502",NA
"Labour will implement our creative industries sector plan as part of our Industrial Strategy,",NA,"502",NA
"creating good jobs",NA,"701",NA
"and accelerating growth in film, music, gaming, and other creative sectors.",NA,"502",NA
"We will work constructively with the BBC and our other public service broadcasters so they continue to inform, educate and entertain people,",NA,"502",NA
"and support the creative economy by commissioning distinctively British content.",NA,"403",NA
"Labour will support children to study a creative or vocational subject until they are 16, and ensure accountability measures reflect this.",NA,"502",NA
"We will get more children active by protecting time for physical education,",NA,"502",NA
"and supporting the role grassroots clubs play in expanding access to sport.",NA,"502",NA
"Labour will improve access to cultural assets by requiring publicly funded national museums and galleries to increase the loans they make from their collections to communities across the country.",NA,"502",NA
"We will also launch a new National Music Education Network – a one-stop shop with information on courses and classes for parents, teachers and children.",NA,"502",NA
"Access to music, drama and sport has become difficult and expensive because of ticket touting.",NA,"403",NA
"Labour will put fans back at the heart of events by introducing new consumer protections on ticket resales.",NA,"403",NA
"From the Men’s UEFA European Football Championship to the ICC Women’s T20 World Cup to the Invictus Games, Labour will deliver international events with pride and seek new opportunities where we can,",NA,"502",NA
"creating a legacy to inspire the next generation of talent",NA,"502",NA
"while promoting exercise and healthy living.",NA,"502",NA
"Labour is committed to making Britain the best place in the world to be a football fan.",NA,"502",NA
"We will reform football governance to protect football clubs across our communities and to give fans a greater say in the way they are run.",NA,"403",NA
"We will introduce a Football Governance Bill, which will establish an independent regulator to ensure financial sustainability of football clubs in England.",NA,"403",NA
"We will never allow a closed league of select clubs to be siphoned off from the English football pyramid.",NA,"403",NA
"Respect and opportunity for all",NA,"H",NA
"Everyone in this country deserves a government that matches their ambition.",NA,"503",NA
"Labour will ensure no matter whatever your background, you can thrive, and therefore we will enact the socio-economic duty in the Equality Act 2010.",NA,"503",NA
"Women’s equality will be at the heart of our missions.",NA,"503",NA
"Our plan to Make Work Pay will transform the lives of working women, including by strengthening rights to equal pay and protections from maternity and menopause discrimination and sexual harassment.",NA,"503",NA
"And Labour will take action to reduce the gender pay gap, building on the legacy of Barbara Castle’s Equal Pay Act.",NA,"503",NA
"Labour will introduce a landmark Race Equality Act, to enshrine in law the full right to equal pay for Black, Asian, and other ethnic minority people, strengthen protections against dual discrimination and root out other racial inequalities.",NA,"503",NA
"Labour will also reverse the Conservatives’ decision to downgrade the monitoring of antisemitic and Islamophobic hate.",NA,"503",NA
"Labour is committed to championing the rights of disabled people and to the principle of working with them, so that their views and voices will be at the heart of all we do.",NA,"503",NA
"We will introduce the full right to equal pay for disabled people.",NA,"503",NA
"Building on gender pay gap reporting, we will introduce disability and ethnicity pay gap reporting for large employers.",NA,"503",NA
"We will support disabled people to work by improving employment support and access to reasonable adjustments.",NA,"503",NA
"We will also tackle the Access to Work backlog and make sure people can try out a job without fear of an immediate benefit reassessment if it does not work out.",NA,"504",NA
"Delivering opportunities for all means that everyone should be treated with respect and dignity.",NA,"503",NA
"Labour will protect LGBT+ and disabled people by making all existing strands of hate crime an aggravated offence.",NA,"605.1",NA
"So-called conversion therapy is abuse – there is no other word for it – so Labour will finally deliver a full trans-inclusive ban on conversion practices,",NA,"605.1",NA
"while protecting the freedom for people to explore their sexual orientation and gender identity.",NA,"201.2",NA
"We will also modernise, simplify, and reform the intrusive and outdated gender recognition law to a new process.",NA,"503",NA
"We will remove indignities for trans people who deserve recognition and acceptance;",NA,"503",NA
"whilst retaining the need for a diagnosis of gender dysphoria from a specialist doctor, enabling access to the healthcare pathway.",NA,"504",NA
"With Labour, the arts and music will no longer be the preserve of a privileged few. Culture is an essential part of supporting children and young people to develop creativity and find their voice",NA,NA,NA
"Labour is proud of our Equality Act and the rights and protections it affords women; we will continue to support the implementation of its single-sex exceptions.",NA,"503",NA
"Labour will stop the chaos, end the failure and division of the last 14 years, and turn the page to ensure everyone can thrive.",NA,"503",NA
"BUILD AN NHS FIT FOR THE FUTURE",NA,"H",NA
"Cut NHS waiting times with 40,000 more appointments every week",NA,"504",NA
"Double the number of cancer scanners",NA,"504",NA
"A new Dentistry Rescue Plan",NA,"504",NA
"8,500 additional mental health staff",NA,"504",NA
"Return of the family doctor",NA,"504",NA
"MY STORY",NA,NA,NA
"Haruna, security manager, former Conservative voter",NA,NA,NA
"""I’ve always voted Conservative but I won’t be again.",NA,NA,NA
"They’ve let the country down badly.",NA,NA,NA
"My wife is a teacher at a local school and I’m a security manager in London.",NA,NA,NA
"We love living in Thurrock.",NA,NA,NA
"But over the last ten years things have gotten worse.",NA,NA,NA
"Booking the dentist for my daughter was a nightmare.",NA,NA,NA
"We had to wait over a year for an appointment.",NA,NA,NA
"We switched and voted Labour at the local elections.",NA,NA,NA
"Keir Starmer is a good man.",NA,NA,NA
"His plan to get more NHS appointments is so important.",NA,NA,NA
"He’ll deliver it.”",NA,NA,NA
"The 1945 Labour government founded our National Health Service on principles that have stood the test of time:",NA,"305.1",NA
"The best health services should be available, free for all.",NA,"504",NA
"Money should no longer be the passport to the best treatment.",NA,"504",NA
"People should get the best that modern science can offer.",NA,"504",NA
"For decades the NHS has served us well, with those values enduring.",NA,"504",NA
"These are the principles which will underpin the next Labour government’s plan to reform the NHS.",NA,"504",NA
"But as we look at the NHS now, it is clearly broken – and the Conservatives broke it.",NA,"305.1",NA
"Whilst the Covid-19 pandemic placed the NHS under unprecedented stress, the reality is waiting lists were at record highs even before it struck.",NA,"504",NA
"Rather than healthcare being ‘free for all’, we now find ourselves with a de facto two-tier system – with working people regularly forced to scrape together the means to go private.",NA,"504",NA
"Meanwhile, over the past 14 years, the ‘winter crisis’ cycle has become part of the national calendar.",NA,"504",NA
"Every year, a new crisis is declared.",NA,"504",NA
"Then, every year, the Conservatives reach for a sticking plaster patch-up to get through the winter, without ever addressing the root cause.",NA,"504",NA
"Labour’s mission is to build an NHS fit for the future. Investment alone won’t be enough to tackle the problems facing the NHS; it must go hand in hand with fundamental reform",NA,NA,NA
"This is a situation Labour is familiar with: we have saved the NHS before, and the next Labour Government will do so again.",NA,"504",NA
"With Labour, it will always be publicly owned and publicly funded.",NA,"504",NA
"But our ambition goes beyond returning the NHS to what it was.",NA,"504",NA
"Labour’s mission is to build an NHS fit for the future.",NA,"504",NA
"Investment alone won’t be enough to tackle the problems facing the NHS; it must go hand in hand with fundamental reform.",NA,"504",NA
"We must change the NHS so that it becomes not just a sickness service, but able to prevent ill heath in the first place.",NA,"504",NA
"It must also reflect the change in the nature of disease, with a greater focus on the management of chronic, long-term conditions.",NA,"504",NA
"And we will deliver a renewed drive to tackle the biggest killers;",NA,"504",NA
"cutting the lives lost to cancer, cardiovascular disease and suicide,",NA,"504",NA
"while ensuring people live well for longer.",NA,"504",NA
"Labour’s reforms will shift our NHS away from a model geared towards late diagnosis and treatment, to a model where more services are delivered in local communities.",NA,"504",NA
"We will harness the power of technologies like AI to transform the speed and accuracy of diagnostic services, saving potentially thousands of lives.",NA,"504",NA
"And we will embed a greater focus on prevention throughout the entire healthcare system and supporting services.",NA,"504",NA
"As we knew in 1945, much avoidable ill health can be prevented.",NA,"504",NA
"The factor that is markedly different from the past decades is our understanding of mental health.",NA,"504",NA
"Across society, mental health has stepped out of the shadows, yet it is difficult to argue the NHS has kept up.",NA,"504",NA
"Indeed, Britain is currently suffering from a mental health epidemic that is paralysing lives, particularly those of children and young people.",NA,"504",NA
"This is a tragedy – arguably nothing says more about the state of a nation than the wellbeing of its children.",NA,"504",NA
"So right at the core of our mission will be a bold new ambition to raise the healthiest generation of children in our history.",NA,"504",NA
"And, as a crucial part of that, we will reform the NHS to ensure we give mental health the same attention and focus as physical health.",NA,"504",NA
"Get the NHS back on its feet",NA,"H",NA
"We should all be able to trust that the NHS will be there for us when we need it, whether it is a GP appointment, an ambulance, or help at A&E.",NA,"504",NA
"Labour’s immediate priority on health will be to get a grip on the record waiting list.",NA,"504",NA
"We will return to meeting NHS performance standards.",NA,"504",NA
"That means patients should expect to wait no longer than 18 weeks from referral for consultant-led treatment of non-urgent health conditions.",NA,"504",NA
"This standard was achieved with the last Labour government and will be again under the next.",NA,"504",NA
"As a first step, in England we will deliver an extra two million NHS operations, scans, and appointments every year; that is 40,000 more appointments every week.",NA,"504",NA
"We will do this by incentivising staff to carry out additional appointments out of hours.",NA,"504",NA
"Labour will pool resources across neighbouring hospitals to introduce shared waiting lists to allow patients to be treated quicker.",NA,"504",NA
"Recognising the urgent need to bring down waiting lists, Labour will use spare capacity in the independent sector to ensure patients are diagnosed and treated more quickly.",NA,"504",NA
"DAME JULIE MOORE",NA,NA,NA
"Former CEO of Birmingham NHS Trust",NA,NA,NA
"""I’ve worked in the NHS for a long time and I remember how Labour, the party who created the NHS, transformed it to be the best-performing health system in the world.",NA,NA,NA
"It is heartbreaking to see its decline over the last 14 years.",NA,NA,NA
"It will be difficult but I believe that, under Keir Starmer, Labour’s plans, short and long term, will once again restore the NHS to deliver top-class health care for the people of this nation, reducing waiting lists and times and transforming it to be fit for the future.”",NA,NA,NA
"Getting the NHS back to working for patients means ending the workforce crisis across both health and social care.",NA,"504",NA
"When one in seven people in hospital do not need to be there, joint working is essential.",NA,"504",NA
"Labour will ensure the publication of regular, independent workforce planning, across health and social care.",NA,"504",NA
"We will deliver the NHS long-term workforce plan to train the staff we need to get patients seen on time.",NA,"504",NA
"We should all be able to trust that the NHS will be there for us when we need it, whether it is a GP appointment, an ambulance, or help at A&E.",NA,"504",NA
"Labour’s immediate priority on health will be to get a grip on the record waiting list",NA,"504",NA
"Too many patients have seen their treatment affected by strikes.",NA,"504",NA
"Labour will reset relations with NHS staff, moving away from the Conservatives’ failed approach.",NA,"305.1",NA
"Modernising the NHS",NA,"H",NA
"A system reliant on pagers and fax machines is not fit for this decade let alone the next.",NA,"504",NA
"Too many cancer deaths could have been prevented with earlier diagnosis.",NA,"504",NA
"The NHS has fewer diagnostic scanners per person than other countries, with many ageing machines operating for long after they should.",NA,"504",NA
"State of the art scanners with embedded AI are faster and more effective at finding smaller tumours, saving lives.",NA,"504",NA
"Therefore, Labour will introduce a new ‘Fit For the Future’ fund to double the number of CT and MRI scanners, allowing the NHS to catch cancer and other conditions earlier, saving lives.",NA,"504",NA
"It is also clear that NHS estates are in a state of disrepair after years of neglect.",NA,"504",NA
"Labour is therefore committed to delivering the New Hospitals Programme.",NA,"504",NA
"The revolution taking place in data and life sciences has the potential to transform our nation’s healthcare.",NA,"504",NA
"The Covid-19 pandemic showed how a strong mission-driven industrial strategy, involving government partnering with industry and academia, could turn the tide on a pandemic.",NA,"411",NA
"This is the approach we will take in government.",NA,"411",NA
"As part of Labour’s life sciences plan, we will develop an NHS innovation and adoption strategy in England.",NA,"504",NA
"This will include a plan for procurement, giving a clearer route to get products into the NHS,",NA,"504",NA
"coupled with reformed incentive structures to drive innovation and faster regulatory approval for new technology and medicines.",NA,"411",NA
"Drawing on the strength of our National Health Service, Labour will also maximise our potential to lead the world in clinical trials.",NA,"504",NA
"This means making the process more efficient and accessible, by speeding up recruitment",NA,"504",NA
"and giving more people a chance to participate through the NHS app.",NA,"504",NA
"This will mean putting Britain at the forefront of transforming treatment for dementia.",NA,"504",NA
"Power to patients",NA,"H",NA
"At the heart of every medical decision must be patients and their families.",NA,"504",NA
"Too many are not treated with the respect they deserve or given the information they need to adequately access services and navigate the system.",NA,"504",NA
"Labour will therefore transform the NHS app, putting patients in control of their own health to better manage their medicine, appointments, and health needs.",NA,"504",NA
"This will include giving performance information on local services, and notifications of vaccinations and health checks.",NA,"504",NA
"Patients will be able to see the medical guidelines for the treatment they should get, to hold health services to account and understand what their choices are.",NA,"504",NA
"Ensuring patient safety",NA,"H",NA
"Childbirth should not be something women fear or look back on with trauma.",NA,"504",NA
"Labour will ensure that trusts failing on maternity care are robustly supported into rapid improvement.",NA,"504",NA
"We will train thousands more midwives as part of the NHS Workforce Plan",NA,"504",NA
"and set an explicit target to close the Black and Asian maternal mortality gap.",NA,"503",NA
"Labour will digitise the Red Book record of children’s health, improving support for new families.",NA,"504",NA
"We will also enable vaccinations for babies and children as part of health visits.",NA,"504",NA
"So much of the treatment in the NHS is dependent on the effective administration of services.",NA,"504",NA
"Managers need support and accountability.",NA,"504",NA
"Labour will implement professional standards and regulate NHS managers, ensuring those who commit serious misconduct can never do so again.",NA,"303",NA
"And we will establish a Royal College of Clinical Leadership to champion the voice of clinicians.",NA,"504",NA
"We will work to implement the expert recommendations of the Cass Review to ensure that young people presenting to the NHS with gender dysphoria are receiving appropriate and high-quality care.",NA,"503",NA
"Healthcare closer to home",NA,"H",NA
"The National Health Service needs to move to a Neighbourhood Health Service, with more care delivered in local communities to spot problems earlier.",NA,"504",NA
"To achieve this, we must over time shift resources to primary care and community services.",NA,"504",NA
"GPs are the front door to the health service for most people.",NA,"504",NA
"Excellent primary care is the key to earlier diagnosis, but too often it is not possible to get an appointment, so Labour will reform the system.",NA,"504",NA
"We will train thousands more GPs,",NA,"504",NA
"guarantee a face-to-face appointment for all those who want one",NA,"504",NA
"and deliver a modern appointment booking system to end the 8am scramble.",NA,"504",NA
"We will bring back the family doctor by incentivising GPs to see the same patient, so ongoing or complex conditions are dealt with effectively.",NA,"504",NA
"Labour will also take the pressure off GP surgeries, by improving access to services and treatment through new routes.",NA,"504",NA
"We will create a Community Pharmacist Prescribing Service, granting more pharmacists independent prescribing rights where clinically appropriate.",NA,"504",NA
"We will allow other professionals, such as opticians, to make direct referrals to specialist services or tests,",NA,"504",NA
"as well as expanding selfreferral routes where appropriate.",NA,"504",NA
"The principle of integrating health and care services will improve the treatment patients receive.",NA,"504",NA
"We know that more of this care needs to happen outside hospitals.",NA,"504",NA
"Therefore, we will trial Neighbourhood Health Centres, by bringing together existing services such as family doctors, district nurses, care workers, physiotherapists, palliative care, and mental health specialists under one roof.",NA,"504",NA
"Dentistry Rescue Plan",NA,"H",NA
"Getting an NHS dentist is increasingly a lottery and the consequences are dire.",NA,"504",NA
"The most common reason children aged five to nine are admitted to hospital is to have rotting teeth removed.",NA,"504",NA
"Labour will tackle the immediate crisis with a rescue plan to provide 700,000 more urgent dental appointments and recruit new dentists to areas that need them most.",NA,"504",NA
"To rebuild dentistry for the long term, Labour will reform the dental contract, with a shift to focusing on prevention and the retention of NHS dentists.",NA,"504",NA
"We will also introduce a supervised tooth-brushing scheme for 3- to 5-year-olds, targeting the areas of highest need.",NA,"504",NA
"Social care reform",NA,"H",NA
"Labour is committed to ensuring everyone lives an independent, prosperous life.",NA,"503",NA
"Social care is vital to achieving this, but hundreds of thousands of people suffer without the care they need for a dignified life.",NA,"504",NA
"The sector needs deep reform: there are inconsistent standards, chronic staff shortages, and people are not always treated with the care, dignity and respect they deserve.",NA,"504",NA
"Labour will undertake a programme of reform to create a National Care Service, underpinned by national standards, delivering consistency of care across the country.",NA,"504",NA
"Services will be locally delivered, with a principle of ‘home first’ that supports people to live independently for as long as possible.",NA,"504",NA
"Our new standards will ensure high-quality care and ongoing sustainability, and ensure providers behave responsibly.",NA,"504",NA
"Labour will develop local partnership working between the NHS and social care on hospital discharge.",NA,"504",NA
"We will enhance partnership working across employers, workers, trade unions and government",NA,"405",NA
"and establish a Fair Pay Agreement in adult social care.",NA,"504",NA
"This sector collective agreement will set fair pay, terms and conditions, along with training standards.",NA,"504",NA
"Labour will consult widely on the design of this agreement, before beginning the process and learn from countries where they operate successfully.",NA,"504",NA
"Labour is committed to ensuring families have the support they need.",NA,"603",NA
"We will guarantee the rights of those in residential care to be able to see their families.",NA,"603",NA
"As part of the efforts to move healthcare into local communities and professionalise the workforce, we will task regulators with assessing the role social care workers can play in basic health treatment and monitoring.",NA,"504",NA
"Alongside these changes, we will build consensus for the longerterm reform needed to create a sustainable National Care Service.",NA,"504",NA
"We will explore how we best manage and support an ageing population;",NA,"504",NA
"how integration with the NHS can be secured;",NA,"504",NA
"how to best support working age disabled adults;",NA,"504",NA
"and how to move to a more preventative system.",NA,"504",NA
"Improving mental health",NA,"H",NA
"The NHS has struggled to keep up with greater awareness of the challenges of mental health.",NA,"504",NA
"Waiting lists for those referred for support are too high, and shamefully so for young people.",NA,"504",NA
"Labour will bring waiting times down and intervene earlier.",NA,"504",NA
"We will recruit an additional 8,500 new staff to treat children and adults through our first term.",NA,"504",NA
"As part of our mission to reduce the lives lost to suicide, these new staff will be specially trained to support people at risk.",NA,"504",NA
"Labour’s new Young Futures hubs will provide open access mental health services for children and young people in every community.",NA,"504",NA
"Labour will undertake a programme of reform to create a National Care Service, underpinned by national standards, delivering consistency of care across the country",NA,NA,NA
"Mental health legislation is also woefully out of date.",NA,"504",NA
"The treatment of people with autism and learning difficulties is a disgrace.",NA,"504",NA
"The operation of the Mental Health Act discriminates against Black people who are much more likely to be detained than others.",NA,"503",NA
"Labour will modernise legislation to give patients greater choice, autonomy, enhanced rights and support, and ensure everyone is treated with dignity and respect throughout treatment.",NA,"503",NA
"Action on public health",NA,"H",NA
"Prevention will always be better, and cheaper, than a cure.",NA,"504",NA
"So, we must take preventative public health measures to tackle the biggest killers and support people to live longer, healthier lives.",NA,"504",NA
"That starts with smoking.",NA,"403",NA
"Labour will ensure the next generation can never legally buy cigarettes",NA,"403",NA
"and ensure all hospitals integrate ‘optout’ smoking cessation interventions into routine care.",NA,"504",NA
"Labour will ban vapes from being branded and advertised to appeal to children to stop the next generation from becoming hooked on nicotine.",NA,"403",NA
"We face a childhood obesity crisis.",NA,"504",NA
"So, Labour is committed to banning advertising junk food to children",NA,"403",NA
"along with the sale of high-caffeine energy drinks to under-16s.",NA,"403",NA
"Children and young people face significant harm online, with inappropriate content too easily available at their fingertips on a smartphone.",NA,"403",NA
"We have seen an increase in extreme misogynistic content online driving a culture of violence against women.",NA,"605.1",NA
"Labour will build on the Online Safety Act, bringing forward provisions as quickly as possible,",NA,"605.1",NA
"and explore further measures to keep everyone safe online, particularly when using social media.",NA,"605.1",NA
"We will also give coroners more powers to access information held by technology companies after a child’s death.",NA,"403",NA
"Labour is committed to reducing gambling-related harm.",NA,"504",NA
"Recognising the evolution of the gambling landscape since 2005, Labour will reform gambling regulation, strengthening protections.",NA,"403",NA
"We will continue to work with the industry on how to ensure responsible gambling.",NA,"403",NA
"Reducing health inequalities",NA,"H",NA
"The UK has stark health inequalities.",NA,"504",NA
"It cannot be right that life expectancy varies so widely across and within communities.",NA,"504",NA
"As part of our health mission, Labour will tackle the social determinants of health, halving the gap in healthy life expectancy between the richest and poorest regions in England.",NA,"504",NA
"Never again will women’s health be neglected.",NA,"504",NA
"Labour will prioritise women’s health as we reform the NHS.",NA,"504",NA
"Right at the core of our mission will be a bold new ambition to raise the healthiest generation of children in our history",NA,NA,NA
"We are currently on the cusp of eradicating new cases of HIV.",NA,"504",NA
"Labour will commission a new HIV action plan in England, in pursuit of ending HIV cases by 2030.",NA,"504",NA
"Labour will stop the chaos in our health and care services, turn the page, and reform them in line with the principles of the NHS that Labour founded.",NA,"504",NA
"SERVING THE COUNTRY",NA,"H",NA
"A new Ethics and Integrity Commission",NA,"202.1",NA
"Modernise the House of Commons",NA,"202.1",NA
"Immediate reform of the House of Lords",NA,"204",NA
"A reset between Westminster and Holyrood, Cardiff Bay, and Stormont",NA,"202.1",NA
"Votes at 16",NA,"202.1",NA
"Over the last 14 years, trust in politics has been shattered.",NA,"202.1",NA
"Partying in Downing Street whilst the whole country sacrificed their freedom.",NA,"202.1",NA
"Handing lucrative Covid contracts to friends and donors.",NA,"304",NA
"Failing to expel MPs caught breaking the rules.",NA,"304",NA
"The behaviour of the Conservatives has understandably led to a widespread belief that many politicians are in it for themselves.",NA,"202.1",NA
"As a result, there is now a crisis of confidence in our political system’s ability to deliver any change.",NA,"202.1",NA
"This is not limited to Westminster – in Scotland, the Scottish National Party has also failed to uphold the standards expected in public life.",NA,"202.1",NA
"The scandals may be different, but the SNP has also sought to protect its own and failed to address the behaviour of its MPs and MSPs, from sexual harassment scandals to accusations of financial mismanagement and defending the inappropriate use of public expenses.",NA,"304",NA
"The people of Scotland also deserve better from their representatives.",NA,"202.1",NA
"It is not just sleaze and scandal that have eroded trust.",NA,"202.1",NA
"Just as corrosive has been the inability of politicians to keep promises made to the British people.",NA,"202.1",NA
"Over the last 14 years, the vast chasm between Conservative slogans and reality has shown a contempt for democracy.",NA,"202.1",NA
"From claiming “we’re all in it together” while decimating public services, to the empty promises to “level up”, gimmicks and gestures have shamefully replaced the hard graft of governing.",NA,"202.1",NA
"In contrast, Labour has been transformed from a party of protest to one that always puts the interests of the country first.",NA,"305.1",NA
"Now we are determined to do the same with our politics, returning government to the service of working people.",NA,"202.1",NA
"This will require a reset in our public life; a clean-up that ensures the highest standards of integrity and honesty.",NA,"202.1",NA
"We will make sure MPs focus on serving their constituents.",NA,"202.1",NA
"We will deepen our democracy by reforming Parliament and devolving power to communities.",NA,"301",NA
"And rather than stoking division – as do both the Conservatives and the SNP – we will ensure there is respect and collaboration across the different governments that make up the United Kingdom.",NA,"202.1",NA
"Setting the highest of standards in public life is not just about better behaviour or decisionmaking, though it will improve both.",NA,"202.1",NA
"It is also central to restoring trust between the public and politics.",NA,"202.1",NA
"After 14 years of chaos, division and disrespect, the British people are understandably cynical about appeals to come together in the national interest.",NA,"601.1",NA
"But the challenges we face demand nothing less – it is the lifeblood of national renewal.",NA,"601.1",NA
"This plan recognises that politics must make the first move in repairing that bond.",NA,"601.1",NA
"Labour will restore confidence in government and ensure ministers are held to the highest standards. We will establish a new independent Ethics and Integrity Commission, with its own independent Chair, to ensure probity in government",NA,NA,NA
"Restoring public service in Westminster",NA,"H",NA
"Labour will restore confidence in government and ensure ministers are held to the highest standards.",NA,"202.1",NA
"We will establish a new independent Ethics and Integrity Commission, with its own independent Chair, to ensure probity in government.",NA,"202.1",NA
"Labour will review and update postgovernment employment rules to end flagrant abuses seen under the Conservatives.",NA,"304",NA
"This includes enforcing restrictions on ministers lobbying for the companies they used to regulate,",NA,"304",NA
"with meaningful sanctions for breaching the rules.",NA,"202.1",NA
"We will give the Independent Adviser on Ministerial Interests the powers to start investigations into misconduct and ensure they have access to the evidence they need.",NA,"304",NA
"Most MPs work hard to serve their constituents but can be hamstrung by arcane procedures and outdated working practices.",NA,"202.1",NA
"Labour will establish a new Modernisation Committee tasked with reforming House of Commons procedures, driving up standards, and improving working practices.",NA,"303",NA
"The absence of rules on second jobs also means some constituents end up with MPs who spend more time on their second job, or lobbying for outside interests, than on representing them.",NA,"202.1",NA
"Therefore, as an initial step, Labour will support an immediate ban on MPs from taking up paid advisory or consultancy roles.",NA,"202.1",NA
"We will task the Modernisation Committee to take forward urgent work on the restrictions that need to be put in place to prevent MPs from taking up roles that stop them serving their constituents and the country.",NA,"202.1",NA
"Constitutional reform",NA,"H",NA
"Although Labour recognises the good work of many peers who scrutinise the government and improve the quality of legislation passed in Parliament, reform is long over-due and essential.",NA,"204",NA
"Too many peers do not play a proper role in our democracy.",NA,"202.1",NA
"Hereditary peers remain indefensible.",NA,"202.1",NA
"And because appointments are for life, the second chamber of Parliament has become too big.",NA,"202.1",NA
"The next Labour government will therefore bring about an immediate modernisation, by introducing legislation to remove the right of hereditary peers to sit and vote in the House of Lords.",NA,"204",NA
"Labour will also introduce a mandatory retirement age.",NA,"202.1",NA
"At the end of the Parliament in which a member reaches 80 years of age, they will be required to retire from the House of Lords.",NA,"202.1",NA
"Labour will ensure all peers meet the high standards the public expect of them,",NA,"202.1",NA
"and we will introduce a new participation requirement",NA,"202.1",NA
"as well as strengthening the circumstances in which disgraced members can be removed.",NA,"202.1",NA
"We will reform the appointments process to ensure the quality of new appointments",NA,"202.1",NA
"and will seek to improve the national and regional balance of the second chamber.",NA,"202.1",NA
"Whilst this action to modernise the House of Lords will be an improvement, Labour is committed to replacing the House of Lords with an alternative second chamber that is more representative of the regions and nations.",NA,"202.1",NA
"Labour will consult on proposals, seeking the input of the British public on how politics can best serve them.",NA,"202.1",NA
"Upholding democracy",NA,"H",NA
"Labour is committed to strengthening our democracy and upholding the integrity of elections.",NA,"202.1",NA
"Rather than encouraging full participation in our democracy, the Conservatives have brought in partisan changes that make it harder to vote,",NA,"202.1",NA
"whilst doing nothing to strengthen protections against foreign interference.",NA,"202.1",NA
"To encourage participation in our democracy, Labour will improve voter registration and",NA,"202.1",NA
"address the inconsistencies in voter ID rules that prevent legitimate voters from voting.",NA,"202.1",NA
"For example, in the case of HM Armed Forces Veteran Cards.",NA,"202.1",NA
"We will increase the engagement of young people in our vibrant democracy, by giving 16- and 17-year-olds the right to vote in all elections.",NA,"202.1",NA
"And we will protect democracy by strengthening the rules around donations to political parties.",NA,"202.1",NA
"Greater collaboration and respect across the country",NA,"H",NA
"As part of Labour’s plans to clean up politics and return it to the service of working people, we will reset the UK government’s relationship with devolved governments in Scotland, Wales, and Northern Ireland.",NA,"301",NA
"The Conservatives weakened our country by disrespecting the legitimate role of devolved governments and parliaments.",NA,"301",NA
"We will ensure members of devolved legislatures have the same free speech protections enjoyed by MPs at Westminster, so elected representatives can hold power to account.",NA,"301",NA
"Labour will ensure the structures and institutions of intergovernmental working improve relationships and collaboration on policy.",NA,"301",NA
"Labour will strengthen the Sewel Convention by setting out a new memorandum of understanding outlining how the nations will work together for the common good.",NA,"301",NA
"Labour will renew opportunities for the Prime Minister and Heads of Devolved Government to collaborate with each other.",NA,"301",NA
"As recommended in the Report of the Commission on the UK’s future, we will establish a new Council of the Nations and Regions.",NA,"301",NA
"This will bring together the Prime Minister, the First Ministers of Scotland and Wales, the First and deputy First Minister of Northern Ireland, and the Mayors of Combined Authorities.",NA,"301",NA
"The next Labour government will also ensure that UK-wide bodies are more representative of our nations and regions.",NA,"202.1",NA
"UK trade negotiators will work with devolved governments to promote our fantastic businesses and services internationally.",NA,"301",NA
"Labour will restore decision-making over the allocation of structural funds to the representatives of Scotland, Wales, and Northern Ireland.",NA,"301",NA
"The planned investments in public services outlined in this manifesto by a UK government will result in additional funding for Scotland, Wales, and Northern Ireland.",NA,"301",NA
"Scottish devolution and the Scotland Office",NA,"H",NA
"The people of Scotland deserve governments that are focused on delivering for them.",NA,"202.1",NA
"Labour does not support independence or another referendum,",NA,"302",NA
"but we know that after 14 years of the Conservatives, the people of Scotland need change.",NA,"301",NA
"Labour will take a different approach in Scotland: we will protect and respect devolution and reset relations between governments.",NA,"301",NA
"Labour will strengthen Scottish democracy and devolution, championing Scotland at home and abroad.",NA,"202.1",NA
"We will ensure the devolution settlement for Scotland enables collaboration on Labour’s national missions for government.",NA,"301",NA
"We will maintain the arrangements in the new Scottish fiscal framework.",NA,"301",NA
"A UK Labour government will have a more collaborative approach to the Scottish Government on their international engagement.",NA,"301",NA
"We recognise that within devolved competencies, the Scottish Government has an important role to play.",NA,"301",NA
"In respect to wholly devolved issues, Labour will support the Scottish Government to partner with international bodies where relevant and appropriate, for example to collaborate on global health initiatives.",NA,"301",NA
"The UK Government will retain full responsibility over foreign policy.",NA,"302",NA
"The Scotland Office will maximise Scotland’s influence, and with Labour it will once again become an advocate for Scotland, both at home and abroad.",NA,"301",NA
"The Scotland Office will ensure the voice of Scotland is properly heard on issues under the competence of the UK Government.",NA,"301",NA
"Scotland has an enviable international reputation.",NA,"601.1",NA
"Its culture, products and services are internationally renowned – from whisky and salmon to computer game development, bioscience and financial services.",NA,"601.1",NA
"Labour will champion ‘Brand Scotland’ across the world through the Scotland Office, and our diplomatic and trade networks.",NA,"601.1",NA
"Labour will ensure the structures and institutions of intergovernmental working improve relationships and collaboration on policy",NA,NA,NA
"Welsh devolution and the Wales Office",NA,"H",NA
"Wales has been failed by a chaotic and divisive Conservative Government that does not understand the ambitions of the Welsh people and refuses to work with the Welsh Government to achieve them.",NA,"301",NA
"Labour will serve Wales with a plan that matches those ambitions.",NA,"301",NA
"We will strengthen the relationship between the governments in Westminster and Cardiff Bay.",NA,"202.1",NA
"The two governments will work collaboratively to deliver Labour’s national missions.",NA,"301",NA
"Labour recognises that the Welsh Fiscal Framework is out of date.",NA,"301",NA
"We are committed to working in partnership with the Welsh Government to ensure the framework delivers value for money with two Labour governments committed to fiscal responsibility.",NA,"301",NA
"Labour recognises the value of integrated public services, which are more efficient and create better outcomes.",NA,"301",NA
"As part of the strategic review into probation, we will explore the devolution of services to enable them to be more locally responsive.",NA,"301",NA
"We will work with the Welsh Labour Government to consider devolution of youth justice.",NA,"301",NA
"In line with our commitment to devolve employment support in England, Labour will devolve employment support funding to the Welsh Government.",NA,"301",NA
"Welsh culture, products and services are renowned around the world – from the thriving tourism sector and highest-quality steel to Welsh Lamb and semi-conductors.",NA,"601.1",NA
"Labour will harness the UK’s diplomatic and trade networks, working with the Welsh Government to champion Wales across the world.",NA,"301",NA
"With Labour, the Wales Office will once again become an advocate for Wales at home and abroad",NA,"601.1",NA
"and facilitate closer collaboration between our governments.",NA,"202.1",NA
"The Wales Office will ensure on issues under the competence of the UK Government the voice of Wales is properly heard.",NA,"202.1",NA
"Northern Ireland",NA,"H",NA
"Northern Ireland needs stability and long-term certainty after the challenges of recent years.",NA,"202.1",NA
"Labour will work with the Executive and Assembly to improve public services",NA,"303",NA
"and generate economic growth,",NA,"410",NA
"and with all political parties and communities to ensure the stability of devolved government.",NA,"301",NA
"Labour is committed to implementing the Windsor Framework in good faith and protecting the UK internal market.",NA,"406",NA
"Northern Ireland’s economy has enormous strengths - with a highly skilled workforce, strong services, manufacturing and life sciences sectors, and great opportunities for inward investment.",NA,"410",NA
"A Labour government will champion Northern Ireland around the world and work with the Executive to encourage more businesses to invest in Northern Ireland’s future.",NA,"410",NA
"Labour is committed to taking forward discussions with the Executive about a fiscal framework for Northern Ireland.",NA,"301",NA
"The Good Friday Agreement, and the peace and prosperity it has brought to Northern Ireland, is one of the proudest achievements of the last Labour government.",NA,"106",NA
"As a guarantor of the Good Friday Agreement, a Labour government will uphold both the letter and the spirit of the Agreement,",NA,"106",NA
"along with the principle of consent on which it rests.",NA,"202.1",NA
"We will work with the Irish Government to strengthen the relationship between our two countries.",NA,"101",NA
"The Legacy Act denies justice to the families and victims of the Troubles.",NA,"202.1",NA
"Labour will repeal and replace it, by returning to the principles of the Stormont House Agreement, and seeking support from all communities in Northern Ireland.",NA,"202.1",NA
"Labour will end the chaos of sleaze and division, turn the page, and reset politics to put it back in the service of working people.",NA,"202.1",NA
"BRITAIN RECONNECTED",NA,"H",NA
"An unshakeable commitment to NATO and our nuclear deterrent",NA,"104",NA
"Standing up for our armed forces and veterans",NA,"104",NA
"New trade agreements",NA,"107",NA
"Britain leading a Clean Power Alliance",NA,"416.2",NA
"Modernise international Development",NA,"107",NA
"With Labour, Britain will once again be strong on the world stage, confident in the pursuit of our national interest, and progressive but realistic about the challenges we face.",NA,"601.1",NA
"We will reconnect with allies and forge new partnerships to deliver security and prosperity at home and abroad.",NA,"107",NA
"Over the last 14 years, the world has grown more volatile and insecure.",NA,"107",NA
"War has returned to Europe for the first time in a generation, there is devastating violence in the Middle East, rapid technological change and the climate crisis are fuelling geopolitical tensions, and malign actors are seeking to divide us.",NA,"105",NA
"This darkening global landscape demands a strong and connected Britain.",NA,"107",NA
"Instead, chaotic Conservative foreign policy has weakened our alliances,",NA,"107",NA
"squandered our climate leadership – a huge diplomatic opportunity –",NA,"107",NA
"and undermined our reputation as upholders of international law.",NA,"107",NA
"At home, Conservative attacks on our globally respected institutions – universities, courts and the BBC – have undermined our soft power, traditionally a source of great strength, and diminished our influence.",NA,"202.1",NA
"This failure on the international stage has cost the British people.",NA,"107",NA
"We are less secure, with families exposed to high energy bills and food prices as a result.",NA,"107",NA
"Labour will turn the page and reverse this, reinvigorating alliances and forging new partnerships.",NA,"107",NA
"Our commitment to NATO as the cornerstone of European and global security is unshakeable.",NA,"104",NA
"We will be confident in our status outside of the EU, but a leading nation in Europe once again,",NA,"108",NA
"with an improved and ambitious relationship with our European partners.",NA,"108",NA
"We will once again be a good partner for international development,",NA,"107",NA
"and a defender of the international rule of law.",NA,"107",NA
"And we will return to the forefront of climate action by creating the green jobs of the future at home and driving forward the energy transition on the global stage.",NA,"416.2",NA
"Britain will be a reliable partner, a dependable ally, and a good neighbour.",NA,"107",NA
"An optimistic country at the start of an era of renewal.",NA,"601.1",NA
"Rebuilding relationships",NA,"H",NA
"Britain is always stronger when we work with others.",NA,"107",NA
"The United States is an indispensable ally.",NA,"101",NA
"Our special relationship is crucial for security and prosperity, and transcends whatever political parties and individuals are in office.",NA,"101",NA
"We will continue to work with the United States on the basis of our shared values and common interests including on economic cooperation, defence and intelligence.",NA,"101",NA
"With Labour, Britain will stay outside of the EU.",NA,"110",NA
"But to seize the opportunities ahead, we must make Brexit work.",NA,"110",NA
"We will reset the relationship and seek to deepen ties with our European friends, neighbours and allies.",NA,"108",NA
"That does not mean reopening the divisions of the past.",NA,"110",NA
"There will be no return to the single market, the customs union, or freedom of movement.",NA,"110",NA
"Instead, Labour will work to improve the UK’s trade and investment relationship with the EU, by tearing down unnecessary barriers to trade.",NA,"401",NA
"We will seek to negotiate a veterinary agreement to prevent unnecessary border checks and help tackle the cost of food;",NA,"401",NA
"help our touring artists;",NA,"401",NA
"and secure a mutual recognition agreement for professional qualifications to help open up markets for UK service exporters.",NA,"401",NA
"Labour will seek an ambitious new UK-EU security pact to strengthen co-operation on the threats we face.",NA,"108",NA
"We will rebuild relationships with key European allies, including France and Germany, through increased defence and security co-operation.",NA,"108",NA
"We will seek new bilateral agreements and closer working with Joint Expeditionary Force partners.",NA,"108",NA
"This will strengthen NATO and keep Britain safe.",NA,"104",NA
"Multilateral institutions remain indispensable, but they are struggling under the strain of new global challenges.",NA,"104",NA
"Labour will work with allies to build, strengthen and reform these institutions.",NA,"104",NA
"We will use the UK’s unique position in NATO, the UN, G7, G20 and the Commonwealth to address the threats we face,",NA,"104",NA
"and to uphold human rights and international law.",NA,"201.2",NA
"Labour values international law because of the security it brings.",NA,"107",NA
"Britain will unequivocally remain a member of the European Convention on Human Rights.",NA,"108",NA
"Defending the UK’s security",NA,"H",NA
"Labour’s first duty in government will be to keep our country safe.",NA,"104",NA
"We will launch a Strategic Defence Review to assess the threats we face and the capabilities needed to address them.",NA,"104",NA
"At the heart of our security are the men and women who serve and risk their lives for this country.",NA,"104",NA
"We will strengthen support for our Armed Forces communities by putting the Armed Forces Covenant fully into law and establishing an independent Armed Forces Commissioner to improve service life.",NA,"104",NA
"Labour will ensure veterans have access to the mental health, employment, and housing support and in other areas they need.",NA,"504",NA
"We will also scrap visa fees for non-UK veterans who have served for four or more years, and their dependents.",NA,"503",NA
"Strengthening Britain’s security requires a long-term partnership with our domestic defence industry.",NA,"104",NA
"Labour will bring forward a defence industrial strategy aligning our security and economic priorities.",NA,"104",NA
"We will ensure a strong defence sector and resilient supply chains, including steel, across the whole of the UK.",NA,"104",NA
"We will establish long-term partnerships between business and government, promote innovation, and improve resilience.",NA,"104",NA
"We will prioritise UK businesses for defence investment",NA,"104",NA
"and will reform procurement to reduce waste.",NA,"501",NA
"Labour will support industry to benefit from export opportunities,",NA,"402",NA
"in line with a robust arms export regime committed to upholding international law.",NA,"104",NA
"At the heart of our security are the men and women who serve and risk their lives for this country. We will strengthen support for our Armed Forces Communities",NA,NA,NA
"Strengthening our defences also requires stronger leadership, clearer accountability, faster delivery, less waste, and better value for money.",NA,"104",NA
"Labour will establish a fully functioning military strategic headquarters and a national armaments director to create a strong defence centre capable of leading Britain in meeting the increasing threats we face.",NA,"104",NA
"With Labour, the UK’s military, financial, diplomatic and political support for Ukraine will remain steadfast",NA,NA,NA
"With Labour, the UK’s military, financial, diplomatic and political support for Ukraine will remain steadfast.",NA,"104",NA
"Labour will support efforts to hold Putin’s Russia to account for its illegal war, backing calls for a Special Tribunal for the Crime of Aggression.",NA,"104",NA
"We will work with our allies to enable the seizure and repurposing of frozen Russian state assets to support Ukraine.",NA,"107",NA
"And we will play a leading role in providing Ukraine with a clear path to NATO membership.",NA,"104",NA
"Labour will also work with our allies and international financial centres to tackle corruption and money laundering, including in Britain, Crown Dependencies, and in British Overseas Territories.",NA,"304",NA
"Labour is fully committed to AUKUS, the trilateral security partnership with Australia and the United States.",NA,"101",NA
"We will ensure it delivers its full economic as well as security potential, increasing jobs and investment in communities across the UK.",NA,"104",NA
"After 14 years of damaging Conservative inconsistency over China, Labour will bring a longterm and strategic approach to managing our relations.",NA,"107",NA
"We will co-operate where we can,",NA,"107",NA
"compete where we need to,",NA,"406",NA
"and challenge where we must.",NA,"202.1",NA
"We will improve the UK’s capability to understand and respond to the challenges and opportunities China poses through an audit of our bilateral relationship.",NA,"107",NA
"We will always act in our interests and defend our sovereignty and our democratic values.",NA,"202.1",NA
"We will stand with and support members of the Hong Kong community who have relocated to the UK.",NA,"202.1",NA
"Defending our security also means protecting the British Overseas Territories and Crown Dependencies, including the Falklands and Gibraltar.",NA,"202.1",NA
"Labour will always defend their sovereignty and right to self-determination.",NA,"202.1",NA
"Championing UK prosperity",NA,"H",NA
"Labour’s first mission in government will be to grow our economy.",NA,"410",NA
"This will be at the heart of everything we do, including our foreign policy.",NA,"410",NA
"We will use our diplomatic network to attract foreign direct investment into the UK,",NA,"401",NA
"expand markets for British exporters,",NA,"401",NA
"and shape emerging regulatory frameworks.",NA,"403",NA
"Britain is a proud trading nation and flourishing international business is a vital part of our plan for growth.",NA,"407",NA
"Openness to trade allows our firms to grow and delivers greater choice and value for consumers.",NA,"407",NA
"Rather than prioritising insubstantial agreements which do not bring meaningful benefits to the UK, Labour will seek targeted trade agreements aligned with our industrial strategy and economic strengths, to bring prosperity to communities across England, Scotland, Wales, and Northern Ireland.",NA,"407",NA
"We will publish a trade strategy and use every lever available to get UK business the access it needs to international markets.",NA,"407",NA
"This will promote the highest standards when it comes to food production.",NA,"403",NA
"As well as striking new free trade agreements, Labour will seek to negotiate standalone sector deals, such as digital, or mutual recognition agreements, to promote our services exports.",NA,"407",NA
"Labour will create a new Clean Power Alliance, bringing together a coalition of countries at the cutting edge of climate action",NA,NA,NA
"We will lead international discussions to modernise trade rules and agreements so they work for Britain, promoting deeper trade and co-operation including through the World Trade Organisation and the Comprehensive and Progressive Agreement for Trans-Pacific Partnership.",NA,"401",NA
"Labour supports implementation of the OECD global minimum rate of corporate taxation",NA,"403",NA
"and backs international efforts to make sure multinational tech companies pay their fair share of tax.",NA,"403",NA
"Labour will build and strengthen modern partnerships with allies and regional powers.",NA,"107",NA
"We will seek a new strategic partnership with India,",NA,"107",NA
"including a free trade agreement,",NA,"407",NA
"as well as deepening co-operation in areas like security, education, technology and climate change.",NA,"107",NA
"We will deepen our co-operation with partners across the Gulf on regional security, energy and trade and investment.",NA,"107",NA
"Recognising the growing political and economic importance of African countries, we will deliver a new approach to the continent to foster opportunities for mutual long-term benefit.",NA,"107",NA
"Climate leadership",NA,"H",NA
"We cannot address the urgency of the climate and nature crisis without co-ordinated global action.",NA,"501",NA
"A failure to act will cause environmental devastation, fuelling displacement, conflict and famine.",NA,"501",NA
"By being climate leaders at home, including meeting our agreed targets, Labour will restore the strong global leadership needed to tackle the climate crisis.",NA,"501",NA
"International allies and competitors have already recognised the opportunities and are racing ahead, investing in new technology and creating the jobs of the future.",NA,"416.2",NA
"Under the Conservatives, Britain has squandered our leadership, wasting the opportunity of our COP26 presidency to make historic progress.",NA,"305.1",NA
"Labour will move faster by working together with our international partners, especially those at the forefront of the climate crisis, including Pakistan and Bangladesh, and the COP30 hosts, Brazil.",NA,"501",NA
"Labour will create a new Clean Power Alliance, bringing together a coalition of countries at the cutting edge of climate action.",NA,"416.2",NA
"This will help to deliver lower energy bills",NA,"403",NA
"while accelerating the energy transition and protecting and enhancing clean energy supply chains.",NA,"416.2",NA
"Strengthening diplomacy",NA,"H",NA
"Labour will strengthen Britain’s influence abroad, defending our national interests, promoting progressive values, and protecting UK nationals.",NA,"107",NA
"Our diplomatic leadership is bolstered by the soft power of our world-leading cultural institutions.",NA,"107",NA
"Rather than running these institutions down, we will work across government to bring leading creative and cultural institutions together to increase the UK’s international clout.",NA,"107",NA
"And we will work with our proud diaspora communities to enhance our cultural links across the world.",NA,"107",NA
"Long-term peace and security in the Middle East will be an immediate focus.",NA,"106",NA
"Labour will continue to push for an immediate ceasefire,",NA,"105",NA
"the release of all hostages,",NA,"105",NA
"the upholding of international law,",NA,"201.2",NA
"and a rapid increase of aid into Gaza.",NA,"107",NA
"Palestinian statehood is the inalienable right of the Palestinian people.",NA,"106",NA
"It is not in the gift of any neighbour and is also essential to the long-term security of Israel.",NA,"106",NA
"We are committed to recognising a Palestinian state as a contribution to a renewed peace process which results in a two-state solution",NA,"106",NA
"with a safe and secure Israel alongside a viable and sovereign Palestinian state.",NA,"106",NA
"Labour will also strengthen support for British nationals abroad.",NA,"601.1",NA
"We will introduce a new right to consular assistance in cases of human rights violations.",NA,"201.2",NA
"Modernising international development",NA,"H",NA
"With previous Labour governments, Britain gained world-leading expertise in international development, with the aim of making the world a safer, more prosperous place.",NA,"107",NA
"Under the Conservatives, this capacity has been degraded, and as a result Britain has lost influence.",NA,"107",NA
"Labour will turn the page to rebuild Britain’s reputation on international development with a new approach based on genuine respect and partnership with the global South to support our common interests.",NA,"107",NA
"To counter the growing influence of malign actors and boost efforts to combat threats like climate change, the UK’s development work must be closely aligned with our foreign policy aims, co-ordinated to tackle global poverty, instability, and the climate and nature crisis.",NA,"107",NA
"Our mission statement will be ‘to create a world free from poverty on a liveable planet’ as a signal of our commitment to greater multilateral action, and our intention to lead on this agenda.",NA,"107",NA
"Regaining Britain’s global leadership on development is a key part of our plan to reconnect with our allies and partners.",NA,"107",NA
"Labour will strengthen international development work within the Foreign, Commonwealth & Development Office.",NA,"107",NA
"We will renew expertise and focus, especially in priority areas such as supporting economic transformation,",NA,"410",NA
"tackling unsustainable debt,",NA,"414",NA
"empowering women and girls,",NA,"503",NA
"supporting conflict prevention,",NA,"106",NA
"and unlocking climate finance.",NA,"501",NA
"Labour is committed to restoring development spending at the level of 0.7 per cent of gross national income as soon as fiscal circumstances allow.",NA,"107",NA
"We will deliver value for money for the British taxpayer by working closely with the Independent Commission for Aid Impact to apply the highest standards to our aid spend – bringing in robust measures of development effectiveness, transparency, and scrutiny.",NA,"107",NA
"Labour will end the chaotic approach to foreign affairs, turn the page and reconnect with our allies, to once again stand strong on the world stage.",NA,"107",NA
"LABOUR’S FISCAL PLAN",NA,"H",NA
"Our fiscal rules are non-negotiable and will apply to every decision taken by a Labour government.",NA,"414",NA
"This means that the current budget must move into balance, so that day-to-day costs are met by revenues",NA,"414",NA
"and debt must be falling as a share of the economy by the fifth year of the forecast.",NA,"414",NA
"Costs for Labour’s additional public services spending are set out below.",NA,"414",NA
"We have used the last year of the most recent Office for Budget Responsibility forecast (2028-29) which represents the highest annual cost of the policies.",NA,"414",NA
"However, we will begin to put these policies in place from day one of a Labour government, moving as quickly as possible in a way that also ensures value for money for the taxpayer.",NA,"414",NA
"We have not allocated all additional revenue to potential spending.",NA,"414",NA
"This is a prudent approach in line with our commitment to economic stability.",NA,"414",NA
"Policies not listed here will be funded from existing budgets or do not have a cost.",NA,"414",NA
"Public Services ¹",NA,"H",NA
"1 May not sum due to rounding.",NA,NA,NA
"2 Revenue from tax avoidance driven by additional £855m per year investment in HMRC. Does not include £600m revenue from removing non-dom discount loophole in 2025-26.",NA,NA,NA
"3 Costs are England and Wales.",NA,NA,NA
"4 Costs are UK wide.",NA,NA,NA
"5 Scotland (£320m), Wales (£195m), Northern Ireland (£135m).",NA,NA,NA
"Green Prosperity Plan ⁶",NA,"H",NA
"The Green Prosperity Plan will be funded in part by a time-limited windfall tax on the oil and gas giants making record profits, with the rest of the funding coming from responsible borrowing to invest within Labour’s fiscal rules – catalytic investment that will leverage higher private investment and boost economic growth.",NA,"416.2",NA
"For transparency, we have given an annual average across the parliament given the exact profile of projects will be driven by partnership with business.",NA,"402",NA
"6 May not sum due to rounding.",NA,NA,NA
"7 Elements of the British Jobs Bonus (up to £500m per year from 2026-27) and Warm Homes Plan",NA,NA,NA
"Changes within departmental spending plans ⁸",NA,"H",NA
"We have identified waste and other efficiencies which will be used to fund further public service priorities.",NA,"414",NA
"For transparency, we have used an annual figure that reflects the highest annual costs of these policies given the differing profiles of each spending priority.",NA,"414",NA
"8 May not sum due to rounding.",NA,NA,NA
"CHANGE",NA,"H",NA
"At this election we can change Britain.",NA,"305.1",NA
"We can stop the chaos, turn the page, and start to rebuild our country.",NA,"305.1",NA
"A country restored to the service of working people; united in the common determination to build and share wealth.",NA,"503",NA
"And with a renewed confidence that the future will be better for our children.",NA,"503",NA
"This manifesto contains our plan to begin that work.",NA,"305.1",NA
"To succeed we will need every individual and community to play their part.",NA,"606.1",NA
"We must come together, after 14 years of chaos and division.",NA,"606.1",NA
"That is what Britain needs – and we hope you will join us in this national endeavour.",NA,"606.1",NA
"Labour’s first steps for change",NA,"H",NA
"Deliver economic stability",NA,NA,NA
"Cut NHS waiting time",NA,NA,NA
"Launch a new Border Security Command",NA,NA,NA
"with hundreds of new specialist investigators and use",NA,NA,NA
"counter-terror powers to smash the criminal boat gangs.",NA,NA,NA
"Set up Great British Energy",NA,NA,NA
"Crack down on antisocial behavior",NA,NA,NA
"Recruit 6,500 new teachers",NA,NA,NA
