"text","text_en","cmp_code","eu_code"
"Manifesto for a Fairer, Greener Country",NA,NA,NA
"REAL HOPE. REAL CHANGE.",NA,NA,NA
"REAL HOPE. REAL CHANGE.",NA,NA,NA
"The Green Party’s Manifesto for a Fairer, Greener Country",NA,NA,NA
"This general election is taking place during an ongoing cost of living crisis, in an increasingly volatile world.",NA,NA,NA
"No wonder so many of us feel anxious and are losing hope in the future.",NA,NA,NA
"We live in one of the richest countries on the planet, and yet nurses are using food banks, our children’s schools are crumbling, a roof over our heads is all too often unaffordable, and a hospital appointment or a dentist is like gold dust.",NA,NA,NA
"Our promise to you is that all this can change.",NA,NA,NA
"We can create a greener, fairer country together – one in which we are all safer, happier and more fulfilled.",NA,NA,NA
"It will take MPs prepared to make brave, principled choices on your behalf.",NA,NA,NA
"And it will take the kinds of policies set out in this manifesto, and for which elected Green MPs will fight hard every single day for you.",NA,NA,NA
"The election is also taking place against the background of a climate emergency.",NA,NA,NA
"Since the last election, there have been an increasing number of days and months in which global temperature increases have breached 1.5oC, an increase that would make human life on earth unliveable.",NA,NA,NA
"Despite commitments from the United Nations, national and local governments, corporations and individuals, greenhouse gas emissions are still rising.",NA,NA,NA
"And our understanding of what this means is increasing too: we know that the social and economic impacts of climate breakdown are already being felt and will continue to be far worse than previously imagined.",NA,NA,NA
"As a political party, we believe in offering hope.",NA,NA,NA
"And we believe in following the science and speaking the truth, too.",NA,NA,NA
"This manifesto sets out what we think is achievable given the failure of successive governments to prepare with anything like the urgency and ambition that climate scientists have been telling us is needed for decades.",NA,NA,NA
"The current UK commitment to net zero by 2050 fails to reflect that we can – and must – do so much more.",NA,NA,NA
"That we can and must make the right political choices in order to transition at speed to a decarbonised economy.",NA,NA,NA
"One that’s no longer in hock to the fossil fuel giants, but instead runs on clean, green and cheap renewables.",NA,NA,NA
"An economy in which it’s cheaper to heat our homes, to get out and about and to run a business.",NA,NA,NA
"And this manifesto sets out too how fairness can and must run through every part of the change that’s coming – from training the new workforce that will be needed to transform our economy, to investing in our vital public services, to lifting all of us up through a compassionate welfare system.",NA,NA,NA
"The solutions to the climate crisis are the same as those needed to end the cost of living and inequality crises, making the future not just more liveable but fairer for us all too.",NA,NA,NA
"Throughout this manifesto, you’ll find examples of how climate action means better public services, warmer homes, stronger communities and a restored natural world.",NA,NA,NA
"Voting Green on 4th July is your way of showing you believe in our shared future.",NA,NA,NA
"We believe the ambitious plans we are outlining here are not just possible but essential.",NA,NA,NA
"A Green vote is the only vote that counts if you want a secure and happy future on a safe planet.",NA,NA,NA
"A Green vote means choosing real change and real hope.",NA,NA,NA
"Carla Denyer & Adrian Ramsay",NA,NA,NA
"Green Party Co-leaders",NA,NA,NA
"Contents",NA,NA,NA
"Building a Fairer, Healthier Country 2",NA,NA,NA
"Caring with Fairness, Compassion and Dignity 5",NA,NA,NA
"Providing Fairer, Greener Homes for All 7",NA,NA,NA
"Powering Up Fairer, Greener Energy 10",NA,NA,NA
"Creating a Fairer, Greener Economy 13",NA,NA,NA
"Making Work Fair 17",NA,NA,NA
"Giving Everyone a Fairer, Greener Deal 19",NA,NA,NA
"A Fairer and Greener Approach to Public Finances 20",NA,NA,NA
"Bringing Nature Back to Life 23",NA,NA,NA
"Protecting Animals 25",NA,NA,NA
"A Greener and Fairer Food and Farming System 27",NA,NA,NA
"Creating a Fairer, Greener Education System 29",NA,NA,NA
"Investing in Fairer, Greener Transport 31",NA,NA,NA
"A Fairer, Greener Democracy 33",NA,NA,NA
"Sharing a Fairer, Greener Welcome 35",NA,NA,NA
"Access to Art, Sport and Culture for All 37",NA,NA,NA
"Bringing Justice to Crime and Policing 39",NA,NA,NA
"Building a Fairer, Greener, Safer World 42",NA,NA,NA
"Statistical Appendix 45",NA,NA,NA
"Notes 46",NA,NA,NA
"Vote Hope.",NA,NA,NA
"Vote Change.",NA,NA,NA
"Vote Green.",NA,NA,NA
"48",NA,NA,NA
"Building a Fairer, Healthier Country",NA,"H",NA
"The NHS is facing the most serious crisis in its 80-year history.",NA,"504",NA
"Our most precious national institution is at serious risk, with patients dying in ambulances, record waiting lists for surgery, and cancer survival rates amongst the worst in higherincome countries.",NA,"504",NA
"It doesn’t have to be like this.",NA,"504",NA
"Greens would do things differently.",NA,"305.1",NA
"We would choose to treat and pay nurses, doctors and NHS staff fairly, so we don’t lose them overseas.",NA,"504",NA
"We would increase taxes on the super-rich to fund our national health service properly.",NA,"504",NA
"And we would fix the broken care system that’s a major cause of problems for the NHS.",NA,"504",NA
"The NHS crisis is not an accident: it is the result of deliberate Conservative under-funding that’s seen the NHS undermined and at risk of collapse,",NA,"504",NA
"paving the way for further privatisation.",NA,"413",NA
"The Green Party has always proudly defended the NHS against creeping privatisation and we always will.",NA,"504",NA
"We are committed to a fully public health service and to keeping the profit motive well away from our NHS.",NA,"504",NA
"The Green Party is clear that NHS budgets should recognise the increasing demands of an ageing population and improving treatment options.",NA,"504",NA
"Elected Greens will push for: A steady reduction in waiting lists.",NA,"504",NA
"We would guarantee rapid access to a GP and same day access in case of urgent need.",NA,"504",NA
"Guaranteed access to an NHS dentist for everybody.",NA,"504",NA
"Boosting the pay of NHS staff.",NA,"504",NA
"Restoring local council budgets for public health.",NA,"301",NA
"We estimate that to meet these commitments, the NHS in England would require additional annual expenditure of £8bn in the first full year of the next parliament, rising to a total of £28bn in 2030.",NA,"504",NA
"We also estimate that additional capital spending of at least £20bn is needed in total over the next five years.",NA,"504",NA
"A Green Plan to reduce hospital waiting lists",NA,"H",NA
"The long-term under funding of the NHS has left 6.3 million of us on hospital waiting lists..",NA,"504",NA
"We would bring down hospital waiting lists by giving Hospital Trusts clear, long-term, funding commitments, so that they can better plan to deliver better care for us all.",NA,"504",NA
"NHS staff have taken unprecedented strike action to raise the alarm about the crisis in our health service.",NA,"504",NA
"We will prioritise supporting NHS workers, including by providing an immediate one-off budget increase to cover fair wage settlements.",NA,"504",NA
"We would invest £20bn in NHS budgets over the life of the parliament for hospital building and repair.",NA,"504",NA
"Elected Greens will choose to restore the NHS to health and will ensure that everybody has access to the healthcare they need, when they need it.",NA,"504",NA
"Protect our NHS from privatisation – keep our NHS public",NA,"H",NA
"Green MPs will back the NHS Reinstatement Bill to abolish wasteful competition within the NHS, reestablish public bodies and public accountability, and restrict the role of commercial companies.",NA,"413",NA
"This blueprint is designed to reverse the damage caused by previous governments that have pursued an agenda that the market could make the NHS better.",NA,"413",NA
"By contrast, Greens will always stand against the marketisation and privatisation of our precious health service and will choose instead to protect our NHS and keep it in public hands.",NA,"413",NA
"A Green Plan for increased investment in primary care and public health",NA,"H",NA
"We think it’s vital to invest in primary care: General Practitioners (GPs) are key to both prevention and early diagnosis.",NA,"504",NA
"The contact GPs have with patients can make a real difference – helping maximise public investment and ensure we all stay healthier for longer, through timely access to diagnosis and to the best and latest treatment.",NA,"504",NA
"Choosing to invest in primary care and public health will improve everyone’s quality of life,",NA,"504",NA
"while also reducing the demand on the rest of the NHS.",NA,"504",NA
"Elected Greens will push for: Increasing the allocation of funding to primary medical care, with additional annual spending reaching £1.5bn by 2030, targeted at areas of greatest need.",NA,"504",NA
"Reducing the administrative burden on GPs, giving them more time face to face with patients.",NA,"504",NA
"Steps could include allowing hospital doctors to make onward referrals without needing to go back to a patient’s GP.",NA,"504",NA
"A £2bn capital investment in primary care over the next five years.",NA,"504",NA
"We would also seek to expand diagnostic capacity in communities.",NA,"504",NA
"This would help to ensure people are diagnosed early and have more chance of a positive outcome.",NA,"504",NA
"Elected Greens will push for: Public health to be a cross-government priority.",NA,"504",NA
"Restoring public health budgets to 2015/16 levels with an immediate increase of £1.5bn.",NA,"504",NA
"Smoking cessation, drug and alcohol treatment and sexual health services all need to be properly funded.",NA,"504",NA
"A cross-governmental approach to health.",NA,"504",NA
"There are a range of interventions across this Manifesto that support healthier lives, from improved food labelling, free school meals, active travel and local government investment in sport.",NA,"504",NA
"A National Commission to agree an evidenced based approach to reform of the UK’s counterproductive drug laws.",NA,"504",NA
"This will allow the UK to move towards a legally regulated market that stops criminal supply and profiteering, and that reduces harm including by preventing children accessing drugs.",NA,"605.2",NA
"NHS Dentistry",NA,"H",NA
"Successive governments have failed to properly fund NHS dentistry, expecting dentists to treat patients at a loss.",NA,"504",NA
"This choice is one of the reasons for the scandals of patients pulling out their own teeth",NA,"504",NA
"and of so many children being unable to access a dentist that tooth decay is now the top reason for child hospital admissions.",NA,"504",NA
"Elected Greens will push for a new contract for NHS dentists that ensures everybody who needs an NHS dentist has access to one.",NA,"504",NA
"Additional investment in NHS dentistry, reaching £3bn a year by 2030, would transform the availability of appointments and end the scandal of dental treatment deserts.",NA,"504",NA
"Elected Greens will campaign for funding to allow community hubs and primary care to provide a roll-out of free dental nursing for children and those on low incomes.",NA,"504",NA
"This model would deliver preventative work and make referrals into NHS care pathways following oral health checks.",NA,"504",NA
"Investing in and supporting our health workers",NA,"H",NA
"We will tackle the crisis in staff retention through pushing for an immediate and additional increase to the budgets for NHS staff costs,",NA,"504",NA
"to ensure salaries are fair and reflect the essential skills and dedication of the NHS workforce.",NA,"504",NA
"Elected Greens will support the junior doctors’ call for pay restoration.",NA,"504",NA
"It’s foolish and irresponsible to continue to invest hundreds of thousands of pounds in training and then pay them so poorly.",NA,"504",NA
"We need to value junior doctors, so they stay in the NHS and make it stronger.",NA,"504",NA
"We cannot allow NHS salaries to decline further:",NA,"504",NA
"NHS professionals are vital to a healthy and happy society, and we should value them with pay and conditions to reflect this.",NA,"504",NA
"National Cancer Plan",NA,"H",NA
"We will commit to a National Cancer Control Plan to include:",NA,"504",NA
"Reducing cases through investment in public health measures, such as interventions on food, alcohol and tobacco.",NA,"504",NA
"Meet the existing NHS target of 75% of cases diagnosed at stage 1 or stage 2 by 2028 though investment in primary care and enhanced screening.",NA,"504",NA
"Using the unique information the NHS has, as a public health system that cares for us from cradle to the grave, to deliver treatment through publicly funded research.",NA,"504",NA
"Mental health",NA,"H",NA
"Elected Greens will ensure that the rights of those struggling with their mental health are respected and that a legal framework supports all people to live fulfilling lives.",NA,"504",NA
"Elected Greens will focus on enabling major improvements to mental health care to put it on a truly equal footing with physical health care.",NA,"504",NA
"This will include ensuring that everyone who needs it can access evidence-based mental health therapies within 28 days.",NA,"504",NA
"We will ensure that tailored and specific provision is readily available for the particular needs of communities of colour, children and adolescents, older people and Lesbian, Gay Bisexual, Trans, Intersex, Queer and Asexual (LGBTIQA+) communities.",NA,"504",NA
"We will also push for more accessible and prompt mental health needs assessments for children and adolescents.",NA,"504",NA
"The investment in primary care set out above will create easier access to these services in all communities.",NA,"504",NA
"We will ensure that neurodivergent children and those with special needs are adequately supported, including in the school system, to live rich and fulfilling lives.",NA,"504",NA
"We will provide a trained and paid counsellor in every primary and secondary school, and every sixth-form college.",NA,"504",NA
"This work will be supported through bursaries to train counsellors from underrepresented backgrounds to ensure we have sufficient culturally aware counsellors for our diverse population.",NA,"503",NA
"Assisted dying",NA,"H",NA
"Elected Greens will back changing the law on assisted dying.",NA,"201.2",NA
"We support a humane and dignified approach to terminal illness, allowing people to choose to end their lives to avoid prolonging unnecessary suffering, if this is their clear and settled will.",NA,"201.2",NA
"Proper safeguards would need to be put in place.",NA,"201.2",NA
"End new cases of HIV by 2030",NA,"H",NA
"Elected Greens will work towards no more HIV transmissions by 2030, advocating for a joined-up approach using proven actions, including access to the HIV prevention pill online, in pharmacies and from GP services.",NA,"504",NA
"We will renew successful optout HIV testing programmes in A&Es in all areas with a high prevalence of HIV.",NA,"504",NA
"Caring with Fairness, Compassion and Dignity",NA,"H",NA
"There is a crisis in social care, with over 400,000 people awaiting care, reviews, payments or assessments.",NA,"504",NA
"There are 150,000 staff vacancies in the care sector.",NA,"504",NA
"In England there are estimated to be 4.7 million unpaid carers.",NA,"504",NA
"The failure by successive governments to address this crisis has created problems for our health service more widely.",NA,"504",NA
"Greens believe that health and care services go hand in hand.",NA,"504",NA
"We would choose to invest in both, as part of our commitment to a country where everybody can look forward to compassion and dignity at any stage in their lives when they need extra support.",NA,"504",NA
"To address the social care crisis elected Greens will push for: Free personal care to ensure dignity in old age and for disabled people.",NA,"504",NA
"Increased pay rates and a career structure for carers to rebuild the care workforce.",NA,"504",NA
"Investment of £20bn per year.",NA,"504",NA
"Free personal care",NA,"H",NA
"The Green Party believes free social care is fundamental to a functioning welfare state.",NA,"504",NA
"Elected Greens will push for the introduction of free personal care along the lines successfully brought in by the Scottish Government.",NA,"504",NA
"For those still living at home, access to free personal care will enable earlier intervention and access to help to maintain independence and wellbeing.",NA,"504",NA
"For those living in residential settings, the personal care elements will be fully funded,",NA,"504",NA
"alongside a tapered approach to other costs based on the level of their income.",NA,"503",NA
"For those struggling to afford the accommodation element of residential care, local authorities need to be properly funded to provide the right level of financial support.",NA,"504",NA
"Better care for all",NA,"H",NA
"Elected Greens will bring together local authorities, trade unions and private providers to establish a career structure for carers, ensuring there is a pathway to progression that includes training and qualifications.",NA,"504",NA
"This would have national pay, terms and conditions for all care workers",NA,"504",NA
"and a proper workforce plan.",NA,"504",NA
"Elected Greens will also change the working visa system to end the exploitation of overseas workers in the care sector.",NA,"504",NA
"This would make it illegal for agents to charge commission and would ensure that carers are free to change employer in the UK.",NA,"504",NA
"Elected Greens will campaign for ‘Gloria’s Law’, giving everybody the right to at least one essential Care Supporter (a person important to them such as a relative or friend) when they are using health or care services.",NA,"504",NA
"Disabled people",NA,"H",NA
"Consecutive Conservative governments have undermined the limited progress made by disabled people to live dignified lives as valued members of society.",NA,"503",NA
"Benefits have been cut, and access to education, work and parliamentary access schemes designed to improve the inclusion of disabled people have been decimated.",NA,"503",NA
"We need to ensure that everybody can lead full, meaningful lives, can work if they choose, and access the help and support they need.",NA,"503",NA
"Disabled people have as much of a right to control their day-to-day lives and their long-term futures as non-disabled people.",NA,"503",NA
"Elected Greens will: Restore the value of disability benefits with an immediate uplift of 5%.",NA,"504",NA
"End the unfair targeting of carers and disabled people on benefits.",NA,"504",NA
"Oppose plans to replace Personal Independence Payments (PIP) cash payments with ‘vouchers’,",NA,"504",NA
"and in the long term reform intrusive eligibility tests like PIP.",NA,"504",NA
"Make it mandatory for councils to provide free transport for 16–18-year-old pupils with Special Educational Needs and Disability.",NA,"504",NA
"Ensure disabled workers have the in-job support they need,",NA,"503",NA
"as well as proper pay and conditions.",NA,"503",NA
"Champion the right to inclusive welfare support, and housing under the principles of universal design.",NA,"504",NA
"Children’s social care",NA,"H",NA
"The scandal of inadequate and under-funded care for looked-after children cannot be allowed to continue.",NA,"504",NA
"Elected Greens will push for an additional £3bn to be provided to local authorities to enable them to provide high-quality children’s social care.",NA,"504",NA
"Elected Greens will also push for children in foster care or who have been adopted to have consistent access to a trained counsellor until it is no longer required.",NA,"504",NA
"We would fund councils to extend staying put arrangements, so fostered young people can choose to stay with foster parents until they are 21.",NA,"504",NA
"Providing Fairer, Greener Homes for All",NA,"H",NA
"There are over a million households on council waiting lists.",NA,"504",NA
"In England you could expect to spend around 8.3 times annual average earnings to buy a home.",NA,"503",NA
"Over 130,000 children are growing up in temporary accommodation.",NA,"503",NA
"This national housing crisis is the result of 40 years of governments choosing to treat houses simply as assets rather than as homes,",NA,"403",NA
"and of neglecting to build new social housing.",NA,"504",NA
"Building thousands of unaffordable homes isn’t the answer though – the priority should be providing everybody with a safe, warm affordable home.",NA,"403",NA
"This means genuinely affordable homes, built to the right standards and in the right place, as part of flourishing communities.",NA,"606.1",NA
"It means that we need to make sure all homes are fit for a climate-changed world.",NA,"403",NA
"And it means protecting the rights of the millions of people who rent their homes.",NA,"403",NA
"Provide 150,000 new social homes a year",NA,"504",NA
"and end the so-called ‘right to buy’, so that these homes can belong to communities for ever.",NA,"403",NA
"Empower local authorities to introduce rent controls.",NA,"403",NA
"End no-fault evictions.",NA,"403",NA
"Introduce a Fairer, Greener Homes Guarantee_to ensure warm, safe homes that are well insulated.",NA,"501",NA
"Transform the planning system so new developments come with access to public services",NA,"403",NA
"and green spaces are protected.",NA,"501",NA
"Right Homes, Right Place, Right Price Charter",NA,"H",NA
"Our Right Homes, Right Place, Right Price Charter will simultaneously protect valuable green space for communities, reduce climate emissions,",NA,"501",NA
"tackle fuel poverty",NA,"503",NA
"and provide genuinely affordable housing.",NA,"403",NA
"Councils and national governments should be working together to deliver the homes people need, where they need them and at rents and prices they can afford.",NA,"403",NA
"Yet speculators and developers are currently allowed to chase the biggest profits and ignore local communities.",NA,"403",NA
"Greens will support local councils to provide good quality, affordable social housing in places where people live and work.",NA,"504",NA
"And we will ensure largescale developments are always supported by new infrastructure such as GP surgeries,",NA,"504",NA
"bus services, cycling and walking networks,",NA,"411",NA
"and extra places at nurseries and schools.",NA,"506",NA
"All new developments should be accompanied by the extra investment needed to enhance local services too, and so that residents don’t have to rely on cars to live a full life.",NA,"501",NA
"We will transform the planning system to reduce the environmental impact of new construction",NA,"416.2",NA
"and to require local authorities to spread small developments across their areas, where appropriate, rather than building huge new estates.",NA,"403",NA
"Greens are also committed to protecting the Green Belt and ensuring everybody has easy access to a green space.",NA,"501",NA
"Elected Greens will campaign to change building regulations so all new homes meet Passivhaus or equivalent standards",NA,"403",NA
"and to require house builders heating systems such as heat pumps for all new homes.",NA,"416.2",NA
"We will upgrade the Minimum Energy Efficiency Standard to EPC C.",NA,"416.2",NA
"Our Fairer, Greener Homes Guarantee",NA,"H",NA
"Most people’s energy bills are unnecessarily high because the UK has the worst insulated homes in Europe.",NA,"416.2",NA
"By investing in energy efficiency to reduce the loss of heat, we can help everyone live in a warmer home and lower their bills: the cheapest bill is the one you don’t have to pay.",NA,"416.2",NA
"Elected Greens will invest: £29bn over the next five years to insulate homes to EPC B standard or above, as part of a ten-year programme.",NA,"416.2",NA
"£12bn of this will be to retrofit the social housing stock",NA,"416.2",NA
"and £17bn as grants to retrofit privately owned homes to a similar standard.",NA,"416.2",NA
"£4bn over the next five years to insulate other public buildings to a high standard.",NA,"416.2",NA
"This is primarily for schools and hospitals, as part of a ten-year programme.",NA,"416.2",NA
"£1bn will be made available as grants to retrofit private sector buildings to a similarly high standard.",NA,"416.2",NA
"£9bn over the next five years for heating systems (e.g. heat pumps) for homes and other buildings.",NA,"416.2",NA
"£7bn over the next five years to adapt homes to avoid over-heating in the hotter summers.",NA,"416.2",NA
"The Green Party will introduce a local-authorityled, street-by-street or area-based retrofit programme to insulate our homes,",NA,"416.2",NA
"to provide nonfossil- fuel heat",NA,"416.2",NA
"and start to adapt our buildings to the more extreme weather.",NA,"416.2",NA
"To achieve this, we will put in place the finance and foster the community buy-in needed for this national effort.",NA,"606.1",NA
"Financing our Fairer, Greener Homes Guarantee will come from common sense changes in each housing sector:",NA,"416.2",NA
"Social housing:",NA,"H",NA
"We want to see an end to competitive bidding for the social housing decarbonisation fund, so funding is there for all local authorities.",NA,"504",NA
"Owner occupiers: We will push for homeowners (freeholders and leaseholders) to more easily access property-linked finance to pay for the work needed on their property.",NA,"403",NA
"Private rental sector: We will push for tenants to have the right to insist that their landlords access property-linked finance on their behalf.",NA,"403",NA
"Landlords will not need to provide any up-front finance, but they would have to repay the debt and will benefit from the improved value of the property.",NA,"403",NA
"Rent controls would prevent them passing repayments straight on to tenants.",NA,"403",NA
"Social housing",NA,"H",NA
"Our priority would be to increase Council and Housing Association provision of homes offered at low ‘social rents’ to 150,000 new homes a year, as soon as possible.",NA,"504",NA
"We will end the ‘right to buy’ so that homes continue to belong to the communities who funded them and available to those who need a warm, secure home.",NA,"504",NA
"Elected Greens will push for these new homes to be delivered through various measures, including new build and refurbishment.",NA,"504",NA
"There are estimated to be around a million empty homes across all tenures in the United Kingdom.",NA,"504",NA
"We would empower local authorities to bring empty homes back into use.",NA,"504",NA
"The failure to maintain social housing properly is a national scandal.",NA,"504",NA
"Green MPs will push Ministers to ensure all social housing stock is brought up to and kept at a decent standard, with fair funding for Councils and Housing Associations to get this done.",NA,"403",NA
"Local authorities should be expected and funded to assess social housing needs, the availability and suitability of existing housing stock , and the sites suitable for new social housing.",NA,"301",NA
"We would ensure that the needs of the elderly, families with children, people living with a disability or requiring support through sheltered housing are adequately catered for.",NA,"504",NA
"A fair deal for renters",NA,"H",NA
"Rent controls: Elected Greens will give the power to local authorities to control rents if the local rental market is overheated.",NA,"403",NA
"Allowances would be made for maintenance.",NA,"403",NA
"A new stable rental tenancy and the ending of no-fault evictions: Elected Greens will push to end Section 21 no-fault evictions and introduce longterm leases.",NA,"403",NA
"Private tenants need to be secure in their homes.",NA,"403",NA
"Renters will also be given a new right to demand energy efficiency improvements.",NA,"416.2",NA
"Private Residential Tenancy Boards: Elected Greens will introduce Private Residential Tenancy Boards.",NA,"403",NA
"These would provide an informal, cheap and speedy forum for resolving disputes before they reach a tribunal.",NA,"403",NA
"Local authorities will be funded to meet a new statutory duty of tenancy relations.",NA,"301",NA
"Buy the supply",NA,"H",NA
"Some local authorities have already been buying existing homes to increase their stock of social housing.",NA,"504",NA
"This is currently being done on the open market with no enhanced leverage to reflect the wider social and economic benefits that can come from an increase in the supply of social housing.",NA,"504",NA
"Elected Greens will introduce legislation to give local authorities, registered social landlords and community housing groups the first option to buy certain properties at reasonable rates, for example private rental property that hasn’t been insulated to EPC rating C or that fails to meet the decent homes standard, or any property that is left empty for more than six months.",NA,"504",NA
"Planning",NA,"H",NA
"Greens want communities to have the funding and the powers to make the planning decisions that are right for them.",NA,"606.1",NA
"Local authorities need to be given the resources to act as guardians of the land and the built environment.",NA,"301",NA
"They need to be able exercise a place-making and place-shaping role.",NA,"301",NA
"To enhance the role of local authorities, elected Greens will push for local decisions about planning to be informed by a land use planning policy framework that seeks to balance various needs, such as to meet the challenge of the climate emergency, protect nature, grow enough food, and provide homes and energy.",NA,"301",NA
"Each area’s local plan will set viability levels for development and there will be no subsequent negotiation with developers.",NA,"416.2",NA
"And Greens will take back the power of building control from developers and invest in publicly accountable building inspectors and building control officers.",NA,"403",NA
"We cannot allow the continued provision of dangerous and substandard homes.",NA,"403",NA
"Minimising the climate impact of new homes and buildings",NA,"H",NA
"Elected Greens will push for these steps to lower the carbon emissions from the built environment:",NA,"416.2",NA
"Demolition will require a full planning application or inclusion in a local development order.",NA,"403",NA
"All new-built homes will be required to maximise the use of solar panels and heat pumps, or equivalent low carbon technologies.",NA,"416.2",NA
"All planning applications will be required to include whole-life carbon and energy calculations, covering construction, maintenance and operational use.",NA,"416.2",NA
"All materials from demolished buildings will need to be considered for reuse.",NA,"416.2",NA
"Rates for disposal of builders’ waste will be increased to ensure that the economic driver for reuse is firmly in place.",NA,"403",NA
"Building design needs to be future-proofed.",NA,"416.2",NA
"The government is still allowing homes to be built with obsolescent gas boilers and insufficient insulation.",NA,"416.2",NA
"New builds and home renovations will meet the standards needed to mitigate climate change.",NA,"416.2",NA
"New developments need to ensure that residents are not car dependent.",NA,"411",NA
"Powering up Fairer, Greener Energy",NA,"H",NA
"It’s a scandal that, in one of the richest countries in the world, millions of people cannot afford to heat their homes or cook a meal.",NA,"503",NA
"This is because of political mismanagement and a failure to invest in reliable renewable energy",NA,"416.2",NA
"or to upgrade the UK’s homes so that they’re comfortable and warm.",NA,"416.2",NA
"Elected Greens know we can ensure secure energy and affordable bills by moving over to a range of renewable energy technologies, from wind to solar.",NA,"416.2",NA
"We will also make it easier for communities to have ownership of their energy supply.",NA,"606.1",NA
"Making our homes more energy efficient and changing how we travel is crucial to reducing the cost of energy for everyone.",NA,"416.2",NA
"In addition, Green MPs will push for: Wind to provide around 70% of the UK’s electricity by 2030.",NA,"416.2",NA
"No new oil and gas licences",NA,"416.2",NA
"and the ending of all subsidies to the oil and gas industries.",NA,"416.2",NA
"Communities to own their energy sources, ensuring they can use any profit from selling excess energy to reduce their bills or benefit their communities.",NA,"606.1",NA
"Phasing out fossil fuels",NA,"H",NA
"It is dangerous and reckless to extract more fossil fuels in an accelerating climate emergency.",NA,"416.2",NA
"Green MPs will push the next government to stop all new fossil fuel extraction projects in the United Kingdom",NA,"416.2",NA
"and to cancel recently issued fossil fuel licences, such as for Rosebank.",NA,"416.2",NA
"We will also end all subsidies to the oil and gas industries.",NA,"416.2",NA
"We will introduce a carbon tax on all fossil fuels, whether produced here or imported.",NA,"416.2",NA
"The tax would be proportional to the greenhouse gas emissions produced when fuel is burnt.",NA,"416.2",NA
"We would raise the carbon tax rate progressively over a decade, reflecting the cost to the planet of coal, oil and gas and driving their rapid replacement with cheaper, renewable sources of energy.",NA,"416.2",NA
"Accelerating clean energy investment and delivery",NA,"H",NA
"The UK’s current climate targets do not reflect the urgency of the climate crisis or what is required by global justice.",NA,"501",NA
"We would push the government to transition to a zero-carbon society as soon as possible, and more than a decade ahead of 2050.",NA,"416.2",NA
"By diverting investment away from renewables, nuclear power is a distraction and a waste of time and money.",NA,"416.2",NA
"Instead with investment in interconnectors and grid level storage, it’s possible to decarbonise the energy system before 2030.",NA,"416.2",NA
"Acting with more ambition will deliver: a zerocarbon electricity supply;",NA,"416.2",NA
"security of supply over short and long periods of low generation;",NA,"416.2",NA
"sufficient electricity for all cars and vans to be electric,",NA,"416.2",NA
"for all homes and buildings to stop using fossil fuels,",NA,"416.2",NA
"and for most industry to transition to clean energy.",NA,"416.2",NA
"Greens will also prioritise investing in innovation to eliminate residual uses of fossil fuels in the economy, such as for HGVs and mobile machinery.",NA,"416.2",NA
"Community Energy",NA,"H",NA
"We are committed to the energy sector being under local democratic control as far as is possible.",NA,"202.1",NA
"There is no reason why communities cannot be investors in everything from local area heat networks to offshore wind.",NA,"301",NA
"Government will have failed if the infrastructure for sustainable energy generation is primarily in private hands.",NA,"413",NA
"We will push for: A minimum threshold of community ownership in all sustainable energy infrastructure.",NA,"301",NA
"The removal of regulatory barriers to community energy.",NA,"301",NA
"Investment in community energy by regional investment banks.",NA,"301",NA
"A just transition to a zero-carbon economy",NA,"H",NA
"Moving towards a green economy is inevitable if we want a liveable future.",NA,"416.2",NA
"The big questions are: how smoothly we get there, how fast, who pays and who benefits?",NA,"416.2",NA
"Greens are clear that the transition must benefit communities and not leave anyone stranded without jobs, as carbonintensive industries shut down and we end fossil fuel extraction.",NA,"416.2",NA
"We need to learn the lessons of the 1980s when coal mining and other heavy industries were shut down.",NA,"416.2",NA
"There needs to be a just transition, led by workers and unions, that sees communities reap the rewards of the shift to green energy.",NA,"701",NA
"As part of this, we will push the next government to establish an Offshore Energy and Skills Passport so that workers can transition more easily between offshore energy industries.",NA,"411",NA
"Elected Greens will push for: Investment in skills and training (including retrofitting) reaching £4bn per year, allowing workers to be prepared for the transition and the new roles they can take on.",NA,"411",NA
"A minimum threshold of community ownership in all onshore sustainable energy infrastructure in the locality.",NA,"301",NA
"A regional strategy building on industrial strengths across the country to maximise the contribution to the transition from existing jobs and businesses.",NA,"301",NA
"Sourcing renewable energy",NA,"H",NA
"We are in the middle of an exciting revolution in the way we produce and use energy.",NA,"416.2",NA
"Green MPs will aim to introduce new support and incentives to directly accelerate wind energy development, consulting with the sector on the best mechanisms, including increasing the maximum contracts for difference strike price so that it more accurately reflects supply chain costs and leads to the contracting of new capacity, and equipping ports and supply chains to better support floating offshore wind.",NA,"416.2",NA
"This will pave the way for wind to provide around 70% of the UK’s electricity by 2030.",NA,"416.2",NA
"Our targets are to achieve 80GW of offshore wind, 53 GW of onshore wind, and 100 GW of solar by 2035.",NA,"416.2",NA
"We would introduce new support for solar and other renewable energies, including marine, hydro-power and geothermal, to provide much of the remainder of the UK’s energy supply by 2030",NA,"416.2",NA
"and support the solar roof top revolution by mandating the use of solar panels on all new homes, where possible and appropriate.",NA,"416.2",NA
"This will help generate the conditions for a regulatory sandbox, with the industry working alongside house builders to trial new innovations,",NA,"403",NA
"and we will further incentivise the growth of solar and other renewables with mechanisms that could include installation grants and green mortgages, as well as reducing VAT.",NA,"416.2",NA
"Crucially, our approach will give the sector the confidence to invest and innovate that comes from long-term predictability.",NA,"402",NA
"We will end the de-facto ban on onshore wind.",NA,"501",NA
"This, along with transforming the planning system, would support a massive increase in wind power and other renewable generation,",NA,"501",NA
"whilst balancing our energy needs with our priorities, protecting biodiversity and our food supply.",NA,"501",NA
"We will advocate for community renewables and champion the Local Electricity Bill to make it new fossil fuel extraction projects in the United Kingdom and to cancel recently issued fossil fuel licences, such as for Rosebank.",NA,"501",NA
"We will also end all subsidies to the oil and gas industries.",NA,"501",NA
"We will introduce a carbon tax on all fossil fuels, whether produced here or imported.",NA,"501",NA
"The tax would be proportional to the greenhouse gas emissions produced when fuel is burnt.",NA,"501",NA
"We would raise the carbon tax rate progressively over a decade, reflecting the cost to the planet of coal, oil and gas",NA,"403",NA
"and driving their rapid replacement with cheaper, renewable sources of energy. easier and cheaper for local renewable projects to become suppliers to their local communities.",NA,"501",NA
"The Crown Estate will be brought into public ownership and should open more coastal waters for offshore wind and marine energy.",NA,"413",NA
"Control over its assets within the jurisdiction of Wales should be devolved to the Welsh Government, as it is in Scotland.",NA,"301",NA
"We will ensure that communities see the long-term profits from these vital energy assets.",NA,"503",NA
"Elected Greens will seek to properly regulate biofuels to end greenwashing and ensure they provide genuine net carbon savings.",NA,"403",NA
"Only biofuels sustainably sourced within the UK will be permitted.",NA,"406",NA
"We would end the practice of importing wood for burning at the Drax power station and end subsidies for biomass.",NA,"403",NA
"Distributing, sharing and storing energy",NA,"H",NA
"To reduce our reliance on gas, we need to move renewable energy to where it is needed,",NA,"416.2",NA
"and to invest in the capacity to store energy for when the wind is still, or it is cloudy.",NA,"416.2",NA
"Elected Greens will seek to significantly expand and improve the efficiency of the electricity grid, increasing its capacity so that it can distribute the increased electricity the UK will need as it transitions away from fossil fuels",NA,"416.2",NA
"We support the extensive use of offshore power distribution networks to reduce the amount of onshore connection infrastructure needed along our coastlines, an approach being applied by our European neighbours.",NA,"416.2",NA
"We would connect our electricity supply more closely to that of our neighbours in Europe to provide a broader-based supply we can call on when needed and to allow us to export electricity when we have a surplus.",NA,"416.2",NA
"We would rapidly expand the capacity for energy storage, so that there is security of electricity supply for short-term peaks in demand and periods of low supply from variable renewables.",NA,"416.2",NA
"We would support and rapidly increase the use of green hydrogen for necessary industrial use and energy storage technologies,",NA,"416.2",NA
"seeking investment opportunities through academic-industry partnership.",NA,"416.2",NA
"We think there is value in a vaccine style task force approach to clean power and Greens will ensure priority is given to ongoing research into the best technologies and processes to address energy distribution, sharing and storing considering cost, timescale, governance and function.",NA,"416.2",NA
"Nuclear power",NA,"H",NA
"We would cease development of new nuclear power stations, as nuclear energy is much more expensive and slower to develop than renewables.",NA,"416.2",NA
"We are clear that nuclear is a distraction from developing renewable energy and the risk to nuclear power stations from extreme climate events is rising fast.",NA,"416.2",NA
"Nuclear power stations carry an unacceptable risk for the communities living close to facilities and create unmanageable quantities of radioactive waste.",NA,"501",NA
"They are also inextricably linked with the production of nuclear weapons.",NA,"105",NA
"Green MPs will campaign to phase out existing nuclear power stations.",NA,"416.2",NA
"Accelerating clean energy investment and delivery",NA,"H",NA
"The UK’s current climate targets do not reflect the urgency of the climate crisis",NA,"501",NA
"or what is required by global justice.",NA,"107",NA
"We would push the government to transition to a zero-carbon society as soon as possible, and more than a decade ahead of 2050.",NA,"501",NA
"By diverting investment away from renewables, nuclear power is a distraction and a waste of time and money.",NA,"416.2",NA
"Instead with investment in interconnectors and grid level storage, it’s possible to decarbonise the energy system before 2030.",NA,"416.2",NA
"Acting with more ambition will deliver: a zerocarbon electricity supply;",NA,"416.2",NA
"security of supply over short and long periods of low generation;",NA,"416.2",NA
"sufficient electricity for all cars and vans to be electric,",NA,"416.2",NA
"for all homes and buildings to stop using fossil fuels,",NA,"416.2",NA
"and for most industry to transition to clean energy.",NA,"416.2",NA
"Greens will also prioritise investing in innovation to eliminate residual uses of fossil fuels in the economy, such as for HGVs and mobile machinery.",NA,"416.2",NA
"Creating A Fairer, Greener Economy",NA,"H",NA
"Our country is one of the richest in the world, yet millions of people are struggling to put food on the table and pay their bills.",NA,"503",NA
"The government has failed to invest in rapidly transitioning to a zero-carbon society,",NA,"416.2",NA
"to create decent, secure jobs",NA,"701",NA
"or to make our economy resilient to future climate shocks.",NA,"416.2",NA
"It has put lifeline services for our communities at risk by more than a decade of savage funding cuts.",NA,"504",NA
"It has let a small number of people hoard obscene wealth whilst our nurses are using food banks.",NA,"503",NA
"And shareholders have got ever richer while our privatised public services are run into the ground,",NA,"503",NA
"sewage is dumped into our rivers and seas,",NA,"501",NA
"and our trains don’t run on time.",NA,"403",NA
"We know that we can do better than this.",NA,"305.1",NA
"With the right political choices, the UK can have a fairer and greener economy.",NA,"416.2",NA
"An economy that delivers security, well-being and a better quality of life for everyone,",NA,"416.2",NA
"as well protecting our environment and enabling us to tackle the climate crisis with the ambition and speed it demands.",NA,"501",NA
"Elected Greens would push for significant investment in a green economic transformation, alongside the private sector.",NA,"416.2",NA
"This programme to include: An average of £40bn per year over the course of the next parliament, including £7bn annually on climate adaptation.",NA,"416.2",NA
"A carbon tax to make polluters pay and provide money to invest in the green transition.",NA,"416.2",NA
"Bringing privatised utilities back into public hands.",NA,"413",NA
"Taxing multi-millionaires and billionaires to fund our public services.",NA,"503",NA
"A Green Economic Transformation",NA,"H",NA
"Our economy is on the brink of some really exciting changes.",NA,"416.2",NA
"The green economy means cleaner, cheaper energy",NA,"416.2",NA
"and millions of rewarding and well-paid jobs.",NA,"701",NA
"But we can’t get there while we are also feeding money to the very sectors that are causing the climate and ecological emergencies, whether this is fossil fuels or new roads.",NA,"416.2",NA
"And we won’t get there without a largescale, long-term programme of investment.",NA,"416.2",NA
"The Green Party is committed to investing in a green economic transformation.",NA,"416.2",NA
"We estimate that this green investment will require an average investment of £40bn per year over the course of the parliament to be spent as follows:",NA,"416.2",NA
"Electricity generation, transmission and storage £50bn Retrofitting buildings, installing non-fossil fuel heating systems, and adapting homes for a climate changed world £50bn Investing in a modern, electrified railway £30bn Public transport infrastructure £7bn Active travel £6bn Reducing the climate impact of road transport £4bn Reducing emissions from industry £11bn Water and sewage infrastructure £12bn Nationalisation of water companies and Big 5 retail energy companies £30bn",NA,NA,NA
"Resource use",NA,"H",NA
"Elected Greens will push forward the recommendations from the Climate Change Committee to reduce emissions of polluting fluorinated gases in all manufactured goods.",NA,"403",NA
"We will also increase the scope of bans on the production of single-use plastics for use in packaging and disposable products such as baby wipes, as in many cases alternatives already exist.",NA,"403",NA
"Green MPs will increase investment into research and development by over £30bn across five years.",NA,"411",NA
"Bringing privatised utilities back into public ownership",NA,"H",NA
"Privatisation has failed.",NA,"413",NA
"Dividends are paid to shareholders while infrastructure is run into the ground.",NA,"413",NA
"We need huge investment in our utilities and the government can borrow to invest much more cheaply –",NA,"413",NA
"rather than these costs falling to bill-payers.",NA,"503",NA
"We commit to immediately bringing the railways, the water companies and the Big 5 retail energy companies back into public ownership.",NA,"413",NA
"Public investment would buy equity in these public utilities, ensuring they are run to serve us all, rather than to increase the wealth of shareholders.",NA,"413",NA
"Financial services",NA,"H",NA
"Financial services have a crucial part to play in achieving a rapid transition to a zerocarbon economy",NA,"416.2",NA
"and ensuring that nature is protected.",NA,"501",NA
"Green MPs would work to make this industry a force for good – directing finance towards the businesses that are critical to creating a better future for all.",NA,"416.2",NA
"Any company holding a UK banking licence will be required to present an investment strategy outlining a clear pathway to divestment of its current fossil fuel assets as soon as possible, and at least by 2030.",NA,"416.2",NA
"The Bank of England’s mandate will be changed so that funding the sustainability transition becomes a central objective,",NA,"416.2",NA
"alongside the maintenance of price stability.",NA,"414",NA
"The Bank would also be required to mainstream the climate crisis into its strategic thinking and to produce a carbon-neutrality roadmap for the financial system, including forward planning scenarios consistent with a 1.5oC warming limit and the equity obligations of the Glasgow Accord.",NA,"416.2",NA
"The Bank of England should adopt a policy of credit guidance that will direct lending towards a just and urgent sustainability transition.",NA,"416.2",NA
"There will be credit bans/ceilings for unsustainable activities.",NA,"416.2",NA
"These targets will be mandatory for all banks relying on the central bank as a lender of last resort.",NA,"416.2",NA
"Non-bank financial institutions, such as UK pension funds, investment funds, mutual funds, brokers and insurance companies that sell policies in the UK, will need to remove fossil fuel assets from their investment portfolios, securities transactions and balance sheets by 2030.",NA,"416.2",NA
"The Financial Conduct Authority (FCA) will develop targets to eliminate all equities relating to fossil fuel exploitation from the UK stock market",NA,"416.2",NA
"and will immediately prohibit the issuing of any new shares for those purposes.",NA,"416.2",NA
"SME and community sector support",NA,"H",NA
"Small and medium-sized business are the lifeblood of our economy and our communities.",NA,"402",NA
"We want to see them supported to play a key role in the green economy of the future,",NA,"402",NA
"and to create new, quality jobs and training opportunities.",NA,"701",NA
"Green MPs will back the setting up of regional mutual banks to drive investment in decarbonisation and local economic sustainability by supporting investment in SMEs and community-owned enterprises and cooperatives.",NA,"416.2",NA
"These banks will be capitalised through a Cooperative Development Fund using some of the funds made available through the United Kingdom Infrastructure Bank (UKIB), along with an additional £10bn of public money.",NA,"416.2",NA
"We will give local authorities £2bn per year to provide grants to help businesses decarbonise.",NA,"416.2",NA
"We will explore legal ways for companies to be transformed into mutual organisations, especially at the point of succession from one owner to another.",NA,"403",NA
"Community ownership can be encouraged through greater access to government funding in the transition to a zero-carbon economy.",NA,"416.2",NA
"We want to change markets where customers, suppliers and workers are open to exploitation through market dominance.",NA,"403",NA
"We also want to ensure that structures exist in markets that allow for a competitively fair transition to a zero-carbon economy.",NA,"416.2",NA
"Late payment remains a problem for many businesses and sole traders.",NA,"403",NA
"It is not acceptable that large companies or public bodies rely on unarranged credit from smaller enterprises to manage their cash flow or simply fail to process invoices promptly.",NA,"403",NA
"Elected Greens will campaign to bring the Prompt Payment Code into law and bar late payers from public-procurement contracts.",NA,"403",NA
"We would mandate the Small Business Commissioner to investigate potential instances of poor payment proactively, instead of only when a complaint has been made.",NA,"403",NA
"Research, development and skills",NA,"H",NA
"Green MPs will seek to increase investment into research and development by over £30bn in the lifetime of the five-year parliament.",NA,"411",NA
"Additional spending will be primarily focused on tackling the climate and environmental crisis through funding research into sectors including: energy storage; agroecological agriculture and soil health; re-use, repair, recycling and designing out waste; carbon neutral construction; carbon-neutral production and carbon capture technology.",NA,"501",NA
"Elected Greens will push the UK government to partner with universities, other research institutions and business to assess the most economically and environmentally significant areas for research and development.",NA,"411",NA
"International collaboration and supporting the research efforts of the Global South will be important aspects of international solidarity.",NA,"107",NA
"Respecting the limits of the planet",NA,"H",NA
"Despite the other political parties continuing to argue that endless economic growth is the solution to all our problems, there is a growing consensus it is actively undermining our wellbeing.",NA,"416.1",NA
"We can no longer continue to exploit oil, gas, forests and oceans for economic growth – their overuse is already threatening our future survival, as well as the future of our economy and society.",NA,"416.1",NA
"Green MPs will change the way success is measured in our economy, with new indicators that take account of the wellbeing of people and planet",NA,"416.1",NA
"and that track our progress towards building a greener – and fairer – future.",NA,"501",NA
"Central to achieving an economy that sits comfortably within planetary boundaries will be more domestic production of a much wider range of goods and services.",NA,"406",NA
"Increased self-sufficiency builds resilience, both nationally and within communities, as well as strengthening local economies.",NA,"406",NA
"Green MPs will advocate for a circular economy that reduces the waste of resources.",NA,"416.2",NA
"We will require manufacturers to offer ten-year warranties on white goods, to encourage repair and reuse.",NA,"416.2",NA
"We will introduce a comprehensive ‘right to repair’, so manufacturers keep goods operational years after purchase and to eliminate built-in obsolescence.",NA,"416.2",NA
"We will require manufacturers to produce only the most energy efficient white goods, TVs, lighting and electric cookers.",NA,"416.2",NA
"We will encourage a shift from an ownership to a usership model, for instance through car-sharing platforms and neighbourhood libraries for tools and equipment.",NA,"416.2",NA
"Elected Greens will campaign to amend the Companies Act 2006 so that company directors must prioritise the well-being of all living entities (including all nations, all species and future generations, as well as all people alive today) and avoid negative environmental and social consequences.",NA,"416.2",NA
"Making Work Fair",NA,"H",NA
"The Green Party believes that workers’ and trade union rights need to be restored after decades of decline under successive governments.",NA,"701",NA
"Too many people are being exploited and underpaid, with too little protection from the law.",NA,"701",NA
"This outgoing government has dedicated itself to attacking the democratic right of workers to organise to defend themselves, while simultaneously failing to negotiate fair pay and conditions in the public sector.",NA,"701",NA
"The Green Party believes trade unions are a vital partner in building a fairer, greener economy.",NA,"701",NA
"Elected Greens would campaign to: Repeal current anti-union legislation and replace this with a positive Charter of Workers’ Rights.",NA,"701",NA
"Introduce a maximum 10:1 pay ratios for all private and public-sector organisations.",NA,"412",NA
"Deliver equal rights for all workers currently excluded from protections, including ‘gig economy’ workers and those on ‘zero hours’ contracts.",NA,"701",NA
"All workers should be able to choose to organise with their colleagues to improve their conditions, get the pay they deserve, and withdraw their labour if necessary: we would restore legal protection for these basic rights.",NA,"701",NA
"Elected Greens will campaign to repeal current anti-union legislation introduced since 1979 and replace it with a comprehensive Charter of Workers’ Rights.",NA,"701",NA
"We will restore the right to strike,",NA,"701",NA
"remove arbitrary ballot thresholds and outdated requirements for postal ballots for strike action,",NA,"701",NA
"and overturn bans on secondary picketing and industrial action for political objectives.",NA,"701",NA
"Wages and working conditions",NA,"H",NA
"Decades of Conservative, Labour and Coalition rule have created a poverty economy, with stagnant wages and millions earning less than a living wage.",NA,"701",NA
"We will seek to introduce a minimum wage of £15 an hour for all, no matter your age,",NA,"412",NA
"with the costs to small businesses offset by increasing the Employment Allowance to £10,000.",NA,"402",NA
"The ever-expanding gap between companies’ highest earners and their lowest paid is damaging for our society, so Green MPs will campaign for a maximum 10:1 pay ratio for all private and public-sector organisations.",NA,"412",NA
"No worker should see their CEO getting paid more in a day than they do in an entire year.",NA,"503",NA
"We will legislate for workers to have full employment rights from day one of their employment.",NA,"701",NA
"We will properly fund the enforcement of workers’ rights and abolish tribunal fees, to ensure that bad employers have nowhere to hide.",NA,"701",NA
"We will require all large and medium-size companies to carry out equal pay audits and redress any inequality uncovered both in terms of equal pay for equal work, and unfair recruitment and retention practices.",NA,"701",NA
"And we will campaign for safe sick pay, because it’s good for workers, good for employers and good for public health.",NA,"701",NA
"‘Gig economy’ workers – like those working for Uber and Deliveroo – are excluded from fundamental workers’ rights.",NA,"701",NA
"Every worker deserves equal protection.",NA,"701",NA
"We will bring platform workers under a single legal status of ‘worker’, with full and equal rights from the first day of employment.",NA,"701",NA
"Every worker will have a right to access their data and to appeal management decisions.",NA,"701",NA
"Gig employers that repeatedly breach data protection, employment or tax law will be denied licences to operate.",NA,"403",NA
"Green MPs will push for pay-gap protections to be extended to all protected characteristics including ethnicity, disability and sexual orientation.",NA,"503",NA
"We believe in equal pay for equal work",NA,"503",NA
"and in the right to flexible working arrangements that will benefit women, carers and disabled people in particular.",NA,"503",NA
"Reducing working time can make us all happier, healthier and more productive.",NA,"701",NA
"Elected Greens will support reduced working hours and moving towards a four-day working week.",NA,"701",NA
"Giving Everyone a Fairer, Greener Deal",NA,"H",NA
"Most of us want to live in a country where everyone is treated with dignity - not one in which record numbers of children are in poverty, older people can’t keep warm or disabled people are being badly let down.",NA,"503",NA
"A combination of austerity, poor choices in response to the Covid pandemic and the ongoing cost-of-living crisis has left too many people reliant on foodbanks and going hungry.",NA,"503",NA
"The Joseph Rowntree Foundation estimate that 3.8 million people experienced destitution in 2022, including one million children.",NA,"503",NA
"With the right political choices, we can do so much better – lifting everyone up and making sure all of us can access extra help if we need it.",NA,"503",NA
"Elected Greens will campaign to: Increase Universal Credit and legacy benefits by £40 a week.",NA,"504",NA
"End the unfair five-week wait for benefits which is pushing people into debt.",NA,"504",NA
"Abolish the two-child benefit cap and lift 250,000 children out of poverty.",NA,"504",NA
"Increase all disability benefits by 5%.",NA,"504",NA
"Ensure that pensions are always uprated in line with inflation and keep pace with wage rises across the economy.",NA,"504",NA
"Increase carer’s allowance by at least 10% a month.",NA,"504",NA
"Scrap the bedroom tax.",NA,"504",NA
"In the long term, Green MPs will push for the introduction of a Universal Basic Income that will give everybody the security to start a business, study, train or just live their life in dignity.",NA,"504",NA
"This major change to our tax and social security system is the work of more than one parliament.",NA,"503",NA
"In the meantime, we will end benefit sanctions and challenge the punitive approach to welfare claimants, instead recognising that that all of us might need extra support or a safety net at different points in our lives.",NA,"504",NA
"Elected Greens will take every opportunity to advocate for the most disadvantaged in society.",NA,"503",NA
"Throughout this Manifesto there are further measures aimed at helping people struggling with the cost of living including free home insulation, subsidised public transport, and investment in the public services.",NA,"504",NA
"A Fairer and Greener Approach to Public Finances",NA,"H",NA
"Our country is crying out for investment.",NA,"410",NA
"Too few buses in rural areas, crumbling flood defences and the high cost of our energy bills are all consequences of the government choosing not to invest.",NA,"416.2",NA
"And when small businesses lose workers to long hospital waiting lists or when children need time off school because of asthma caused by air pollution, it’s clear the price of this failure is high.",NA,"504",NA
"We can make different choices though, by taxing wealth fairly and by taxing pollution to generate enough money to rescue our public services",NA,"504",NA
"and in protecting our climate.",NA,"501",NA
"Green MPs will take a positive approach to public investment by: Taxing wealth fairly and taxing investment income at the same rate as earned income.",NA,"503",NA
"Committing to no increases in the basic rate of income tax during this cost-of-living crisis.",NA,"503",NA
"Borrowing to invest and rejecting the self-imposed straitjacket of conventional fiscal rules.",NA,"409",NA
"Taxing wealth fairly",NA,"H",NA
"In 2020 the wealthiest 10% of households held 43% of all the wealth in Great Britain.",NA,"503",NA
"Greens think a fairer future for us all means tackling this imbalance and the damage it’s doing to our economy and the planet.",NA,"503",NA
"Wealth held in assets doesn’t circulate, so its benefits aren’t shared,",NA,"503",NA
"whilst lifestyles that consume vast amounts of energy contribute disproportionately to the climate crisis.",NA,"503",NA
"Rather than taxing wealth fairly, the other political parties are refusing to rule out further cuts and are instead bending to pressure from excessively high earners, the City and the newspaper barons – all at the expense of the future of the country.",NA,"503",NA
"We don’t think that’s fair, and neither do the 64% of people who support maintaining or increasing taxes rather than cutting public services.",NA,"503",NA
"Elected Greens will push for a wealth tax.",NA,"503",NA
"This will tax the wealth of individual taxpayers with assets above £10 million at 1% and assets above £1bn at 2% annually.",NA,"503",NA
"Only a very small minority of people would be subject to the wealth tax, while the overwhelming majority would benefit.",NA,"503",NA
"Elected Greens will push too for the reform Capital Gains Tax (CGT) by aligning the rates paid by taxpayers on income and taxable gains.",NA,"503",NA
"This would affect less than 2% of all income-tax payers.",NA,"503",NA
"Elected Greens will also call for the reform of tax rates on investment income, by aligning them with the tax and NIC rates on employment income.",NA,"503",NA
"Ensuring that all income is taxed at the same rates irrespective of source is both fair and works to avoid tax avoidance by the unscrupulous.",NA,"503",NA
"We would remove the Upper Earnings Limit that restricts the amount of National Insurance paid by high earners.",NA,"503",NA
"Tax rates should not fall as income increases.",NA,"503",NA
"We would equate the rate of pension tax relief with the basic rate of income tax to help fund the social care that will allow elderly and disabled people on low incomes to live in dignity.",NA,"503",NA
"We would reform inheritance tax, ensuring that intergenerational transfers of wealth are taxed more fairly.",NA,"503",NA
"The tax reforms set out above are designed to simplify and align the rates of tax paid on income and investment gains, whatever their source,",NA,"303",NA
"and to introduce a wealth tax on very high concentrations of wealth.",NA,"503",NA
"Without access to the full modelling capability available to the Treasury we can only estimate the additional revenue that would be raised from our proposals.",NA,"503",NA
"Overall, we estimate that by the end of the next parliament they could add raise between £50 and £70bn per year in 2024 prices.",NA,"503",NA
"To put this into perspective, our reforms would increase direct tax raised from individual taxpayers from 19% of GDP to 21%.",NA,"503",NA
"And because of the approach we have adopted, this would fall on those most able to pay.",NA,"503",NA
"Property taxes",NA,"H",NA
"The UK has one of the most concentrated land ownership systems in the world: half of England is owned by less than 1% of the population, although we have no proper information on who owns vast swathes of the land that is our most valuable resource.",NA,"503",NA
"The Green Party has always opposed the Council Tax, which is a regressive tax, that shifts the emphasis away from a local tax on property.",NA,"503",NA
"As part of shifting taxation away from employment and towards wealth, elected Greens will champion a fair system for taxing landowners.",NA,"503",NA
"Our long-term policy aim is a Land Value Tax so that those with the most valuable and largest land holdings would contribute the most.",NA,"503",NA
"In the next parliament, elected Greens will take steps towards this by pushing for: Re-evaluation of Council Tax bands to reflect big changes in value since 1990s.",NA,"503",NA
"Removal of business rate relief on Enterprise Zones, Freeports, petrol stations and most empty properties.",NA,"503",NA
"A survey of all landholdings to pave the way for fair taxation of land.",NA,"503",NA
"Business taxes",NA,"H",NA
"Green MPs will support an increase in the rate of the windfall tax on oil and gas production and the closing of existing loopholes and tax-relief mechanisms.",NA,"403",NA
"We would introduce a windfall tax on banks when excessive profits are being made.",NA,"403",NA
"We would also propose a range of changes to VAT, reducing it on hard-pressed areas such as hospitality and the arts and increasing it on financial services and private education.",NA,"403",NA
"These changes would raise up to an additional £40bn in business taxes during the five years of the next parliament.",NA,"403",NA
"Carbon Tax",NA,"H",NA
"Elected Greens will advocate for a carbon tax to incentivise businesses to decarbonise their supply chains and to help raise the money needed to shift to a zero-carbon economy.",NA,"416.2",NA
"There will be an alignment of all existing taxes on fossil fuels and carbon emissions to aid compliance.",NA,"416.2",NA
"Elected Greens will propose levying a carbon tax at an initial rate of £120 per tonne, rising to a maximum of £500 per tonne of carbon emitted within ten years.",NA,"416.2",NA
"This is deliberately designed to make it cheaper for the emitter to take steps to reduce emissions rather than pay the tax.",NA,"416.2",NA
"We estimate we will be raising up to an additional £80bn by the end of the parliament, then falling back after that as carbon emissions reduce across the economy.",NA,"416.2",NA
"Tax avoidance",NA,"H",NA
"We will clamp down on tax dodging.",NA,"403",NA
"When companies and individuals fail to pay their fair share, it deprives our vital public services of much needed investment.",NA,"504",NA
"Greens support small businesses that are currently paying taxes for the services they use,",NA,"403",NA
"and will take steps to tackle the global corporations that are not.",NA,"403",NA
"It will be a priority to strengthen global tax agreements to stop corporate tax avoidance and evasion,",NA,"403",NA
"and to ensure a level playing field between UK and transnational businesses.",NA,"403",NA
"We will also ensure that HMRC has the resources it needs to reduce the gap between taxes due and taxes paid.",NA,"403",NA
"Public sector debt",NA,"H",NA
"Choosing to trap us all in a self-imposed fiscal straitjacket is a false economy.",NA,"416.2",NA
"It is clear that investing in protecting our climate now will save vast costs in the future.",NA,"416.2",NA
"Investing in our public services and infrastructure is essential to a flourishing future for us all.",NA,"503",NA
"As Greens we will never allow an obsession with fiscal rules to stop us investing in the public transport,",NA,"411",NA
"schools",NA,"506",NA
"and hospitals we all rely on –",NA,"504",NA
"nor from taking the steps necessary to protect the climate for our children and their children.",NA,"501",NA
"Investing in the green economy of the future will be expensive – the Climate Change (CCC) Committee has estimated we will need an £50bn per year – but delaying action will be far more costly, both in human terms as the climate breaks down, and in terms of the damage to infrastructure caused by extreme weather events.",NA,"416.2",NA
"But the savings will be substantial too.",NA,"416.2",NA
"The CCC estimates that by the end of this parliament this extra investment will be offset by reductions in day-to-day spending, including due to the extra efficiency of electric vehicles.",NA,"416.2",NA
"Greens will not allow our country to be held back by fiscal rules that don’t serve us all – we’re prepared to tax wealth and carbon emissions",NA,"503",NA
"and prepared to borrow to invest in a fairer future.",NA,"503",NA
"We do however acknowledge that public expenditure can only be expanded as far as the economy has the capacity to absorb it without triggering dangerous levels of inflation.",NA,"414",NA
"This would be our overriding fiscal rule.",NA,"414",NA
"Bringing Nature Back to Life",NA,"H",NA
"Our environment is our most precious resource; we depend on it for the air we breathe, the water we drink and the food we eat.",NA,"501",NA
"We are one of the most nature-depleted countries in the world with about half of our nature lost.",NA,"502",NA
"Our commitment to nature is not based solely on the economic value it can provide; we are part of nature and unless it flourishes, we cannot flourish either.",NA,"501",NA
"Green MPs will aim to restore the health of soil and the purity of our water and protect pollinators like bees and other species that life depends on.",NA,"501",NA
"The experiment of water privatisation has been an unmitigated disaster, with routine discharges of filth into our water courses while the shareholders of water companies cream off profits from our ever-rising bills.",NA,"413",NA
"Water is a public good which we would choose to return to public ownership,",NA,"413",NA
"a move that would also enable the restoration of habitats and biodiversity.",NA,"501",NA
"Elected Greens will transform and reconnect us with nature by: Introducing a new Rights of Nature Act giving legal personhood to nature.",NA,"501",NA
"Set aside 30% of our land and seas by 2030 in which nature will receive the highest priority and protection.",NA,"501",NA
"Taking the water companies back into public ownership.",NA,"413",NA
"Legal protection for the natural world",NA,"H",NA
"Greens in parliament will make it a priority to pass a new Rights of Nature Act.",NA,"501",NA
"For the first time, it would give Nature legal personhood, meaning that it could not be exploited for financial gain.",NA,"501",NA
"The Act would also set standards for soil quality and phasing out the most harmful pesticides immediately (including glyphosate)",NA,"501",NA
"and, as we move towards regenerative farming methods, introduce rigorous tests for all pesticides.",NA,"501",NA
"Only pesticides that pass this test, and demonstrably don’t harm bees, butterflies and other wildlife, would be approved for use in UK",NA,"501",NA
"and we would end the emergency authorisation of bee-killing pesticides.",NA,"501",NA
"The Act will work in tandem with our commitment to a separate Climate and Nature Act.",NA,"501",NA
"This will address the full extent of the climate and nature crisis in line with the most up-to-date science – and ensure a comprehensive and joined-up approach to the ecological emergency.",NA,"501",NA
"Elected Greens will also push for a Clean Air Act, which will set new air quality standards for the UK.",NA,"501",NA
"We would enshrine the right to breathe clean air in the law.",NA,"201.2",NA
"Elected Greens would seek to strengthen and prevent any rollback of existing protections of the Green Belt, National Landscapes and Sites of Special Scientific Interest",NA,"501",NA
"Safer waters for us all",NA,"H",NA
"We are clear that the only way to end the scandal of our filthy water is to end the failed experiment with privatisation and bring the water companies back into public ownership.",NA,"413",NA
"Money that is now being extracted by shareholders would be invested to fix the leaks and rebuild infrastructure.",NA,"413",NA
"Public water companies must also ensure that abstraction respects nature.",NA,"501",NA
"Elected Greens will push to restore rivers",NA,"501",NA
"and take a nature-based solutions approach to the prevention of flooding and storm overflows.",NA,"501",NA
"We would increase DEFRA’s budget by £1.5bn, allowing an increase in funding for the Environment Agency and Natural England, to support the vital work they do to protect our environment.",NA,"501",NA
"This would include developing a soil health monitoring programme for England, to match those in Scotland and Wales, to assess and understand changes in the health of soil over time.",NA,"501",NA
"This would end the flow of pollution into rivers and the sea from fertilisers, agricultural waste and sewage, through effective monitoring and enforcement.",NA,"501",NA
"Access to Nature",NA,"H",NA
"Access to nature is essential for human health and well-being.",NA,"501",NA
"Elected Greens will introduce a new Right to Roam Act for England, that would enable people to access green space close to where they live and be a first step to resetting our relationship with the natural world.",NA,"501",NA
"This would be based on the model in Scotland and include sensible exceptions, such as fields where crops are growing.",NA,"501",NA
"The Right to Roam Act would be accompanied by a renewed and strengthened Countryside Code which clearly sets out rights and responsibilities when accessing nature.",NA,"501",NA
"Green MPs will also campaign to ensure that everybody lives within 15 minutes’ walking distance of a nature-rich greenspace.",NA,"501",NA
"We will ensure car-free access to the National Parks with new cycling, walking, wheeling and bus links.",NA,"501",NA
"Giving land and sea back to nature",NA,"H",NA
"Currently only 5% of land in the UK qualifies as being effectively protected for nature.",NA,"501",NA
"We need to bring nature back to life and restore valuable habitats.",NA,"501",NA
"We would plan to give 30% of land and sea back to nature by 2030 ensuring that it is permanently protected.",NA,"501",NA
"A priority would be the re-wetting of all peatland and increasing unharvested forest and woodland by over 50%.",NA,"501",NA
"We should allow natural regeneration to take place.",NA,"501",NA
"Increasing areas for scrub, hedgerows, rough-grazing orchards and creating new protected spaces in urban settings will also help meet this target.",NA,"501",NA
"Grants of an additional £3bn annually will be made available to landowners and farmers by the middle of the next parliament to support returning land to nature, with generous per hectare payments.",NA,"501",NA
"Whilst National Parks, National Landscapes and Sites of Special Scientific Interest (SSSIs) will be a major focus, returning land to nature can happen everywhere, even on brownfield sites and in towns and cities where there are important reservoirs of species that need to be supported, to improve nature connectivity.",NA,"501",NA
"Green MPs will champion reintroducing nature into our urban environments, with investment in schemes such as street planting of native trees, compulsory hedgehog holes in all new fencing, swift bricks and bee corridors.",NA,"501",NA
"And we will prioritise training of conservation workers and developing a public service professional path for nature conservation.",NA,"501",NA
"Elected Greens also commit to making at least 30% of UK domestic waters into fully protected marine protected areas by 2030.",NA,"501",NA
"We will seek to ban all destructive fishing practices from Marine Protected Areas (MPAs) and other domestic waters.",NA,"501",NA
"Protecting Animals",NA,"H",NA
"We pride ourselves on being a nation of animallovers, yet animal cruelty is still all around us",NA,"501",NA
"and the natural habitats of wild animals are under serious threat.",NA,"501",NA
"It’s time for better choices and to better protect animals.",NA,"501",NA
"Elected Greens will push for: The creation of a new Commission on Animal Protection.",NA,"501",NA
"A ban on all blood sports, including trail hunting and strengthening and extending the 2004 Hunting Act.",NA,"501",NA
"A legal requirement for all British territorial and overseas waters to offer the highest protection to marine life.",NA,"501",NA
"Commission on Animal Protection",NA,"H",NA
"Elected Greens will seek to create a new Commission on Animal Protection, responsible for overseeing all rules designed to protect animals from cruelty",NA,"501",NA
"and upholding their rights as sentient beings not to be subjected to undue suffering.",NA,"501",NA
"This Commission will ensure that the highest standards of animal protection are applied to companion animals, farm animals and wildlife -",NA,"501",NA
"and that these standards underpin decision making by public bodies too.",NA,"501",NA
"We will enhance regulation and controls on the breeding, sale and import of companion and all animals, including action to stop cruel practices such as ear cropping and pet smuggling.",NA,"501",NA
"There would be a compulsory licensing of everyone working with animals.",NA,"501",NA
"Those convicted of cruelty will be placed on an animal cruelty register and prevented from working with animals again.",NA,"501",NA
"Elected Greens would push for ending the exploitation of animals, including horses and greyhounds in racing.",NA,"501",NA
"Green MPs will introduce a licensing scheme for the ownership of all kept animals",NA,"501",NA
"and replace outdated breed-specific legislation for dogs with an updated dog control law.",NA,"501",NA
"Green MPs would recognise the distress caused when beloved companion animals are stolen and will champion new laws to comprehensively tackle this kind of crime.",NA,"605.1",NA
"We would encourage the use of companion animals in therapy and other treatments, drawing on evidence showing the beneficial impact of contact with animals on human psychology.",NA,"504",NA
"Greens oppose the importation of monkeys for use in labs,",NA,"501",NA
"and will work towards an outright ban on all animal testing.",NA,"501",NA
"We would also end the use of live animals in military training",NA,"501",NA
"and support the production, promotion and transition to nonanimal technologies for use in experiments.",NA,"501",NA
"A humane approach to wild and farmed animals",NA,"H",NA
"The Green Party is fundamentally opposed to all blood sports and would campaign to introduce a ban on all hunting in the first year of a new parliament.",NA,"501",NA
"This includes trophy hunting, trail hunting, where dogs are used to track foxes, and the commercial shooting of game birds.",NA,"501",NA
"Government subsidies will no longer be given to maintain artificial landscapes designed only for hunting (such as grouse moors).",NA,"501",NA
"Green MPs will campaign against badger culling.",NA,"501",NA
"The cull has no evidence basis and has failed to effectively reduce Bovine TB.",NA,"501",NA
"We will fund research into a sensitive test to enable cattle vaccination as part of a meaningful strategy to control the spread of the disease.",NA,"501",NA
"We will also invest in better farm biosecurity and badger vaccination.",NA,"501",NA
"Where necessary for ecological reasons, or for animals described as pests, humane culling will be licensed by Natural England and carried out by trained professionals.",NA,"501",NA
"Related to this will be the prohibition of firearms and lethal weapons except on registered premises.",NA,"605.1",NA
"We will also ban the use of lead ammunition and outlaw all forms of snaring.",NA,"501",NA
"Elected Greens will push for an end to factory farming,",NA,"501",NA
"enforce maximum stocking densities",NA,"501",NA
"and prohibit the routine use of antibiotics in farm animals.",NA,"501",NA
"Greens will campaign for a complete ban on cages and close confinement,",NA,"501",NA
"and on the deliberate mutilation of farm animals.",NA,"501",NA
"Enhancing protection for marine creatures",NA,"H",NA
"Elected Greens will ensure that all British domestic and overseas territorial waters offer the highest protection to marine mammals, sea birds and marine life.",NA,"501",NA
"Green MPs will champion co-operation in achieving global sanctuary for all cetaceans,",NA,"501",NA
"alongside active support for UN Charters and obligations under The Law of the Sea to protect against overfishing, pollution, climate impacts and other threats.",NA,"107",NA
"Elected Greens will push for a ban on bottom trawling and other destructive fishing practices in Marine Protected Areas and other waters,",NA,"501",NA
"as well as for proper implementation and enforcement of relevant international legislation to protect deepsea species.",NA,"501",NA
"A Greener and Fairer Food and Farming System",NA,"H",NA
"Our food system is failing us all.",NA,"501",NA
"Ultra-processed food is exacerbating poor health and is linked to an increased risk of 32 health problems including cancer, obesity and diabetes.",NA,"403",NA
"Poor diets are estimated to cost our NHS £6.5bn a year yet successive governments have failed to take on the unhealthy food lobby.",NA,"403",NA
"The impact of climate change means our food supply is under threat too, along with the livelihoods of our farmers.",NA,"501",NA
"At the same time, the way we produce our food is damaging our natural world.",NA,"501",NA
"Agriculture is responsible for about one tenth of all UK greenhouse gas emissions; it is the greatest driver of nature loss and is largely responsible for the scandal of polluted rivers.",NA,"703.2",NA
"Shocks like extreme weather, the war in Ukraine and leaving the EU impacted our food supply chains – all of us have experienced empty shelves and food price rises, with those on lowest incomes worst hit.",NA,"503",NA
"Our rural economies are struggling,",NA,"410",NA
"and the rural poverty gap is increasing.",NA,"503",NA
"All whilst one third of all food produced in the world ends up wasted.",NA,"501",NA
"Bold decisions are needed.",NA,"501",NA
"Subsidies should fully support our farmers, including smaller and family farms, to invest in bringing land back into good health and making it a carbon sink rather than a carbon emitter.",NA,"703.1",NA
"And the process of claiming should be made simple and straightforward.",NA,"703.1",NA
"Green MPs would aim to achieve a secure supply of food produced on these islands and a thriving rural economy built upon farming.",NA,"703.1",NA
"And we can do this whilst bringing nature back to life, delivering healthy food,",NA,"501",NA
"providing employment and support to hard-pressed farmers and growers.",NA,"703.1",NA
"Elected Greens will choose to do things differently.",NA,"703.1",NA
"We will work with farmers and other stakeholders, to transform our food and farming system so it produces healthy, nutritious food at fair prices for consumers and with fair wages for growers.",NA,"703.1",NA
"We will also aim to increase the amount of food that is grown and traded in the UK and as locally as possible.",NA,"406",NA
"Elected Greens will: Almost triple support to farmers over the next 5-year parliament to support the transition to nature-friendly farming.",NA,"703.1",NA
"Conserve and improve the health of the soil and the wider environment, which in turn would lead to cleaner rivers.",NA,"501",NA
"Offer sustainable employment, decent livelihoods, career opportunities, good working conditions and ongoing training to those involved in growing food.",NA,"703.1",NA
"Better educate the population about food and health and build links between farms, schools and the wider community.",NA,"703.1",NA
"Encourage a move to mixed farming",NA,"703.1",NA
"along with a reduction in meat and dairy production",NA,"501",NA
"and implement new horticulture support for fruit and vegetable production.",NA,"703.1",NA
"Link farm payments to a reduction in the use of pesticides and other agro-chemicals.",NA,"501",NA
"End unfair trade deals.",NA,"403",NA
"Elected Greens will push for the highest animal protection standards and to update the Animal Welfare Act 2006.",NA,"501",NA
"Food",NA,"H",NA
"With 15% of all households experiencing food insecurity and millions of people struggling to put food on the table.",NA,"503",NA
"Elected Greens will push for: All children to have a daily free school meal, made from nutritious ingredients and based on local and organic or sustainable produce and free breakfast clubs for children to Year 6.",NA,"504",NA
"Everyone to have sufficient income to make healthy sustainable food choices.",NA,"503",NA
"Schools to involve children in growing, preparing and cooking food, as part of the core curriculum, so that they recognise and understand how to use basic fresh produce.",NA,"506",NA
"A food partnership in every area,",NA,"403",NA
"and for a Local Food Enterprise Fund to be set up.",NA,"403",NA
"Policies that ensure that good quality surplus food is not wasted.",NA,"403",NA
"Rebuilding national food security",NA,"H",NA
"In a world where supply chains are becoming less secure and commodity prices more volatile because of our changing climate and geo-political risks, greater domestic food security is critical.",NA,"406",NA
"Rather than relying on imports of fresh fruit (80%) and vegetables (50%) we need to build local fresh food networks and bring horticulture back into our urban fringe.",NA,"406",NA
"Such schemes are already providing a good alternative to processed food in cities such as Copenhagen.",NA,"406",NA
"Green MPs would draw on examples of good practice elsewhere and campaign for: Increasing domestic food production and expanding local horticulture.",NA,"406",NA
"Incentivising growing a much greater variety of plant food types to protect sourcing and enhanced nutrition.",NA,"703.1",NA
"Rebalancing the power dynamic between big food manufactures and local alternatives such as local food networks, community-supported agriculture and other co-operatives.",NA,"403",NA
"Tackling the unfairness in the system through revitalising the abandoned National Food Strategy.",NA,"403",NA
"Strengthening the powers of the Grocery Standards Adjudicator and the Food Standards Agency.",NA,"403",NA
"Reducing the vulnerability of the small-scale farming suppliers relative to the oligopolies in retail and food manufacture, by regulating for fairness in negotiation and new legally binding codes of practice.",NA,"703.1",NA
"Putting farmers, including smaller and family farms, back in the room so they are part of developing new farming policy, including a new Fairer Farming Charter.",NA,"703.1",NA
"Forestry",NA,"H",NA
"There is scope for the UK to become far more selfsufficient in wood resources as part of the move away from products based on fossil fuels.",NA,"501",NA
"Elected Greens will advocate for: A substantial increase in productive forestry,",NA,"501",NA
"in addition to increases in woodland.",NA,"501",NA
"Wood and crop waste to be recycled into construction materials, paper and fabrics.",NA,"501",NA
"(Food and farming policy in Wales is devolved to the Welsh Government).",NA,"301",NA
"Creating A Fairer, Greener Education System",NA,"H",NA
"Education should be about inspiring a love of learning and ensuring that every young person can reach their potential.",NA,"506",NA
"Yet too many children are struggling to achieve in an education system that operates like a production line rather than valuing children’s unique individual qualities.",NA,"506",NA
"Schools play an essential role in ensuring that all children have an equal chance to thrive.",NA,"506",NA
"We must work towards ending child poverty and opening up opportunities to all.",NA,"506",NA
"No child should be left behind.",NA,"503",NA
"For Greens, education is a common good that benefits society as a whole so it should be publicly funded and available to everybody, free of charge, at every stage of life.",NA,"506",NA
"We will continue to support parents in educating children in settings other than at school.",NA,"506",NA
"Green MPs would push for an education system that: Is fully inclusive, with better funded support for special educational needs",NA,"506",NA
"and all children provided with a free school meal.",NA,"504",NA
"Supports every higher education student with the restoration of grants",NA,"506",NA
"and the end of tuition fees.",NA,"506",NA
"Reduces the stress in our education system by ending high-stakes, formal testing at primary and secondary schools",NA,"506",NA
"and by abolishing OFSTED.",NA,"506",NA
"Early years",NA,"H",NA
"Pre-school education should be focused on play and on supporting young children to safely explore the world around them.",NA,"506",NA
"It can also assist families to access work and other opportunities.",NA,"503",NA
"Greens MPs will advocate: For £1.4bn per year to be invested by local authorities in Sure Start Centres.",NA,"506",NA
"In negotiation with the sector, to extend the outgoing government’s offer of childcare to 35 hours per week from nine months.",NA,"504",NA
"Schools",NA,"H",NA
"Over a decade of funding cuts, assessment targets and a teacher recruitment crisis have resulted in larger class sizes, fewer educational visits and arts and vocational subjects dropped from the curriculum.",NA,"506",NA
"Elected Greens will: Advocate for an increase in school funding, with an £8bn investment in schools that would include £2bn for a pay uplift for teachers.",NA,"506",NA
"Ensure that every school building is safe for children by investing £2.5bn a year to tackle the RAAC concrete scandal and provide the funding needed for schools to be wellmaintained and fit for purpose.",NA,"506",NA
"Review assessment targets in schools so that arts and vocational subjects are treated equally within the curriculum,",NA,"502",NA
"children are supported to play and learn outdoors,",NA,"506",NA
"and every child can learn about the climate and biodiversity crisis to equip them for the challenges ahead.",NA,"506",NA
"Ensure effective delivery of the new Natural History GCSE.",NA,"506",NA
"Move academies and free schools into local authority control,",NA,"506",NA
"removing charitable status from private schools and charging full VAT on fees.",NA,"503",NA
"Private school places for children with special education needs will not be subject to VAT.",NA,"503",NA
"This will be an interim measure while public-sector capacity is built.",NA,"506",NA
"Retain a full, evidence-based and ageappropriate programme of Relationships, Sex and Health Education, including LGBTIQA+ content and resources.",NA,"506",NA
"Protect provision of free school breakfast clubs for all primary school pupils.",NA,"504",NA
"Special educational needs",NA,"H",NA
"Green MPs will push for £5bn to be invested in special needs (SEND) provision within mainstream schools.",NA,"506",NA
"This means that all schools will have fully accessible buildings and specially trained teachers,",NA,"506",NA
"and local councils will have the funds to properly support SEND students at school and in getting to school.",NA,"506",NA
"Child health and wellbeing",NA,"H",NA
"Green MPs will: Fully restore the role of the school nurse, ensuring that all schools have access to an on-site medical professional.",NA,"504",NA
"Give children and students at all statefunded schools and colleges access to a qualified counsellor.",NA,"504",NA
"Post-16 and Further Education",NA,"H",NA
"The world of work is changing fast.",NA,"506",NA
"Fewer young people will experience only one career and workplace in their lives.",NA,"506",NA
"Education and training must be accessible, and better designed to support lifelong learning.",NA,"506",NA
"Green MPs will push for: A £3bn increase in funding for sixth-form education over the next parliamentary term,",NA,"506",NA
"and a £12bn investment in skills and lifelong learning for further education.",NA,"506",NA
"The restoration of the Education Maintenance Allowance to financially support young people to extend their studies after the age of 16.",NA,"506",NA
"Higher Education",NA,"H",NA
"Marketisation has been disastrous for Higher Education, changing the relationships between students and academic faculty, pushing universities into financial crisis, and burdening a whole generation of students with debts so high that they are ruining their life chances.",NA,"506",NA
"We would fully fund every higher education student, restoring maintenance grants and scrapping undergraduate tuition fees.",NA,"506",NA
"Our longterm plans also include seeking to cancel the injustice of graduate debt.",NA,"503",NA
"Elected Greens will work with the higher education sector to tackle the challenges posed by changes to employer contributions for the Teachers’ Pension Scheme (TPS).",NA,"506",NA
"(In Wales, Education is devolved to the Welsh Government.)",NA,"506",NA
"Investing in Fairer, Greener Transport",NA,"H",NA
"Our transport choices account for around a quarter of UK carbon emissions.",NA,"501",NA
"Making it easier to opt for greener choices is key to tackling the climate emergency, yet public transport provision continues to decline.",NA,"411",NA
"As well as the damage to our climate, vehicle exhaust and particulates from tyre and brake dust are major contributors to air pollution, which costs the UK economy £20bn a year and is associated with over 40,000 deaths a year.",NA,"501",NA
"This is also an equity issue: one in five families don’t have access to a car and the poorest households are nearly seven times less likely to have access to a car than the richest.",NA,"503",NA
"Elected Greens will champion public transport for every community to thrive.",NA,"411",NA
"Green MPs will push to: Increase annual public subsidies for rail and bus travel to £10bn by the end of the next parliament to make public transport reliable, frequent, accessible and affordable, including free bus travel for under-18s.",NA,"411",NA
"Invest an additional £19bn over five years to improve public transport, support electrification and invest in new cycleways and footpaths; this includes the reallocation of funding earmarked for road building.",NA,"411",NA
"Bring the railways back into public ownership.",NA,"413",NA
"Give local authorities control over and funding for improved bus services.",NA,"301",NA
"Ensure £2.5bn a year is invested in new cycleways and footpaths.",NA,"501",NA
"Buses",NA,"H",NA
"Urban bus services have dropped by 48%",NA,"411",NA
"and rural buses by 52% since 2008.",NA,"411",NA
"Yet they are vital to our communities.",NA,"411",NA
"Every £1 invested in bus services is estimated to bring an economic return of £4.50.",NA,"410",NA
"Elected Greens would push for local authority control and proper funding for bus services, to increase these in urban areas,",NA,"301",NA
"and in rural areas ensure that there is a bus service to every village.",NA,"503",NA
"We will empower local authorities to run bus services themselves if they see fit and provide a service that meets their community’s needs.",NA,"301",NA
"Cities and sparsely populated rural areas will need different solutions; we need to give them the flexibility and funding.",NA,"301",NA
"Rail",NA,"H",NA
"Privatisation of the railways has failed – we have all experienced the decline in the standard of services, strikes and growing dissatisfaction.",NA,"413",NA
"The railways should be the backbone of a sustainable transport system.",NA,"411",NA
"Elected Greens will push for: Investment in a modern, efficient, publicly owned railway, with affordable fares.",NA,"413",NA
"Greater investment in more rapid electrification so the rail network can be powered sustainably.",NA,"411",NA
"A national strategic approach to identifying those lines and stations which could be re-opened.",NA,"411",NA
"This should be led by regional and local government to ensure the most benefits.",NA,"301",NA
"Train companies to be gradually brought back into public ownership, as existing contracts expire and rolling stock which is currently owned by leasing companies needs replacement.",NA,"413",NA
"Roads",NA,"H",NA
"To address the huge and growing contribution that private-vehicle transport makes to our carbon emissions, it’s time to shift the transport system away from cars and roads.",NA,"416.2",NA
"Green MPs will push to restore the fuel-duty escalator to this end and, as revenue declines,",NA,"416.2",NA
"we favour the introduction of road-pricing, designed to ensure the protection of users’ privacy.",NA,"403",NA
"Greens will oppose all new road building plans.",NA,"416.2",NA
"Within a decade we want to see all petrol and diesel vehicles replaced by Electric Vehicles (EVs).",NA,"416.2",NA
"We would push for an extensive vehicle scrappage scheme to support this rapid transition to EVs, with funding rising to £5bn per year by the end of the parliament,",NA,"416.2",NA
"supported by the rapid rollout of EV charging points.",NA,"411",NA
"EVs have a place in our future transport system but even a wholesale switch would still not deliver on our ambitious plan to make our roads safer and greener.",NA,"416.1",NA
"Elected Greens would therefore also push for: An end to sales of new petrol and diesel fuelled vehicles by 2027",NA,"416.2",NA
"and to the use of petrol and diesel vehicles on the road by 2035.",NA,"416.2",NA
"Making road tax proportional to vehicle weight.",NA,"403",NA
"20 miles per hour to be the default speed limit on roads in all built-up areas, allowing children, the elderly and disabled people to walk and wheel safely.",NA,"503",NA
"More government support for ordinary car users and small businesses to replace their vehicles as diesel and petrol engines are phased out.",NA,"416.2",NA
"More support for firms using heavy goods vehicles to transition away from internal combustion engines and make greater use of rail freight.",NA,"416.2",NA
"Safe streets and active travel",NA,"H",NA
"Walking and cycling aren’t just good for reducing carbon emissions and air pollution – they help make us all happier and healthier.",NA,"501",NA
"Elected Greens will: Push to spend £2.5bn a year on new cycleways and footpaths, built using sustainable materials.",NA,"416.2",NA
"Reimagine how we use streets in residential areas to reduce traffic and open them up for use by the community.",NA,"501",NA
"Adopt Active Travel England’s objective for 50% of trips in England’s towns and cities to be walked, wheeled or cycled by 2030.",NA,"501",NA
"Aviation",NA,"H",NA
"Aviation is one of the fastest growing sources of global carbon emissions – and it’s the wealthiest driving this trend.",NA,"416.2",NA
"The wealthiest people in the UK use more energy flying than the poorest use in every aspect of their lives.",NA,"416.2",NA
"Just 1% of the world’s population accounts for more than half of the CO2 emissions from passenger air travel.",NA,"416.2",NA
"We need to reduce how much we fly, and we need to do it fairly.",NA,"416.2",NA
"Green MPs will campaign for: A frequent-flyer levy to reduce the impact of the 15% of people who take 70% of flights.",NA,"503",NA
"A ban on domestic flights for a journey that would take less than three hours by train.",NA,"416.2",NA
"An end to the implicit subsidy for flying that results from kerosene being exempt from fuel duty: the carbon tax would apply to all kerosene for aviation sold in the UK",NA,"416.2",NA
"A halt to any expansion of airport capacity.",NA,"416.2",NA
"Investment in skills so that aviation and airport workers can move into rewarding alternative jobs as the number of flights declines.",NA,"411",NA
"(In Wales, transport is devolved to the Welsh Government.)",NA,"301",NA
"A Fairer, Greener Democracy",NA,"H",NA
"Green MPs will defend our democratic and civil rights from the kinds of attacks of recent years and protect and advance the cornerstones of our democracy such as human rights law and our voting rights.",NA,"202.1",NA
"It’s clear to us all that the political system is out of date and badly broken.",NA,"202.1",NA
"People strongly support more investment in health services,",NA,"504",NA
"cheaper and more accessible public transport,",NA,"411",NA
"and the action necessary to protect people and planet.",NA,"501",NA
"But self-interested corporations and vested interests mean we are not seeing the action we need.",NA,"501",NA
"The Green Party understands that the climate crisis and the crisis in our democracy are linked.",NA,"202.1",NA
"Greens MPs will campaign for a modern, functional, representative democracy and measures to make parliament more representative, particularly of women, people of colour and disabled people.",NA,"202.1",NA
"Our priorities will be: A Fair Politics",NA,"202.1",NA
"Act to strengthen our democracy now.",NA,"202.1",NA
"Replacing the House of Lords with an elected second chamber.",NA,"202.1",NA
"Votes for 16-year-olds and residence-based voting rights.",NA,"202.1",NA
"A Constitutional Commission to start a vital national conversation about a new constitutional settlement.",NA,"204",NA
"Fair Politics Act",NA,"H",NA
"Elected Greens will introduce a Fair Politics Act to strengthen our democracy now.",NA,"202.1",NA
"This legislation would do the following: Repeal the anti-democratic Elections Act 2022, ending the need to provide voter-ID.",NA,"202.1",NA
"Restore the Electoral Commission’s power to prosecute,",NA,"202.1",NA
"and abolish the barriers to thirdparty campaigning so that all groups can be transparently involved in the democratic process.",NA,"202.1",NA
"Replace the first-past-the-post system for parliamentary and council elections with a fair and proportional voting system.",NA,"204",NA
"Introduce a fair system of state funding for political parties to eliminate dependence on large private donations.",NA,"202.1",NA
"Remove the cap on fines that can be imposed by the Electoral Commission on political parties that have been found to have breached electoral law.",NA,"202.1",NA
"Strengthen the transparency rules on recording political lobbying.",NA,"202.1",NA
"Make the work of think tanks transparent, including by establishing a distinct legal entity for political foundations which conduct policy research and political education, with a requirement to be transparent about sources of funding.",NA,"202.1",NA
"Give 16 and 17-year-olds the right to vote and to stand for parliament and other elected offices.",NA,"202.1",NA
"Amend the Online Safety Act to protect democracy, and prevent political debate from being manipulated by falsehoods, fakes and half-truths.",NA,"202.1",NA
"Elected Greens will also advocate for ways to make politics more accessible to underrepresented groups including women and disabled people.",NA,"503",NA
"These could include proposals such as job sharing for MPs and a permanent access to elected office fund to help with the costs of standing for election.",NA,"503",NA
"Devolution",NA,"H",NA
"Greens believe in national self-determination.",NA,"301",NA
"Scotland, Wales and Northern Ireland should be free to make their own decisions about how much or how little they are part of the United Kingdom.",NA,"301",NA
"The Scottish people should be free to decide whether they want to remain part of the United Kingdom.",NA,"301",NA
"Elected Greens at Westminster would support Scotland making decisions for itself.",NA,"301",NA
"Greens believe all communities should make their own decisions.",NA,"301",NA
"Local authorities need to be given the powers and the resources to do the things their communities need them to do.",NA,"301",NA
"Elected Greens would give the Welsh Government the same devolved powers as the Scottish Government in advance of a new constitutional settlement.",NA,"301",NA
"Elected Greens will support the Senedd if it decides to hold an independence referendum.",NA,"301",NA
"English local government",NA,"H",NA
"Elected Greens will ensure that local authorities across England are given the powers and resources they need.",NA,"301",NA
"They will push for an increase in local government funding of £5bn per year to tackle the current under-funding crisis",NA,"301",NA
"and enable local authorities to play a key role in the transition to a zero-carbon economy",NA,"416.2",NA
"and protecting nature.",NA,"501",NA
"Defending your human rights",NA,"H",NA
"The Green Party is committed to the Universal Declaration of Human Rights, the European Convention on Human Rights (ECHR) and the European Court of Human Rights.",NA,"201.2",NA
"Elected Greens will: Defend the Human Rights Act.",NA,"201.2",NA
"Support continued direct access to ECHR rights in the domestic courts.",NA,"201.2",NA
"Restore legal aid for public law cases so everybody can uphold their rights in court.",NA,"201.2",NA
"Protect the right to religious expression.",NA,"201.2",NA
"Scrap the Police, Crime, Sentencing and Courts Act, Public Order Act and other legislation that erodes the right to protest and to free expression.",NA,"201.2",NA
"The recent rise in Islamophobia and antisemitism highlights the importance of tackling hate crime",NA,"605.1",NA
"and opposing divisions in our society.",NA,"606.1",NA
"Elected Greens will support the right to religious expression and work with religious communities to defend the safety of places of worship.",NA,"201.2",NA
"We will also scrap Prevent.",NA,"605.2",NA
"The Green Party supports self-ID, so that trans and non-binary people could be legally recognised in their chosen gender through self-declaration.",NA,"201.2",NA
"We also support ending the spousal veto so that married trans people can acquire their gender recognition certification without having to obtain permission from their spouse,",NA,"201.2",NA
"and to change the law so an X gender marker can be added to passports for non-binary and intersex people who wish to use it.",NA,"201.2",NA
"Sharing a Fairer, Greener Welcome",NA,"H",NA
"How we treat people who have chosen the UK as their home says a great deal about our values and national character.",NA,"601.1",NA
"Greens are proud that we are country forged by migrants and welcome the economic and societal contributions that immigrants and refugees make to British society.",NA,"607.1",NA
"We understand that migration is inevitable, and that people have always moved around.",NA,"602.2",NA
"We also recognise we all have a collective responsibility for the climate emergency and that the UK has a duty to support people forced to move due to changes in their home environment, whether internally or overseas.",NA,"602.2",NA
"Green MPs would advocate for inclusivity and an outward-looking approach to the world.",NA,"602.2",NA
"We want to be welcoming, promote social cohesion and support migrants to put down roots.",NA,"607.2",NA
"Elected Greens will push for: An end to the hostile environment.",NA,"602.2",NA
"An end to the minimum income requirements for spouses of those holding work visas.",NA,"602.2",NA
"Safe routes to sanctuary for those fleeing danger, persecution and war.",NA,"201.2",NA
"Asylum and protection",NA,"H",NA
"No one becomes a refugee lightly.",NA,"201.2",NA
"People leave their homes, friends and often their family because they are forced to do so through circumstances that are intolerable.",NA,"201.2",NA
"The Green Party acknowledges the right to claim asylum, in any country, as set out in the United Nations Universal Declaration of Human Rights.",NA,"201.2",NA
"Elected Greens will campaign for a system of asylum and humanitarian protection that treats the applicant fairly, humanely and without discrimination.",NA,"201.2",NA
"Elected Greens will push for: The United Kingdom to work with other countries to establish safe routes by which those fleeing persecution, war, or climate disaster may arrive in the country of their choice to make their case without having to risk their lives.",NA,"201.2",NA
"A fast and fair process to assess asylum applications.",NA,"201.2",NA
"Those seeking asylum and protection to be permitted to work while their application is being decided.",NA,"201.2",NA
"Ending the hostile environment",NA,"H",NA
"The hostile environment approach has not only been found at times to be unlawful, it has caused immense suffering for those who have been caught up in it, including the Windrush generation.",NA,"602.2",NA
"Green MPs would campaign to abolish the No Recourse to Public Funds condition that exacerbates social, economic, and racial inequalities.",NA,"602.2",NA
"We would also campaign to abolish the ten-year route to settlement which unfairly traps people in poverty and hardship.",NA,"602.2",NA
"We believe that migration is not a criminal offence under any circumstances and that there should be an end to immigration detention for all migrants unless they are a danger to public safety.",NA,"602.2",NA
"All visa-holding residents should have the right to vote in all elections and referendums.",NA,"201.2",NA
"Fixing a broken system",NA,"H",NA
"We will push to dismantle the dysfunctional Home Office and create a new Department of Migration alongside a Department of Justice, thus separating functions around migration and citizenship from the criminal justice system.",NA,"602.2",NA
"The system of visa applications should be simplified and all applications should be processed swiftly, and with empathy and intelligence.",NA,"602.2",NA
"We would seek the end to the exploitation of people for profit and only charge application fees at cost.",NA,"602.2",NA
"Access to the NHS should be free and comprehensive for migrants with visas.",NA,"504",NA
"Workers, students and families",NA,"H",NA
"We want to attract the best researchers for our universities, the top talent for our start-ups and to welcome those who come to work in our health and social services, on our farms, and in our offices.",NA,"602.2",NA
"Elected Greens will therefore push for migrants, including students, to be allowed to bring members of their family to the UK who would normally live with them in their country of origin, or would do so if it were permitted by law or custom.",NA,"602.2",NA
"Elected Greens will push to remove minimum income requirements from all applications including spousal visas, because all British citizens should have the right to reside with their loved ones no matter their income.",NA,"602.2",NA
"Migration and climate breakdown",NA,"H",NA
"People have always moved in search of better lives, but famine and the increasing conflict in the world is driving an increase in involuntary migration.",NA,"201.2",NA
"As the climate crisis worsens and the impacts on people in marginalised communities become more severe, more people may be forced to leave their homes.",NA,"201.2",NA
"Our proposed significant increase to the overseas aid budget, as well as our policy of supporting lower-income countries to deal with the climate crisis, are vital to ensure people can stay in their home communities,",NA,"107",NA
"but we will also ensure that those who are forced to leave can do so safely and with dignity, without fear or intimidation.",NA,"201.2",NA
"Access to Art, Sport and Culture for All",NA,"H",NA
"Arts, culture and sports are central to people’s enjoyment of life, to their mental and physical wellbeing, and to thriving communities.",NA,"502",NA
"They also make a huge contribution to the UK economy – yet they’ve been increasingly squeezed out of the national curriculum and subjected to savage government cuts that are putting many cultural institutions – libraries, museums, theatres and local arts centres – at risk.",NA,"502",NA
"Meanwhile, our media landscape is skewed by the dominance of billionaire and big-tech ownership, with the owners of media companies seeking to maximise profits by irresponsible practices that undermine democracy and promote harmful online content.",NA,"403",NA
"The Green Party believes we should cherish and support the wellsprings of creativity and wellbeing,",NA,"502",NA
"and that the media sector urgently needs to be reformed.",NA,"403",NA
"Elected Greens will push for effective regulation of both traditional and social media,",NA,"403",NA
"safeguarding our democracy and the spaces for shared cultural expression.",NA,"202.1",NA
"They will also protect local media to support local democracy.",NA,"202.1",NA
"Elected Greens will: Invest £5 bn investment in community sports, arts and culture.",NA,"502",NA
"Support local grassroots sports clubs, music and art venues.",NA,"502",NA
"Implement the 2012 Leveson Report recommendations on cleaning up the media and reinstate the second part of the review.",NA,"403",NA
"Introduce a Digital Bill of Rights that establishes the UK as a leading voice on standards for the rule of law and democracy in digital spaces.",NA,"202.1",NA
"Support the right of people in Wales to use the Welsh language in every area of life.",NA,"607.1",NA
"Local art, sport and culture",NA,"H",NA
"Art, sport and culture are important anchors of well-being in communities, and drivers of regeneration and sustainability.",NA,"502",NA
"Local authorities need to be given the tools to ensure that grassroots participation in art, sport and culture is accessible and thriving.",NA,"502",NA
"To support local culture and sport, elected Greens will campaign to: Invest an extra £5bn over 5 years for local government spending on arts and culture to fund keeping local museums, theatres, libraries and art galleries open and thriving.",NA,"502",NA
"Protect the night-time economy through a review of planning regulations",NA,"502",NA
"and giving local authorities the powers to ensure there is space for cultural life.",NA,"301",NA
"Exempt cultural events, including everything from theatre and museum tickets to gigs in local pubs, from paying VAT.",NA,"502",NA
"Give local authorities discretionary powers to exempt socially and economically essential local enterprises from business rates.",NA,"301",NA
"Ensure that musicians have access to visafree travel to the EU through negotiating a reciprocal arrangement at the earliest possible opportunity.",NA,"502",NA
"Protect school playing fields from development through rigorous planning controls.",NA,"502",NA
"Allow access to school sports facilities by local clubs and teams outside teaching hours to ensure maximum use of a valuable resource.",NA,"502",NA
"Enable local authorities to maintain key sporting infrastructure including pools and playing fields.",NA,"502",NA
"These need to be used across all sections of the community to ensure sport is inclusive.",NA,"503",NA
"Permit local authorities to invest in shares in professional sports clubs which operate in their area as a means of maintaining a connection between the club and its community.",NA,"502",NA
"Any dividends paid to the authority must be reinvested into public sporting facilities or coaching programmes in the area.",NA,"502",NA
"Work cross party to support sports to be more diverse and representative, especially for women and girls and disabled people.",NA,"503",NA
"Media",NA,"H",NA
"Elected Greens will push for rules on media to be tightened so that no individual or company owns more than 20% of a media market.",NA,"403",NA
"We would implement the recommendations of the 2012 Leveson",NA,"403",NA
"Report and reinstate the second part of that crucial review to ensure the UK media are held to the highest ethical standards.",NA,"403",NA
"We will support local media through new grants to encourage the growth of a wider range of civicminded local news publishers.",NA,"502",NA
"Local newspapers in the UK are an important part of our democracy and civic culture yet many are closing or struggling to survive.",NA,"502",NA
"Digital rights",NA,"H",NA
"Elected Greens would push to establish the UK as a leading voice on standards for the rule of law and democracy in digital spaces with a Digital Bill of Rights to ensure independent regulation of social media providers.",NA,"202.1",NA
"This legislation will safeguard elections by responding to the challenges of foreign interference, social media and declining confidence in democracy.",NA,"202.1",NA
"The Digital Bill of Rights will give the public greater control over their data, ensuring UK data protection is as strong as any other regulatory regime.",NA,"202.1",NA
"Given the complexity of this legislation, elected Greens will push for the Bill to be developed through a broad and inclusive public conversation.",NA,"202.1",NA
"The rise of AI is transforming many industries and has enormous potential for good, when well regulated.",NA,"411",NA
"Elected Greens will push for a precautionary regulatory approach to the harms and risk of AI.",NA,"403",NA
"We would align the UK approach with our neighbours in Europe, UNESCO and global efforts to support a coordinated response to future risks of AI.",NA,"108",NA
"We will also aim to secure equitable access to any socially and environmentally responsible benefits these technologies can bring, at the same time as addressing any bias, discrimination, equality, liberty or privacy issues arising from the use of AI.",NA,"503",NA
"We would insist on the protection of the Intellectual Property of artists, writers and musicians and other creators.",NA,"201.2",NA
"We would ensure that AI does not erode the value of human creativity",NA,"502",NA
"and that workers’ rights and interests are respected when AI leads to significant changes in working conditions.",NA,"701",NA
"Bringing Justice to Crime and Policing",NA,"H",NA
"Everyone has the right to feel safe - on the street, in their home or online.",NA,"605.1",NA
"Simple things like more police on the beat and greater support for domestic violence units can make a huge difference.",NA,"605.1",NA
"But Greens recognise it’s time to do more - so we will tackle structural injustice and transform our policing and justice system.",NA,"503",NA
"Green MPs will expand restorative justice when crimes do take place, both to give victims a voice and to help offenders take responsibility for the harm they have done.",NA,"605.2",NA
"We will focus on the prevention of crime through restoring the funding withdrawn from youth services since 2010 and through community-based policing.",NA,"606.1",NA
"We will focus on rehabilitation through investment in the probation and prison services; Greens choose to rebuild people’s lives rather than condemning them to a downward cycle of crime and imprisonment.",NA,"504",NA
"It is a cliché that justice delayed is justice denied, but it is also true.",NA,"605.1",NA
"We would invest in criminal justice so that defendants are brought to trial quickly in the interests of both victim and the people accused.",NA,"605.1",NA
"Elected Greens will work to: Restore trust and confidence in the police.",NA,"605.1",NA
"End violence against women and girls.",NA,"605.1",NA
"Repair and renew our court system with a £2.5bn investment.",NA,"605.1",NA
"Trust and confidence in the police",NA,"H",NA
"We believe in policing by consent, but this can only work if the police can rebuild trust with the communities they serve.",NA,"606.1",NA
"Police Services need to acknowledge the institutional racism, misogyny, homophobia and disablism that have dominated policing for so long.",NA,"503",NA
"They must root out any officers who hold views incompatible with serving as a police officer.",NA,"503",NA
"Many communities, especially Black communities, are disillusioned with the police after experiencing decades of disproportionate policing and traumatising tactics like stop and search and the use of force.",NA,"503",NA
"Rebuilding trust and confidence and earning the consent of communities to being policed is critical for the future of policing.",NA,"606.1",NA
"Police Services should be accountable to elected local government and to the communities where they work.",NA,"606.1",NA
"Elected Greens will push for: An end to the routine use of stop and search",NA,"605.2",NA
"and to the use of facial recognition software.",NA,"605.2",NA
"Police Services to deliver ongoing fitness to practice assessments on diversity for all police officers and relevant civilian staff.",NA,"605.2",NA
"Police and Crime Commissioners, and local councillors on police and crime panels, to have open access to the data needed to enable effective scrutiny of operational policing.",NA,"605.2",NA
"Restorative justice and a practical approach to prosecution",NA,"H",NA
"The Green approach to crime is grounded in a restorative approach and a belief that rehabilitation is the best way to reduce future offending.",NA,"605.2",NA
"Prison is a demonstrably ineffective way of reducing reoffending:",NA,"605.2",NA
"evidence shows that short prison sentences are especially ineffective and lead to higher rates of recidivism.",NA,"605.2",NA
"There are some people who need to be imprisoned for reasons of public safety or the seriousness of their offence.",NA,"605.1",NA
"For others a restorative approach, forcing criminals to take responsibility for the consequences of their actions, is better for the offender, the victim and society at large.",NA,"605.2",NA
"Elected Greens will seek to break the cycle of reoffending through legislating for a presumption against custodial sentences under two years.",NA,"605.2",NA
"The Green Party welcomes the greater emphasis on diversion in the criminal justice system.",NA,"605.2",NA
"Green MPs will ensure that diversion programmes are in place for: All low-level drug and alcohol related offences.",NA,"605.2",NA
"Young offenders arrested for low-level offences.",NA,"605.2",NA
"End domestic abuse and violence against women and girls",NA,"H",NA
"The continuing murder, abuse, harassment and denigration of women and girls is a stain on our society.",NA,"605.1",NA
"It is a Green Party priority to end domestic abuse and violence against women and girls.",NA,"605.1",NA
"Elected Greens will push to: Make misogyny a hate crime across the UK",NA,"605.1",NA
"and increase the police’s capacity to deal with domestic violence.",NA,"605.1",NA
"Develop and implement a new UK-wide strategy to tackle gender-based violence, including domestic violence, rape and sexual abuse, Female Genital Mutilation (FGM), and trafficking.",NA,"605.1",NA
"Ensure that domestic abuse and gender-based violence is a key measurable priority for all police forces",NA,"605.1",NA
"and that all police officers are trained to recognise and tackle domestic violence.",NA,"605.1",NA
"Fund local authorities so that domestic violence, rape crisis and other provision can meet local needs.",NA,"605.1",NA
"Decriminalise sex work.",NA,"605.2",NA
"Tackling the court backlog",NA,"H",NA
"The court system is in chaos and it’s letting down victims and the accused, whilst large numbers of prisoners on remand and endless court cancellations create knock-on effects for the prison and probation services too.",NA,"303",NA
"The Green Party will invest £11bn in restoring the Ministry of Justice budget over the course of the next parliament.",NA,"303",NA
"This would be used to restore legal aid budgets, to ensure that the Criminal Bar is sufficiently well funded and to repair court buildings.",NA,"303",NA
"Elected Greens will push to recruit more judges and to ensure that they are representative of wider society.",NA,"202.1",NA
"A public health approach to tackling violence",NA,"H",NA
"Violence is experienced by communities across the country.",NA,"605.2",NA
"The evidence supporting a public health approach to reducing violence is compelling.",NA,"504",NA
"The Green Party supports the use of violence reduction units and the need for them to be a focus on multi-agency working.",NA,"605.2",NA
"In Scotland, the introduction of violence reduction units, coordinated with the Scottish Government’s control over public services, has delivered a welcome decrease in violence.",NA,"605.2",NA
"Elected Greens will push for more local control over public services",NA,"301",NA
"and more effective joined up working across public services to deliver violence reduction strategies.",NA,"504",NA
"Communities all over the country experience youth violence in particular.",NA,"605.2",NA
"Many of the Green Party’s proposals will, over time, reduce the level of violence affecting young people.",NA,"605.2",NA
"Elected Greens will also campaign to ensure that: Local authorities are properly funded to deliver youth services including the youth workers who play a key role in keeping young people safe.",NA,"504",NA
"Safeguarding is the priority in encounters between young people and the police.",NA,"504",NA
"The use of traumatising tactics like stop and search becomes an exception, not routine.",NA,"605.2",NA
"Children and young people are never strip searched without an appropriate adult present, and only in very exceptional circumstances.",NA,"605.2",NA
"Youth workers rather than police officers work with pupils in schools.",NA,"504",NA
"Reforming drug laws",NA,"H",NA
"Elected Greens will push for the establishment of a National Commission to agree an evidence-based approach to reform of the UK’s counterproductive drug laws.",NA,"605.2",NA
"Neither prohibition nor the policing of low-level drug offences, especially cannabis possession, have reduced use and consequently have had no impact on the size of the criminal market or the profits made by organised crime.",NA,"605.2",NA
"Elected Greens will therefore push to decriminalise personal possession of drugs,",NA,"605.2",NA
"diverting people from the criminal justice system towards support with addiction, housing and employment, from health workers focused on drug harm reduction",NA,"504",NA
"This would free up hundreds of thousands of hours of police time, which could instead be invested in tackling other priorities which benefit wider society.",NA,"605.2",NA
"Building A Fairer, Greener, Safer World",NA,"H",NA
"In a world threatened by war and the rise of authoritarian regimes, the Green Party believes that the UK’s foreign policy should be based on shared commitments to democracy,",NA,"202.1",NA
"peace,",NA,"106",NA
"global solidarity",NA,"107",NA
"and the protection of human rights.",NA,"201.2",NA
"It has never been more important to support the rule of law, including the international law that underpins our rights and protects against state aggression, genocide and the inhuman treatment of refugees.",NA,"201.2",NA
"In a world threatened by climate-driven instability and mass migration, there is an ever-greater need for enlightened leadership and international solidarity.",NA,"107",NA
"The Green Party wants to see the UK: Take the lead in upholding the right to self-determination",NA,"201.1",NA
"and the enforcement of international law.",NA,"107",NA
"Continue to support Ukraine as it resists Russian invasion.",NA,"104",NA
"Work towards reform of the European security architecture and disarmament,",NA,"105",NA
"based on shared commitments to democracy and mutual transparency.",NA,"202.1",NA
"Rejoin and play its full part in the family of nations that is the European Union, as soon as possible",NA,"108",NA
"Israel and Palestine",NA,"H",NA
"The Green Party has been calling for an immediate bilateral ceasefire in the war between Israel and Gaza",NA,"105",NA
"and the return of hostages since mid-October 2023.",NA,"105",NA
"We condemned the appalling murder of hundreds of Israeli civilians by Hamas on 7 October and for which Hamas should be held to account,",NA,"105",NA
"and since then have watched in horror as Israeli forces have committed war crimes that have caused the deaths of tens of thousands of Palestinian civilians.",NA,"105",NA
"Green MPs will push for: An immediate and permanent bilateral ceasefire.",NA,"105",NA
"A durable political solution that ensures security and equal rights for Israelis and Palestinians.",NA,"106",NA
"This is the only way to achieve long-term security for the people of Palestine and Israel.",NA,"106",NA
"Recognition of the state of Palestine",NA,"106",NA
"and an urgent international effort to end the illegal occupation of Palestinian land.",NA,"106",NA
"Investigation and prosecution of war crimes.",NA,"105",NA
"We believe there is strong evidence to support South Africa’s submission to the International Court of Justice that Israel is guilty of genocide in its conduct in Gaza.",NA,"105",NA
"An end to all UK arms exports to and military cooperation with Israel, which make the British government complicit in these war crimes.",NA,"105",NA
"Climate diplomacy and overseas aid",NA,"H",NA
"The UK carries a particular responsibility for its high share of historic global emissions and as a former colonial power.",NA,"107",NA
"In recognition of the importance of supporting countries in the Global South to decarbonise their economies and be resilient to climate impacts, Greens would ensure that the UK’s existing climate finance commitments are delivered in full and are genuinely new and additional to aid spending.",NA,"107",NA
"Elected Greens would push for the UK to: Go beyond restoring international aid to 0.7% of GNI, raising this to 1% by 2033.",NA,"107",NA
"Increase the climate finance budget to 1.5% of GNI by 2033,",NA,"501",NA
"with an additional contribution to a newly established Loss and Damage Fund in order to help climate vulnerable countries to respond to increasingly severe storms, floods and rising temperatures.",NA,"107",NA
"Support a new international law against ecocide and stand with those protecting biodiversity globally, including indigenous peoples.",NA,"107",NA
"Enable the people of the Global South to take the lead on how aid is spent, as those with most at stake know best how to solve their problems.",NA,"107",NA
"In some cases, this may mean direct support to affected populations rather than working through authoritarian or corrupt governments.",NA,"107",NA
"Establish a Parliamentary Commission of Inquiry for Truth and Reparatory Justice to address reparations needed to redress global inequalities caused by the trans-Atlantic trafficking of enslaved Africans.",NA,"107",NA
"Work within international frameworks and with international partners to remove the burden of debt from the Global South.",NA,"107",NA
"Make finance and technology available to support the development of environmentally and socially sustainable economies of low-income countries to tackle the causes and impacts of the climate and nature emergencies.",NA,"107",NA
"International Trade",NA,"H",NA
"Green MPs will campaign to end the current practice of parallel judicial systems in trade and investment agreements, which allow companies to sue governments secretly for billions.",NA,"107",NA
"These mechanisms give too much power to corporations at the expense of democracy, the environment and human rights.",NA,"107",NA
"Elected Greens will fight to ensure that all new trade agreements: Respect workers’",NA,"701",NA
"and consumers’ rights.",NA,"403",NA
"Meet UK animal protection and environmental standards.",NA,"501",NA
"Elected Greens will also seek to leverage the United Kingdom’s position as a centre of financial services to ensure that this industry plays a key role in financing the transition to an environmentally sustainable carbon-neutral global economy.",NA,"416.2",NA
"Britain’s future in Europe",NA,"H",NA
"The Green Party is pro-European, and proudly so.",NA,"108",NA
"We opposed UK withdrawal from the EU, and believe that Britain would be better off politically, socially, environmentally and economically had we maintained our EU membership.",NA,"108",NA
"A united international response to global issues is needed now more than ever.",NA,"107",NA
"Full membership of the EU remains the best option for the UK.",NA,"108",NA
"Green MPs will work towards: Re-joining the EU as soon as the domestic political situation is favourable and EU member states are willing.",NA,"108",NA
"Joining the Customs Union as a first step towards full EU membership, and a way of resolving many of the worst problems resulting from Brexit.",NA,"108",NA
"A speedy return to the free movement of people between the UK and the EU, including reciprocal rights to work for both UK and European citizens.",NA,"108",NA
"Rejoining the Erasmus Programme, which enables students to study for a year in another European country.",NA,"108",NA
"NATO and nuclear weapons",NA,"H",NA
"Most of the world’s countries do not possess weapons of mass destruction and are safer as a result.",NA,"105",NA
"Elected Greens will: Push for the UK to sign the UN Treaty on the Prohibition of Nuclear Weapons (TPNW),",NA,"105",NA
"and following this to begin immediately the process of dismantling our nuclear weapons,",NA,"105",NA
"cancelling the Trident programme",NA,"105",NA
"and removing all foreign nuclear weapons from UK soil.",NA,"105",NA
"Work with international partners to enlarge membership of the TPNW",NA,"107",NA
"and ensure that all states meet their commitments under the Nuclear Non-Proliferation Treaty.",NA,"105",NA
"Work to support and enhance the work of the Organisation for Security and Co-operation in Europe (OSCE) on arms control and the building of mutual trust and confidence.",NA,"105",NA
"The Green Party recognises that NATO has an important role in ensuring the ability of its member states to respond to threats to their security.",NA,"104",NA
"We support the principle of international solidarity, whereby nations support one another through mutual defence alliances and multilateral security frameworks.",NA,"104",NA
"However, that doesn’t mean we think NATO is perfect—far from it.",NA,"105",NA
"We will work within NATO for a greater focus on outreach and dialogue to support global peacebuilding, based on democratic and inclusive values.",NA,"106",NA
"We want to see crucial reforms to the way NATO operates, that include:",NA,"105",NA
"First and foremost a commitment to a ‘No First Use’ of nuclear weapons.",NA,"105",NA
"Diplomacy and practical co-operation must always take precedence over military action.",NA,"105",NA
"We want to see much greater emphasis on the alliance’s efforts to encourage dialogue to support global peace-building.",NA,"106",NA
"NATO must act solely in defence of member states.",NA,"605.2",NA
"Statistical Appendix",NA,"H",NA
"These are our best estimates of what needs to be added to total public expenditure in the next",NA,NA,NA
"spending review to fund the policies set out in this Manifesto.",NA,NA,NA
"The estimates are for the five years starting on 1st April 2025.",NA,NA,NA
"The baseline for this forecast is the OBR March 2024 projection.",NA,NA,NA
"Year ended 31 March 2026 2027 2028 2029 2030 £bn £bn £bn £bn £bn",NA,NA,NA
"Revenue spending Health and social care 30.7 35.4 40.6 46.4 52.9 Income support 17.6 23.0 25.1 27.2 29.4 Nature, food and farming 3.6 4.2 4.5 4.5 4.5 Education 13.9 13.4 12.9 13.2 13.6 Transport 5.7 10.5 10.8 11.9 14.6 Overseas aid 8.3 12.2 16.1 20.1 24.0 Other (1) 19.4 21.2 21.3 21.7 22.6 99.2 119.8 131.4 145.1 161.6 Capital spending Health and education 9.2 6.6 6.6 6.6 6.6 Green economic transformation 9.9 19.1 46.7 56.7 72.6 Social housing 2.2 4.6 5.8 10.5 18.1 Other (2) 7.0 16.5 6.7 6.8 6.9 Savings (3) -5.6 -6.8 -9.2 -11.6 -13.9 22.8 40.0 56.6 69.0 90.3 Taxation",NA,NA,NA
"Taxes on personal income and wealth 28.5 65.3 68.9 71.9 72.9 Business taxes 7.0 9.1 9.5 9.6 8.2 Carbon taxes 1.2 40.6 57.0 69.7 91.3 36.7 115.1 135.4 151.2 172.4 Deficit - funded by additional debt 85.3 44.7 52.6 62.9 79.5 Notes",NA,NA,NA
"1.",NA,NA,NA
"Includes debt interest and increased spending in Wales, Scotland and Northern Ireland on devolved function.. 2. 2027 includes £10bn funding for regional banks.",NA,NA,NA
"3. Includes savings from cancellation of Trident replacement and reduction in road building.",NA,NA,NA
"4. These estimates are part of a 10-year programme.",NA,NA,NA
"What is achievable in the first five years may be constrained by inflation risks and supply-side shortages.",NA,NA,NA
"Vote Hope.",NA,"H",NA
"Vote Change.",NA,"H",NA
"Vote Green.",NA,"H",NA
"The Green Party has been going from strength to strength.",NA,NA,NA
"We find that when you tell the truth, aim high, and offer hope, voters respond.",NA,NA,NA
"We are now represented on 170 councils nationwide and part of the administration on 42 councils.",NA,NA,NA
"We have increased our number of councillors fivefold in the past five years.",NA,NA,NA
"They are using the power given to them by your vote to build fairer, greener communities.",NA,NA,NA
"In this election we are aiming high: we are standing in more seats than ever before and we are aiming to win more votes than ever before and to significantly increase our number of MPs’.",NA,NA,NA
"We need those MPs to keep climate at the top ofgovernment agenda, to resist further privatisation of public services, to make sure that the country sees the investment that we need to mend so much that is broken.",NA,NA,NA
"Now, it’s over to you.",NA,NA,NA
"You can choose a fairer future for us all.",NA,NA,NA
"Vote for real hope and real change.",NA,NA,NA
"Vote Green.",NA,NA,NA
